
> frontend@0.1.0 dev
> next dev

⚠ Port 3000 is in use by process 44253, using available port 3001 instead.
▲ Next.js 16.2.3 (Turbopack)
- Local:         http://localhost:3001
- Network:       http://192.168.1.96:3001
✓ Ready in 306ms
⚠ Warning: Next.js inferred your workspace root, but it may not be correct.
 We detected multiple lockfiles and selected the directory of /Users/juanvidalp/package-lock.json as the root directory.
 To silence this warning, set `turbopack.root` in your Next.js config, or consider removing one of the lockfiles if it's not needed.
   See https://nextjs.org/docs/app/api-reference/config/next-config-js/turbopack#root-directory for more information.
 Detected additional lockfiles: 
   * /Users/juanvidalp/Documents/REMUNERACIONES 2026/frontend/package-lock.json


 GET /consolidados/1 200 in 543ms (next.js: 382ms, application-code: 160ms)
✓ Compiled in 548ms
 GET /funcionarios 200 in 148ms (next.js: 97ms, application-code: 51ms)
 GET /importar 200 in 181ms (next.js: 125ms, application-code: 57ms)
 GET /funcionarios 200 in 24ms (next.js: 3ms, application-code: 21ms)
 GET /reportes 404 in 60ms (next.js: 30ms, application-code: 30ms)
 GET /reportes 404 in 65ms (next.js: 11ms, application-code: 55ms)
 GET /funcionarios 200 in 20ms (next.js: 3ms, application-code: 16ms)
 GET /consolidados 200 in 61ms (next.js: 36ms, application-code: 25ms)
 GET / 200 in 53ms (next.js: 29ms, application-code: 24ms)
 GET /consolidados 200 in 64ms (next.js: 22ms, application-code: 42ms)
 GET /consolidados/1 200 in 37ms (next.js: 24ms, application-code: 13ms)
✓ Compiled in 1214ms
 GET /consolidados/1 200 in 1410ms (next.js: 211ms, application-code: 1199ms)
 GET /consolidados/1 200 in 997ms (next.js: 17ms, application-code: 981ms)
 GET /consolidados/1 200 in 74ms (next.js: 7ms, application-code: 67ms)
 GET /consolidados/1 200 in 35ms (next.js: 1799µs, application-code: 33ms)
✓ Compiled in 96ms
 GET /consolidados/1 200 in 164ms (next.js: 25ms, application-code: 139ms)
 GET /consolidados/1 200 in 164ms (next.js: 12ms, application-code: 152ms)
 GET /consolidados/1 200 in 85ms (next.js: 15ms, application-code: 70ms)
 GET /consolidados/1 200 in 39ms (next.js: 1077µs, application-code: 38ms)
 GET /consolidados/1 200 in 48ms (next.js: 1055µs, application-code: 47ms)
 GET /consolidados/1 200 in 31ms (next.js: 1612µs, application-code: 30ms)
✓ Compiled in 527ms
 GET /consolidados/1 200 in 230ms (next.js: 115ms, application-code: 114ms)
 GET /consolidados/1 200 in 24ms (next.js: 1848µs, application-code: 22ms)
 GET /consolidados/1 200 in 216ms (next.js: 25ms, application-code: 190ms)
✓ Compiled in 434ms
⨯ ./Documents/REMUNERACIONES 2026/frontend/src/app/consolidados/[id]/page.tsx:863:1
Unexpected token. Did you mean `{'}'}` or `&rbrace;`?
  [90m861 |[0m     </div>
  [90m862 |[0m   );
[31m[1m>[0m [90m863 |[0m }
  [90m    |[0m [31m[1m^[0m
  [90m864 |[0m

Parsing ecmascript source code failed

Import traces:
  Client Component Browser:
    ./Documents/REMUNERACIONES 2026/frontend/src/app/consolidados/[id]/page.tsx [Client Component Browser]
    ./Documents/REMUNERACIONES 2026/frontend/src/app/consolidados/[id]/page.tsx [Server Component]

  Client Component SSR:
    ./Documents/REMUNERACIONES 2026/frontend/src/app/consolidados/[id]/page.tsx [Client Component SSR]
    ./Documents/REMUNERACIONES 2026/frontend/src/app/consolidados/[id]/page.tsx [Server Component]


[browser] ./Documents/REMUNERACIONES 2026/frontend/src/app/consolidados/[id]/page.tsx:863:1
Unexpected token. Did you mean `{'}'}` or `&rbrace;`?
  861 |     </div>
  862 |   );
> 863 | }
      | ^
  864 |

Parsing ecmascript source code failed

Import traces:
  Client Component Browser:
    ./Documents/REMUNERACIONES 2026/frontend/src/app/consolidados/[id]/page.tsx [Client Component Browser]
    ./Documents/REMUNERACIONES 2026/frontend/src/app/consolidados/[id]/page.tsx [Server Component]

  Client Component SSR:
    ./Documents/REMUNERACIONES 2026/frontend/src/app/consolidados/[id]/page.tsx [Client Component SSR]
    ./Documents/REMUNERACIONES 2026/frontend/src/app/consolidados/[id]/page.tsx [Server Component] 
[browser] ./Documents/REMUNERACIONES 2026/frontend/src/app/consolidados/[id]/page.tsx:863:1
Unexpected token. Did you mean `{'}'}` or `&rbrace;`?
  861 |     </div>
  862 |   );
> 863 | }
      | ^
  864 |

Parsing ecmascript source code failed

Import traces:
  Client Component Browser:
    ./Documents/REMUNERACIONES 2026/frontend/src/app/consolidados/[id]/page.tsx [Client Component Browser]
    ./Documents/REMUNERACIONES 2026/frontend/src/app/consolidados/[id]/page.tsx [Server Component]

  Client Component SSR:
    ./Documents/REMUNERACIONES 2026/frontend/src/app/consolidados/[id]/page.tsx [Client Component SSR]
    ./Documents/REMUNERACIONES 2026/frontend/src/app/consolidados/[id]/page.tsx [Server Component] 
[browser] ./Documents/REMUNERACIONES 2026/frontend/src/app/consolidados/[id]/page.tsx:863:1
Unexpected token. Did you mean `{'}'}` or `&rbrace;`?
  861 |     </div>
  862 |   );
> 863 | }
      | ^
  864 |

Parsing ecmascript source code failed

Import traces:
  Client Component Browser:
    ./Documents/REMUNERACIONES 2026/frontend/src/app/consolidados/[id]/page.tsx [Client Component Browser]
    ./Documents/REMUNERACIONES 2026/frontend/src/app/consolidados/[id]/page.tsx [Server Component]

  Client Component SSR:
    ./Documents/REMUNERACIONES 2026/frontend/src/app/consolidados/[id]/page.tsx [Client Component SSR]
    ./Documents/REMUNERACIONES 2026/frontend/src/app/consolidados/[id]/page.tsx [Server Component] 
 GET /consolidados/1 500 in 254ms (next.js: 142ms, application-code: 112ms)
⨯ ./Documents/REMUNERACIONES 2026/frontend/src/app/consolidados/[id]/page.tsx:863:1
Unexpected token. Did you mean `{'}'}` or `&rbrace;`?
  [90m861 |[0m     </div>
  [90m862 |[0m   );
[31m[1m>[0m [90m863 |[0m }
  [90m    |[0m [31m[1m^[0m
  [90m864 |[0m

Parsing ecmascript source code failed

Import traces:
  Client Component Browser:
    ./Documents/REMUNERACIONES 2026/frontend/src/app/consolidados/[id]/page.tsx [Client Component Browser]
    ./Documents/REMUNERACIONES 2026/frontend/src/app/consolidados/[id]/page.tsx [Server Component]

  Client Component SSR:
    ./Documents/REMUNERACIONES 2026/frontend/src/app/consolidados/[id]/page.tsx [Client Component SSR]
    ./Documents/REMUNERACIONES 2026/frontend/src/app/consolidados/[id]/page.tsx [Server Component]


 GET /consolidados/1 500 in 25ms (next.js: 17ms, application-code: 8ms)
[browser] Uncaught Error: ./Documents/REMUNERACIONES 2026/frontend/src/app/consolidados/[id]/page.tsx:863:1
Unexpected token. Did you mean `{'}'}` or `&rbrace;`?
  861 |     </div>
  862 |   );
> 863 | }
      | ^
  864 |

Parsing ecmascript source code failed

Import traces:
  Client Component Browser:
    ./Documents/REMUNERACIONES 2026/frontend/src/app/consolidados/[id]/page.tsx [Client Component Browser]
    ./Documents/REMUNERACIONES 2026/frontend/src/app/consolidados/[id]/page.tsx [Server Component]

  Client Component SSR:
    ./Documents/REMUNERACIONES 2026/frontend/src/app/consolidados/[id]/page.tsx [Client Component SSR]
    ./Documents/REMUNERACIONES 2026/frontend/src/app/consolidados/[id]/page.tsx [Server Component]


    at <unknown> (Error: ./Documents/REMUNERACIONES 2026/frontend/src/app/consolidados/[id]/page.tsx:863:1)
    at <unknown> (Error: (./Documents/REMUNERACIONES 2026/frontend/src/app/consolidados/[id]/page.tsx:863:1)
[browser] ./Documents/REMUNERACIONES 2026/frontend/src/app/consolidados/[id]/page.tsx:863:1
Unexpected token. Did you mean `{'}'}` or `&rbrace;`?
  861 |     </div>
  862 |   );
> 863 | }
      | ^
  864 |

Parsing ecmascript source code failed

Import traces:
  Client Component Browser:
    ./Documents/REMUNERACIONES 2026/frontend/src/app/consolidados/[id]/page.tsx [Client Component Browser]
    ./Documents/REMUNERACIONES 2026/frontend/src/app/consolidados/[id]/page.tsx [Server Component]

  Client Component SSR:
    ./Documents/REMUNERACIONES 2026/frontend/src/app/consolidados/[id]/page.tsx [Client Component SSR]
    ./Documents/REMUNERACIONES 2026/frontend/src/app/consolidados/[id]/page.tsx [Server Component] 
[browser] ./Documents/REMUNERACIONES 2026/frontend/src/app/consolidados/[id]/page.tsx:863:1
Unexpected token. Did you mean `{'}'}` or `&rbrace;`?
  861 |     </div>
  862 |   );
> 863 | }
      | ^
  864 |

Parsing ecmascript source code failed

Import traces:
  Client Component Browser:
    ./Documents/REMUNERACIONES 2026/frontend/src/app/consolidados/[id]/page.tsx [Client Component Browser]
    ./Documents/REMUNERACIONES 2026/frontend/src/app/consolidados/[id]/page.tsx [Server Component]

  Client Component SSR:
    ./Documents/REMUNERACIONES 2026/frontend/src/app/consolidados/[id]/page.tsx [Client Component SSR]
    ./Documents/REMUNERACIONES 2026/frontend/src/app/consolidados/[id]/page.tsx [Server Component] 
[browser] ./Documents/REMUNERACIONES 2026/frontend/src/app/consolidados/[id]/page.tsx:865:1
Unexpected token. Did you mean `{'}'}` or `&rbrace;`?
  863 |     </div>
  864 |   );
> 865 | }
      | ^
  866 |

Parsing ecmascript source code failed

Import traces:
  Client Component Browser:
    ./Documents/REMUNERACIONES 2026/frontend/src/app/consolidados/[id]/page.tsx [Client Component Browser]
    ./Documents/REMUNERACIONES 2026/frontend/src/app/consolidados/[id]/page.tsx [Server Component]

  Client Component SSR:
    ./Documents/REMUNERACIONES 2026/frontend/src/app/consolidados/[id]/page.tsx [Client Component SSR]
    ./Documents/REMUNERACIONES 2026/frontend/src/app/consolidados/[id]/page.tsx [Server Component] 
✓ Compiled in 123ms
 GET /consolidados/1 200 in 410ms (next.js: 143ms, application-code: 267ms)
 GET /consolidados/1 200 in 69ms (next.js: 24ms, application-code: 45ms)
 GET /consolidados/1 200 in 43ms (next.js: 14ms, application-code: 28ms)
✓ Compiled in 147ms
 GET /consolidados/1 200 in 151ms (next.js: 53ms, application-code: 98ms)
 GET / 200 in 349ms (next.js: 180ms, application-code: 169ms)
 GET /consolidados/1 200 in 386ms (next.js: 45ms, application-code: 341ms)
 GET / 200 in 176ms (next.js: 25ms, application-code: 151ms)
 GET /consolidados/1 200 in 263ms (next.js: 43ms, application-code: 220ms)
✓ Compiled in 430ms
 GET / 200 in 108ms (next.js: 41ms, application-code: 67ms)
 GET /consolidados 200 in 197ms (next.js: 103ms, application-code: 94ms)
 GET /consolidados/1 200 in 163ms (next.js: 41ms, application-code: 122ms)
 GET /consolidados/1 200 in 78ms (next.js: 13ms, application-code: 65ms)
 GET /consolidados 200 in 205ms (next.js: 21ms, application-code: 184ms)
 GET /consolidados/1 200 in 289ms (next.js: 22ms, application-code: 267ms)
 GET /consolidados 200 in 440ms (next.js: 24ms, application-code: 417ms)
 GET /consolidados/1 200 in 183ms (next.js: 73ms, application-code: 110ms)
✓ Compiled in 1066ms
[browser] ./Documents/REMUNERACIONES 2026/frontend/src/app/globals.css
Error evaluating Node.js code
CssSyntaxError: /Users/juanvidalp/Documents/REMUNERACIONES 2026/frontend/src/app/globals.css:32:1: Unexpected }
    [at error (turbopack:///[project]/Documents/REMUNERACIONES 2026/frontend/node_modules/postcss/lib/input.js:135:16)]
    [at unexpectedClose (turbopack:///[project]/Documents/REMUNERACIONES 2026/frontend/node_modules/postcss/lib/parser.js:587:22)]
    [at end (turbopack:///[project]/Documents/REMUNERACIONES 2026/frontend/node_modules/postcss/lib/parser.js:330:12)]
    [at parse (turbopack:///[project]/Documents/REMUNERACIONES 2026/frontend/node_modules/postcss/lib/parser.js:456:16)]
    [at parser (turbopack:///[project]/Documents/REMUNERACIONES 2026/frontend/node_modules/postcss/lib/parse.js:11:12)]
    [at new LazyResult (turbopack:///[project]/Documents/REMUNERACIONES 2026/frontend/node_modules/postcss/lib/lazy-result.js:165:16)]
    [at process (turbopack:///[project]/Documents/REMUNERACIONES 2026/frontend/node_modules/postcss/lib/processor.js:53:14)]
    [at transform (turbopack:///[turbopack-node]/transforms/postcss.ts:70:51)]
    [at run (turbopack:///[turbopack-node]/child_process/evaluate.ts:89:29)]
    [at run (turbopack:///[turbopack-node]/child_process/evaluate.ts:112:11)]

Import trace:
  Client Component Browser:
    ./Documents/REMUNERACIONES 2026/frontend/src/app/globals.css [Client Component Browser]
    ./Documents/REMUNERACIONES 2026/frontend/src/app/layout.tsx [Server Component] 
[browser] ./Documents/REMUNERACIONES 2026/frontend/src/app/globals.css
Error evaluating Node.js code
CssSyntaxError: /Users/juanvidalp/Documents/REMUNERACIONES 2026/frontend/src/app/globals.css:32:1: Unexpected }
    [at error (turbopack:///[project]/Documents/REMUNERACIONES 2026/frontend/node_modules/postcss/lib/input.js:135:16)]
    [at unexpectedClose (turbopack:///[project]/Documents/REMUNERACIONES 2026/frontend/node_modules/postcss/lib/parser.js:587:22)]
    [at end (turbopack:///[project]/Documents/REMUNERACIONES 2026/frontend/node_modules/postcss/lib/parser.js:330:12)]
    [at parse (turbopack:///[project]/Documents/REMUNERACIONES 2026/frontend/node_modules/postcss/lib/parser.js:456:16)]
    [at parser (turbopack:///[project]/Documents/REMUNERACIONES 2026/frontend/node_modules/postcss/lib/parse.js:11:12)]
    [at new LazyResult (turbopack:///[project]/Documents/REMUNERACIONES 2026/frontend/node_modules/postcss/lib/lazy-result.js:165:16)]
    [at process (turbopack:///[project]/Documents/REMUNERACIONES 2026/frontend/node_modules/postcss/lib/processor.js:53:14)]
    [at transform (turbopack:///[turbopack-node]/transforms/postcss.ts:70:51)]
    [at run (turbopack:///[turbopack-node]/child_process/evaluate.ts:89:29)]
    [at run (turbopack:///[turbopack-node]/child_process/evaluate.ts:112:11)]

Import trace:
  Client Component Browser:
    ./Documents/REMUNERACIONES 2026/frontend/src/app/globals.css [Client Component Browser]
    ./Documents/REMUNERACIONES 2026/frontend/src/app/layout.tsx [Server Component] 
[browser] ./Documents/REMUNERACIONES 2026/frontend/src/app/globals.css
Error evaluating Node.js code
CssSyntaxError: /Users/juanvidalp/Documents/REMUNERACIONES 2026/frontend/src/app/globals.css:32:1: Unexpected }
    [at error (turbopack:///[project]/Documents/REMUNERACIONES 2026/frontend/node_modules/postcss/lib/input.js:135:16)]
    [at unexpectedClose (turbopack:///[project]/Documents/REMUNERACIONES 2026/frontend/node_modules/postcss/lib/parser.js:587:22)]
    [at end (turbopack:///[project]/Documents/REMUNERACIONES 2026/frontend/node_modules/postcss/lib/parser.js:330:12)]
    [at parse (turbopack:///[project]/Documents/REMUNERACIONES 2026/frontend/node_modules/postcss/lib/parser.js:456:16)]
    [at parser (turbopack:///[project]/Documents/REMUNERACIONES 2026/frontend/node_modules/postcss/lib/parse.js:11:12)]
    [at new LazyResult (turbopack:///[project]/Documents/REMUNERACIONES 2026/frontend/node_modules/postcss/lib/lazy-result.js:165:16)]
    [at process (turbopack:///[project]/Documents/REMUNERACIONES 2026/frontend/node_modules/postcss/lib/processor.js:53:14)]
    [at transform (turbopack:///[turbopack-node]/transforms/postcss.ts:70:51)]
    [at run (turbopack:///[turbopack-node]/child_process/evaluate.ts:89:29)]
    [at run (turbopack:///[turbopack-node]/child_process/evaluate.ts:112:11)]

Import trace:
  Client Component Browser:
    ./Documents/REMUNERACIONES 2026/frontend/src/app/globals.css [Client Component Browser]
    ./Documents/REMUNERACIONES 2026/frontend/src/app/layout.tsx [Server Component] 
✓ Compiled in 348ms
[browser] ./Documents/REMUNERACIONES 2026/frontend/src/app/globals.css
Error evaluating Node.js code
CssSyntaxError: /Users/juanvidalp/Documents/REMUNERACIONES 2026/frontend/src/app/globals.css:32:1: Unexpected }
    [at error (turbopack:///[project]/Documents/REMUNERACIONES 2026/frontend/node_modules/postcss/lib/input.js:135:16)]
    [at unexpectedClose (turbopack:///[project]/Documents/REMUNERACIONES 2026/frontend/node_modules/postcss/lib/parser.js:587:22)]
    [at end (turbopack:///[project]/Documents/REMUNERACIONES 2026/frontend/node_modules/postcss/lib/parser.js:330:12)]
    [at parse (turbopack:///[project]/Documents/REMUNERACIONES 2026/frontend/node_modules/postcss/lib/parser.js:456:16)]
    [at parser (turbopack:///[project]/Documents/REMUNERACIONES 2026/frontend/node_modules/postcss/lib/parse.js:11:12)]
    [at new LazyResult (turbopack:///[project]/Documents/REMUNERACIONES 2026/frontend/node_modules/postcss/lib/lazy-result.js:165:16)]
    [at process (turbopack:///[project]/Documents/REMUNERACIONES 2026/frontend/node_modules/postcss/lib/processor.js:53:14)]
    [at transform (turbopack:///[turbopack-node]/transforms/postcss.ts:70:51)]
    [at run (turbopack:///[turbopack-node]/child_process/evaluate.ts:89:29)]
    [at run (turbopack:///[turbopack-node]/child_process/evaluate.ts:112:11)]

Import trace:
  Client Component Browser:
    ./Documents/REMUNERACIONES 2026/frontend/src/app/globals.css [Client Component Browser]
    ./Documents/REMUNERACIONES 2026/frontend/src/app/layout.tsx [Server Component] 
[browser] ./Documents/REMUNERACIONES 2026/frontend/src/app/globals.css
Error evaluating Node.js code
CssSyntaxError: /Users/juanvidalp/Documents/REMUNERACIONES 2026/frontend/src/app/globals.css:32:1: Unexpected }
    [at error (turbopack:///[project]/Documents/REMUNERACIONES 2026/frontend/node_modules/postcss/lib/input.js:135:16)]
    [at unexpectedClose (turbopack:///[project]/Documents/REMUNERACIONES 2026/frontend/node_modules/postcss/lib/parser.js:587:22)]
    [at end (turbopack:///[project]/Documents/REMUNERACIONES 2026/frontend/node_modules/postcss/lib/parser.js:330:12)]
    [at parse (turbopack:///[project]/Documents/REMUNERACIONES 2026/frontend/node_modules/postcss/lib/parser.js:456:16)]
    [at parser (turbopack:///[project]/Documents/REMUNERACIONES 2026/frontend/node_modules/postcss/lib/parse.js:11:12)]
    [at new LazyResult (turbopack:///[project]/Documents/REMUNERACIONES 2026/frontend/node_modules/postcss/lib/lazy-result.js:165:16)]
    [at process (turbopack:///[project]/Documents/REMUNERACIONES 2026/frontend/node_modules/postcss/lib/processor.js:53:14)]
    [at transform (turbopack:///[turbopack-node]/transforms/postcss.ts:70:51)]
    [at run (turbopack:///[turbopack-node]/child_process/evaluate.ts:89:29)]
    [at run (turbopack:///[turbopack-node]/child_process/evaluate.ts:112:11)]

Import trace:
  Client Component Browser:
    ./Documents/REMUNERACIONES 2026/frontend/src/app/globals.css [Client Component Browser]
    ./Documents/REMUNERACIONES 2026/frontend/src/app/layout.tsx [Server Component] 
[browser] ./Documents/REMUNERACIONES 2026/frontend/src/app/globals.css
Error evaluating Node.js code
CssSyntaxError: /Users/juanvidalp/Documents/REMUNERACIONES 2026/frontend/src/app/globals.css:32:1: Unexpected }
    [at error (turbopack:///[project]/Documents/REMUNERACIONES 2026/frontend/node_modules/postcss/lib/input.js:135:16)]
    [at unexpectedClose (turbopack:///[project]/Documents/REMUNERACIONES 2026/frontend/node_modules/postcss/lib/parser.js:587:22)]
    [at end (turbopack:///[project]/Documents/REMUNERACIONES 2026/frontend/node_modules/postcss/lib/parser.js:330:12)]
    [at parse (turbopack:///[project]/Documents/REMUNERACIONES 2026/frontend/node_modules/postcss/lib/parser.js:456:16)]
    [at parser (turbopack:///[project]/Documents/REMUNERACIONES 2026/frontend/node_modules/postcss/lib/parse.js:11:12)]
    [at new LazyResult (turbopack:///[project]/Documents/REMUNERACIONES 2026/frontend/node_modules/postcss/lib/lazy-result.js:165:16)]
    [at process (turbopack:///[project]/Documents/REMUNERACIONES 2026/frontend/node_modules/postcss/lib/processor.js:53:14)]
    [at transform (turbopack:///[turbopack-node]/transforms/postcss.ts:70:51)]
    [at run (turbopack:///[turbopack-node]/child_process/evaluate.ts:89:29)]
    [at run (turbopack:///[turbopack-node]/child_process/evaluate.ts:112:11)]

Import trace:
  Client Component Browser:
    ./Documents/REMUNERACIONES 2026/frontend/src/app/globals.css [Client Component Browser]
    ./Documents/REMUNERACIONES 2026/frontend/src/app/layout.tsx [Server Component] 
[browser] ./Documents/REMUNERACIONES 2026/frontend/src/app/globals.css
Error evaluating Node.js code
CssSyntaxError: /Users/juanvidalp/Documents/REMUNERACIONES 2026/frontend/src/app/globals.css:32:1: Unexpected }
    [at error (turbopack:///[project]/Documents/REMUNERACIONES 2026/frontend/node_modules/postcss/lib/input.js:135:16)]
    [at unexpectedClose (turbopack:///[project]/Documents/REMUNERACIONES 2026/frontend/node_modules/postcss/lib/parser.js:587:22)]
    [at end (turbopack:///[project]/Documents/REMUNERACIONES 2026/frontend/node_modules/postcss/lib/parser.js:330:12)]
    [at parse (turbopack:///[project]/Documents/REMUNERACIONES 2026/frontend/node_modules/postcss/lib/parser.js:456:16)]
    [at parser (turbopack:///[project]/Documents/REMUNERACIONES 2026/frontend/node_modules/postcss/lib/parse.js:11:12)]
    [at new LazyResult (turbopack:///[project]/Documents/REMUNERACIONES 2026/frontend/node_modules/postcss/lib/lazy-result.js:165:16)]
    [at process (turbopack:///[project]/Documents/REMUNERACIONES 2026/frontend/node_modules/postcss/lib/processor.js:53:14)]
    [at transform (turbopack:///[turbopack-node]/transforms/postcss.ts:70:51)]
    [at run (turbopack:///[turbopack-node]/child_process/evaluate.ts:89:29)]
    [at run (turbopack:///[turbopack-node]/child_process/evaluate.ts:112:11)]

Import trace:
  Client Component Browser:
    ./Documents/REMUNERACIONES 2026/frontend/src/app/globals.css [Client Component Browser]
    ./Documents/REMUNERACIONES 2026/frontend/src/app/layout.tsx [Server Component] 
[browser] ./Documents/REMUNERACIONES 2026/frontend/src/app/globals.css
Error evaluating Node.js code
CssSyntaxError: /Users/juanvidalp/Documents/REMUNERACIONES 2026/frontend/src/app/globals.css:32:1: Unexpected }
    [at error (turbopack:///[project]/Documents/REMUNERACIONES 2026/frontend/node_modules/postcss/lib/input.js:135:16)]
    [at unexpectedClose (turbopack:///[project]/Documents/REMUNERACIONES 2026/frontend/node_modules/postcss/lib/parser.js:587:22)]
    [at end (turbopack:///[project]/Documents/REMUNERACIONES 2026/frontend/node_modules/postcss/lib/parser.js:330:12)]
    [at parse (turbopack:///[project]/Documents/REMUNERACIONES 2026/frontend/node_modules/postcss/lib/parser.js:456:16)]
    [at parser (turbopack:///[project]/Documents/REMUNERACIONES 2026/frontend/node_modules/postcss/lib/parse.js:11:12)]
    [at new LazyResult (turbopack:///[project]/Documents/REMUNERACIONES 2026/frontend/node_modules/postcss/lib/lazy-result.js:165:16)]
    [at process (turbopack:///[project]/Documents/REMUNERACIONES 2026/frontend/node_modules/postcss/lib/processor.js:53:14)]
    [at transform (turbopack:///[turbopack-node]/transforms/postcss.ts:70:51)]
    [at run (turbopack:///[turbopack-node]/child_process/evaluate.ts:89:29)]
    [at run (turbopack:///[turbopack-node]/child_process/evaluate.ts:112:11)]

Import trace:
  Client Component Browser:
    ./Documents/REMUNERACIONES 2026/frontend/src/app/globals.css [Client Component Browser]
    ./Documents/REMUNERACIONES 2026/frontend/src/app/layout.tsx [Server Component] 
[browser] ./Documents/REMUNERACIONES 2026/frontend/src/app/globals.css
Error evaluating Node.js code
CssSyntaxError: /Users/juanvidalp/Documents/REMUNERACIONES 2026/frontend/src/app/globals.css:32:1: Unexpected }
    [at error (turbopack:///[project]/Documents/REMUNERACIONES 2026/frontend/node_modules/postcss/lib/input.js:135:16)]
    [at unexpectedClose (turbopack:///[project]/Documents/REMUNERACIONES 2026/frontend/node_modules/postcss/lib/parser.js:587:22)]
    [at end (turbopack:///[project]/Documents/REMUNERACIONES 2026/frontend/node_modules/postcss/lib/parser.js:330:12)]
    [at parse (turbopack:///[project]/Documents/REMUNERACIONES 2026/frontend/node_modules/postcss/lib/parser.js:456:16)]
    [at parser (turbopack:///[project]/Documents/REMUNERACIONES 2026/frontend/node_modules/postcss/lib/parse.js:11:12)]
    [at new LazyResult (turbopack:///[project]/Documents/REMUNERACIONES 2026/frontend/node_modules/postcss/lib/lazy-result.js:165:16)]
    [at process (turbopack:///[project]/Documents/REMUNERACIONES 2026/frontend/node_modules/postcss/lib/processor.js:53:14)]
    [at transform (turbopack:///[turbopack-node]/transforms/postcss.ts:70:51)]
    [at run (turbopack:///[turbopack-node]/child_process/evaluate.ts:89:29)]
    [at run (turbopack:///[turbopack-node]/child_process/evaluate.ts:112:11)]

Import trace:
  Client Component Browser:
    ./Documents/REMUNERACIONES 2026/frontend/src/app/globals.css [Client Component Browser]
    ./Documents/REMUNERACIONES 2026/frontend/src/app/layout.tsx [Server Component] 
[browser] ./Documents/REMUNERACIONES 2026/frontend/src/app/globals.css
Error evaluating Node.js code
CssSyntaxError: /Users/juanvidalp/Documents/REMUNERACIONES 2026/frontend/src/app/globals.css:32:1: Unexpected }
    [at error (turbopack:///[project]/Documents/REMUNERACIONES 2026/frontend/node_modules/postcss/lib/input.js:135:16)]
    [at unexpectedClose (turbopack:///[project]/Documents/REMUNERACIONES 2026/frontend/node_modules/postcss/lib/parser.js:587:22)]
    [at end (turbopack:///[project]/Documents/REMUNERACIONES 2026/frontend/node_modules/postcss/lib/parser.js:330:12)]
    [at parse (turbopack:///[project]/Documents/REMUNERACIONES 2026/frontend/node_modules/postcss/lib/parser.js:456:16)]
    [at parser (turbopack:///[project]/Documents/REMUNERACIONES 2026/frontend/node_modules/postcss/lib/parse.js:11:12)]
    [at new LazyResult (turbopack:///[project]/Documents/REMUNERACIONES 2026/frontend/node_modules/postcss/lib/lazy-result.js:165:16)]
    [at process (turbopack:///[project]/Documents/REMUNERACIONES 2026/frontend/node_modules/postcss/lib/processor.js:53:14)]
    [at transform (turbopack:///[turbopack-node]/transforms/postcss.ts:70:51)]
    [at run (turbopack:///[turbopack-node]/child_process/evaluate.ts:89:29)]
    [at run (turbopack:///[turbopack-node]/child_process/evaluate.ts:112:11)]

Import trace:
  Client Component Browser:
    ./Documents/REMUNERACIONES 2026/frontend/src/app/globals.css [Client Component Browser]
    ./Documents/REMUNERACIONES 2026/frontend/src/app/layout.tsx [Server Component] 
[browser] ./Documents/REMUNERACIONES 2026/frontend/src/app/globals.css
Error evaluating Node.js code
CssSyntaxError: /Users/juanvidalp/Documents/REMUNERACIONES 2026/frontend/src/app/globals.css:32:1: Unexpected }
    [at error (turbopack:///[project]/Documents/REMUNERACIONES 2026/frontend/node_modules/postcss/lib/input.js:135:16)]
    [at unexpectedClose (turbopack:///[project]/Documents/REMUNERACIONES 2026/frontend/node_modules/postcss/lib/parser.js:587:22)]
    [at end (turbopack:///[project]/Documents/REMUNERACIONES 2026/frontend/node_modules/postcss/lib/parser.js:330:12)]
    [at parse (turbopack:///[project]/Documents/REMUNERACIONES 2026/frontend/node_modules/postcss/lib/parser.js:456:16)]
    [at parser (turbopack:///[project]/Documents/REMUNERACIONES 2026/frontend/node_modules/postcss/lib/parse.js:11:12)]
    [at new LazyResult (turbopack:///[project]/Documents/REMUNERACIONES 2026/frontend/node_modules/postcss/lib/lazy-result.js:165:16)]
    [at process (turbopack:///[project]/Documents/REMUNERACIONES 2026/frontend/node_modules/postcss/lib/processor.js:53:14)]
    [at transform (turbopack:///[turbopack-node]/transforms/postcss.ts:70:51)]
    [at run (turbopack:///[turbopack-node]/child_process/evaluate.ts:89:29)]
    [at run (turbopack:///[turbopack-node]/child_process/evaluate.ts:112:11)]

Import trace:
  Client Component Browser:
    ./Documents/REMUNERACIONES 2026/frontend/src/app/globals.css [Client Component Browser]
    ./Documents/REMUNERACIONES 2026/frontend/src/app/layout.tsx [Server Component] 
[browser] ./Documents/REMUNERACIONES 2026/frontend/src/app/globals.css
Error evaluating Node.js code
CssSyntaxError: /Users/juanvidalp/Documents/REMUNERACIONES 2026/frontend/src/app/globals.css:32:1: Unexpected }
    [at error (turbopack:///[project]/Documents/REMUNERACIONES 2026/frontend/node_modules/postcss/lib/input.js:135:16)]
    [at unexpectedClose (turbopack:///[project]/Documents/REMUNERACIONES 2026/frontend/node_modules/postcss/lib/parser.js:587:22)]
    [at end (turbopack:///[project]/Documents/REMUNERACIONES 2026/frontend/node_modules/postcss/lib/parser.js:330:12)]
    [at parse (turbopack:///[project]/Documents/REMUNERACIONES 2026/frontend/node_modules/postcss/lib/parser.js:456:16)]
    [at parser (turbopack:///[project]/Documents/REMUNERACIONES 2026/frontend/node_modules/postcss/lib/parse.js:11:12)]
    [at new LazyResult (turbopack:///[project]/Documents/REMUNERACIONES 2026/frontend/node_modules/postcss/lib/lazy-result.js:165:16)]
    [at process (turbopack:///[project]/Documents/REMUNERACIONES 2026/frontend/node_modules/postcss/lib/processor.js:53:14)]
    [at transform (turbopack:///[turbopack-node]/transforms/postcss.ts:70:51)]
    [at run (turbopack:///[turbopack-node]/child_process/evaluate.ts:89:29)]
    [at run (turbopack:///[turbopack-node]/child_process/evaluate.ts:112:11)]

Import trace:
  Client Component Browser:
    ./Documents/REMUNERACIONES 2026/frontend/src/app/globals.css [Client Component Browser]
    ./Documents/REMUNERACIONES 2026/frontend/src/app/layout.tsx [Server Component] 
✓ Compiled in 159ms
[browser] ./Documents/REMUNERACIONES 2026/frontend/src/app/globals.css
Error evaluating Node.js code
CssSyntaxError: /Users/juanvidalp/Documents/REMUNERACIONES 2026/frontend/src/app/globals.css:32:1: Unexpected }
    [at error (turbopack:///[project]/Documents/REMUNERACIONES 2026/frontend/node_modules/postcss/lib/input.js:135:16)]
    [at unexpectedClose (turbopack:///[project]/Documents/REMUNERACIONES 2026/frontend/node_modules/postcss/lib/parser.js:587:22)]
    [at end (turbopack:///[project]/Documents/REMUNERACIONES 2026/frontend/node_modules/postcss/lib/parser.js:330:12)]
    [at parse (turbopack:///[project]/Documents/REMUNERACIONES 2026/frontend/node_modules/postcss/lib/parser.js:456:16)]
    [at parser (turbopack:///[project]/Documents/REMUNERACIONES 2026/frontend/node_modules/postcss/lib/parse.js:11:12)]
    [at new LazyResult (turbopack:///[project]/Documents/REMUNERACIONES 2026/frontend/node_modules/postcss/lib/lazy-result.js:165:16)]
    [at process (turbopack:///[project]/Documents/REMUNERACIONES 2026/frontend/node_modules/postcss/lib/processor.js:53:14)]
    [at transform (turbopack:///[turbopack-node]/transforms/postcss.ts:70:51)]
    [at run (turbopack:///[turbopack-node]/child_process/evaluate.ts:89:29)]
    [at run (turbopack:///[turbopack-node]/child_process/evaluate.ts:112:11)]

Import trace:
  Client Component Browser:
    ./Documents/REMUNERACIONES 2026/frontend/src/app/globals.css [Client Component Browser]
    ./Documents/REMUNERACIONES 2026/frontend/src/app/layout.tsx [Server Component] 
[browser] ./Documents/REMUNERACIONES 2026/frontend/src/app/globals.css
Error evaluating Node.js code
CssSyntaxError: /Users/juanvidalp/Documents/REMUNERACIONES 2026/frontend/src/app/globals.css:32:1: Unexpected }
    [at error (turbopack:///[project]/Documents/REMUNERACIONES 2026/frontend/node_modules/postcss/lib/input.js:135:16)]
    [at unexpectedClose (turbopack:///[project]/Documents/REMUNERACIONES 2026/frontend/node_modules/postcss/lib/parser.js:587:22)]
    [at end (turbopack:///[project]/Documents/REMUNERACIONES 2026/frontend/node_modules/postcss/lib/parser.js:330:12)]
    [at parse (turbopack:///[project]/Documents/REMUNERACIONES 2026/frontend/node_modules/postcss/lib/parser.js:456:16)]
    [at parser (turbopack:///[project]/Documents/REMUNERACIONES 2026/frontend/node_modules/postcss/lib/parse.js:11:12)]
    [at new LazyResult (turbopack:///[project]/Documents/REMUNERACIONES 2026/frontend/node_modules/postcss/lib/lazy-result.js:165:16)]
    [at process (turbopack:///[project]/Documents/REMUNERACIONES 2026/frontend/node_modules/postcss/lib/processor.js:53:14)]
    [at transform (turbopack:///[turbopack-node]/transforms/postcss.ts:70:51)]
    [at run (turbopack:///[turbopack-node]/child_process/evaluate.ts:89:29)]
    [at run (turbopack:///[turbopack-node]/child_process/evaluate.ts:112:11)]

Import trace:
  Client Component Browser:
    ./Documents/REMUNERACIONES 2026/frontend/src/app/globals.css [Client Component Browser]
    ./Documents/REMUNERACIONES 2026/frontend/src/app/layout.tsx [Server Component] 
[browser] ./Documents/REMUNERACIONES 2026/frontend/src/app/globals.css
Error evaluating Node.js code
CssSyntaxError: /Users/juanvidalp/Documents/REMUNERACIONES 2026/frontend/src/app/globals.css:32:1: Unexpected }
    [at error (turbopack:///[project]/Documents/REMUNERACIONES 2026/frontend/node_modules/postcss/lib/input.js:135:16)]
    [at unexpectedClose (turbopack:///[project]/Documents/REMUNERACIONES 2026/frontend/node_modules/postcss/lib/parser.js:587:22)]
    [at end (turbopack:///[project]/Documents/REMUNERACIONES 2026/frontend/node_modules/postcss/lib/parser.js:330:12)]
    [at parse (turbopack:///[project]/Documents/REMUNERACIONES 2026/frontend/node_modules/postcss/lib/parser.js:456:16)]
    [at parser (turbopack:///[project]/Documents/REMUNERACIONES 2026/frontend/node_modules/postcss/lib/parse.js:11:12)]
    [at new LazyResult (turbopack:///[project]/Documents/REMUNERACIONES 2026/frontend/node_modules/postcss/lib/lazy-result.js:165:16)]
    [at process (turbopack:///[project]/Documents/REMUNERACIONES 2026/frontend/node_modules/postcss/lib/processor.js:53:14)]
    [at transform (turbopack:///[turbopack-node]/transforms/postcss.ts:70:51)]
    [at run (turbopack:///[turbopack-node]/child_process/evaluate.ts:89:29)]
    [at run (turbopack:///[turbopack-node]/child_process/evaluate.ts:112:11)]

Import trace:
  Client Component Browser:
    ./Documents/REMUNERACIONES 2026/frontend/src/app/globals.css [Client Component Browser]
    ./Documents/REMUNERACIONES 2026/frontend/src/app/layout.tsx [Server Component] 
✓ Compiled in 187ms
[browser] ./Documents/REMUNERACIONES 2026/frontend/src/app/globals.css
Error evaluating Node.js code
CssSyntaxError: /Users/juanvidalp/Documents/REMUNERACIONES 2026/frontend/src/app/globals.css:32:1: Unexpected }
    [at error (turbopack:///[project]/Documents/REMUNERACIONES 2026/frontend/node_modules/postcss/lib/input.js:135:16)]
    [at unexpectedClose (turbopack:///[project]/Documents/REMUNERACIONES 2026/frontend/node_modules/postcss/lib/parser.js:587:22)]
    [at end (turbopack:///[project]/Documents/REMUNERACIONES 2026/frontend/node_modules/postcss/lib/parser.js:330:12)]
    [at parse (turbopack:///[project]/Documents/REMUNERACIONES 2026/frontend/node_modules/postcss/lib/parser.js:456:16)]
    [at parser (turbopack:///[project]/Documents/REMUNERACIONES 2026/frontend/node_modules/postcss/lib/parse.js:11:12)]
    [at new LazyResult (turbopack:///[project]/Documents/REMUNERACIONES 2026/frontend/node_modules/postcss/lib/lazy-result.js:165:16)]
    [at process (turbopack:///[project]/Documents/REMUNERACIONES 2026/frontend/node_modules/postcss/lib/processor.js:53:14)]
    [at transform (turbopack:///[turbopack-node]/transforms/postcss.ts:70:51)]
    [at run (turbopack:///[turbopack-node]/child_process/evaluate.ts:89:29)]
    [at run (turbopack:///[turbopack-node]/child_process/evaluate.ts:112:11)]

Import trace:
  Client Component Browser:
    ./Documents/REMUNERACIONES 2026/frontend/src/app/globals.css [Client Component Browser]
    ./Documents/REMUNERACIONES 2026/frontend/src/app/layout.tsx [Server Component] 
[browser] ./Documents/REMUNERACIONES 2026/frontend/src/app/globals.css
Error evaluating Node.js code
CssSyntaxError: /Users/juanvidalp/Documents/REMUNERACIONES 2026/frontend/src/app/globals.css:32:1: Unexpected }
    [at error (turbopack:///[project]/Documents/REMUNERACIONES 2026/frontend/node_modules/postcss/lib/input.js:135:16)]
    [at unexpectedClose (turbopack:///[project]/Documents/REMUNERACIONES 2026/frontend/node_modules/postcss/lib/parser.js:587:22)]
    [at end (turbopack:///[project]/Documents/REMUNERACIONES 2026/frontend/node_modules/postcss/lib/parser.js:330:12)]
    [at parse (turbopack:///[project]/Documents/REMUNERACIONES 2026/frontend/node_modules/postcss/lib/parser.js:456:16)]
    [at parser (turbopack:///[project]/Documents/REMUNERACIONES 2026/frontend/node_modules/postcss/lib/parse.js:11:12)]
    [at new LazyResult (turbopack:///[project]/Documents/REMUNERACIONES 2026/frontend/node_modules/postcss/lib/lazy-result.js:165:16)]
    [at process (turbopack:///[project]/Documents/REMUNERACIONES 2026/frontend/node_modules/postcss/lib/processor.js:53:14)]
    [at transform (turbopack:///[turbopack-node]/transforms/postcss.ts:70:51)]
    [at run (turbopack:///[turbopack-node]/child_process/evaluate.ts:89:29)]
    [at run (turbopack:///[turbopack-node]/child_process/evaluate.ts:112:11)]

Import trace:
  Client Component Browser:
    ./Documents/REMUNERACIONES 2026/frontend/src/app/globals.css [Client Component Browser]
    ./Documents/REMUNERACIONES 2026/frontend/src/app/layout.tsx [Server Component] 
[browser] ./Documents/REMUNERACIONES 2026/frontend/src/app/globals.css
Error evaluating Node.js code
CssSyntaxError: /Users/juanvidalp/Documents/REMUNERACIONES 2026/frontend/src/app/globals.css:32:1: Unexpected }
    [at error (turbopack:///[project]/Documents/REMUNERACIONES 2026/frontend/node_modules/postcss/lib/input.js:135:16)]
    [at unexpectedClose (turbopack:///[project]/Documents/REMUNERACIONES 2026/frontend/node_modules/postcss/lib/parser.js:587:22)]
    [at end (turbopack:///[project]/Documents/REMUNERACIONES 2026/frontend/node_modules/postcss/lib/parser.js:330:12)]
    [at parse (turbopack:///[project]/Documents/REMUNERACIONES 2026/frontend/node_modules/postcss/lib/parser.js:456:16)]
    [at parser (turbopack:///[project]/Documents/REMUNERACIONES 2026/frontend/node_modules/postcss/lib/parse.js:11:12)]
    [at new LazyResult (turbopack:///[project]/Documents/REMUNERACIONES 2026/frontend/node_modules/postcss/lib/lazy-result.js:165:16)]
    [at process (turbopack:///[project]/Documents/REMUNERACIONES 2026/frontend/node_modules/postcss/lib/processor.js:53:14)]
    [at transform (turbopack:///[turbopack-node]/transforms/postcss.ts:70:51)]
    [at run (turbopack:///[turbopack-node]/child_process/evaluate.ts:89:29)]
    [at run (turbopack:///[turbopack-node]/child_process/evaluate.ts:112:11)]

Import trace:
  Client Component Browser:
    ./Documents/REMUNERACIONES 2026/frontend/src/app/globals.css [Client Component Browser]
    ./Documents/REMUNERACIONES 2026/frontend/src/app/layout.tsx [Server Component] 
✓ Compiled in 216ms
[browser] ./Documents/REMUNERACIONES 2026/frontend/src/app/globals.css
Error evaluating Node.js code
CssSyntaxError: /Users/juanvidalp/Documents/REMUNERACIONES 2026/frontend/src/app/globals.css:32:1: Unexpected }
    [at error (turbopack:///[project]/Documents/REMUNERACIONES 2026/frontend/node_modules/postcss/lib/input.js:135:16)]
    [at unexpectedClose (turbopack:///[project]/Documents/REMUNERACIONES 2026/frontend/node_modules/postcss/lib/parser.js:587:22)]
    [at end (turbopack:///[project]/Documents/REMUNERACIONES 2026/frontend/node_modules/postcss/lib/parser.js:330:12)]
    [at parse (turbopack:///[project]/Documents/REMUNERACIONES 2026/frontend/node_modules/postcss/lib/parser.js:456:16)]
    [at parser (turbopack:///[project]/Documents/REMUNERACIONES 2026/frontend/node_modules/postcss/lib/parse.js:11:12)]
    [at new LazyResult (turbopack:///[project]/Documents/REMUNERACIONES 2026/frontend/node_modules/postcss/lib/lazy-result.js:165:16)]
    [at process (turbopack:///[project]/Documents/REMUNERACIONES 2026/frontend/node_modules/postcss/lib/processor.js:53:14)]
    [at transform (turbopack:///[turbopack-node]/transforms/postcss.ts:70:51)]
    [at run (turbopack:///[turbopack-node]/child_process/evaluate.ts:89:29)]
    [at run (turbopack:///[turbopack-node]/child_process/evaluate.ts:112:11)]

Import trace:
  Client Component Browser:
    ./Documents/REMUNERACIONES 2026/frontend/src/app/globals.css [Client Component Browser]
    ./Documents/REMUNERACIONES 2026/frontend/src/app/layout.tsx [Server Component] 
[browser] ./Documents/REMUNERACIONES 2026/frontend/src/app/globals.css
Error evaluating Node.js code
CssSyntaxError: /Users/juanvidalp/Documents/REMUNERACIONES 2026/frontend/src/app/globals.css:32:1: Unexpected }
    [at error (turbopack:///[project]/Documents/REMUNERACIONES 2026/frontend/node_modules/postcss/lib/input.js:135:16)]
    [at unexpectedClose (turbopack:///[project]/Documents/REMUNERACIONES 2026/frontend/node_modules/postcss/lib/parser.js:587:22)]
    [at end (turbopack:///[project]/Documents/REMUNERACIONES 2026/frontend/node_modules/postcss/lib/parser.js:330:12)]
    [at parse (turbopack:///[project]/Documents/REMUNERACIONES 2026/frontend/node_modules/postcss/lib/parser.js:456:16)]
    [at parser (turbopack:///[project]/Documents/REMUNERACIONES 2026/frontend/node_modules/postcss/lib/parse.js:11:12)]
    [at new LazyResult (turbopack:///[project]/Documents/REMUNERACIONES 2026/frontend/node_modules/postcss/lib/lazy-result.js:165:16)]
    [at process (turbopack:///[project]/Documents/REMUNERACIONES 2026/frontend/node_modules/postcss/lib/processor.js:53:14)]
    [at transform (turbopack:///[turbopack-node]/transforms/postcss.ts:70:51)]
    [at run (turbopack:///[turbopack-node]/child_process/evaluate.ts:89:29)]
    [at run (turbopack:///[turbopack-node]/child_process/evaluate.ts:112:11)]

Import trace:
  Client Component Browser:
    ./Documents/REMUNERACIONES 2026/frontend/src/app/globals.css [Client Component Browser]
    ./Documents/REMUNERACIONES 2026/frontend/src/app/layout.tsx [Server Component] 
[browser] ./Documents/REMUNERACIONES 2026/frontend/src/app/globals.css
Error evaluating Node.js code
CssSyntaxError: /Users/juanvidalp/Documents/REMUNERACIONES 2026/frontend/src/app/globals.css:32:1: Unexpected }
    [at error (turbopack:///[project]/Documents/REMUNERACIONES 2026/frontend/node_modules/postcss/lib/input.js:135:16)]
    [at unexpectedClose (turbopack:///[project]/Documents/REMUNERACIONES 2026/frontend/node_modules/postcss/lib/parser.js:587:22)]
    [at end (turbopack:///[project]/Documents/REMUNERACIONES 2026/frontend/node_modules/postcss/lib/parser.js:330:12)]
    [at parse (turbopack:///[project]/Documents/REMUNERACIONES 2026/frontend/node_modules/postcss/lib/parser.js:456:16)]
    [at parser (turbopack:///[project]/Documents/REMUNERACIONES 2026/frontend/node_modules/postcss/lib/parse.js:11:12)]
    [at new LazyResult (turbopack:///[project]/Documents/REMUNERACIONES 2026/frontend/node_modules/postcss/lib/lazy-result.js:165:16)]
    [at process (turbopack:///[project]/Documents/REMUNERACIONES 2026/frontend/node_modules/postcss/lib/processor.js:53:14)]
    [at transform (turbopack:///[turbopack-node]/transforms/postcss.ts:70:51)]
    [at run (turbopack:///[turbopack-node]/child_process/evaluate.ts:89:29)]
    [at run (turbopack:///[turbopack-node]/child_process/evaluate.ts:112:11)]

Import trace:
  Client Component Browser:
    ./Documents/REMUNERACIONES 2026/frontend/src/app/globals.css [Client Component Browser]
    ./Documents/REMUNERACIONES 2026/frontend/src/app/layout.tsx [Server Component] 
✓ Compiled in 185ms
[browser] ./Documents/REMUNERACIONES 2026/frontend/src/app/globals.css
Error evaluating Node.js code
CssSyntaxError: /Users/juanvidalp/Documents/REMUNERACIONES 2026/frontend/src/app/globals.css:32:1: Unexpected }
    [at error (turbopack:///[project]/Documents/REMUNERACIONES 2026/frontend/node_modules/postcss/lib/input.js:135:16)]
    [at unexpectedClose (turbopack:///[project]/Documents/REMUNERACIONES 2026/frontend/node_modules/postcss/lib/parser.js:587:22)]
    [at end (turbopack:///[project]/Documents/REMUNERACIONES 2026/frontend/node_modules/postcss/lib/parser.js:330:12)]
    [at parse (turbopack:///[project]/Documents/REMUNERACIONES 2026/frontend/node_modules/postcss/lib/parser.js:456:16)]
    [at parser (turbopack:///[project]/Documents/REMUNERACIONES 2026/frontend/node_modules/postcss/lib/parse.js:11:12)]
    [at new LazyResult (turbopack:///[project]/Documents/REMUNERACIONES 2026/frontend/node_modules/postcss/lib/lazy-result.js:165:16)]
    [at process (turbopack:///[project]/Documents/REMUNERACIONES 2026/frontend/node_modules/postcss/lib/processor.js:53:14)]
    [at transform (turbopack:///[turbopack-node]/transforms/postcss.ts:70:51)]
    [at run (turbopack:///[turbopack-node]/child_process/evaluate.ts:89:29)]
    [at run (turbopack:///[turbopack-node]/child_process/evaluate.ts:112:11)]

Import trace:
  Client Component Browser:
    ./Documents/REMUNERACIONES 2026/frontend/src/app/globals.css [Client Component Browser]
    ./Documents/REMUNERACIONES 2026/frontend/src/app/layout.tsx [Server Component] 
[browser] ./Documents/REMUNERACIONES 2026/frontend/src/app/globals.css
Error evaluating Node.js code
CssSyntaxError: /Users/juanvidalp/Documents/REMUNERACIONES 2026/frontend/src/app/globals.css:32:1: Unexpected }
    [at error (turbopack:///[project]/Documents/REMUNERACIONES 2026/frontend/node_modules/postcss/lib/input.js:135:16)]
    [at unexpectedClose (turbopack:///[project]/Documents/REMUNERACIONES 2026/frontend/node_modules/postcss/lib/parser.js:587:22)]
    [at end (turbopack:///[project]/Documents/REMUNERACIONES 2026/frontend/node_modules/postcss/lib/parser.js:330:12)]
    [at parse (turbopack:///[project]/Documents/REMUNERACIONES 2026/frontend/node_modules/postcss/lib/parser.js:456:16)]
    [at parser (turbopack:///[project]/Documents/REMUNERACIONES 2026/frontend/node_modules/postcss/lib/parse.js:11:12)]
    [at new LazyResult (turbopack:///[project]/Documents/REMUNERACIONES 2026/frontend/node_modules/postcss/lib/lazy-result.js:165:16)]
    [at process (turbopack:///[project]/Documents/REMUNERACIONES 2026/frontend/node_modules/postcss/lib/processor.js:53:14)]
    [at transform (turbopack:///[turbopack-node]/transforms/postcss.ts:70:51)]
    [at run (turbopack:///[turbopack-node]/child_process/evaluate.ts:89:29)]
    [at run (turbopack:///[turbopack-node]/child_process/evaluate.ts:112:11)]

Import trace:
  Client Component Browser:
    ./Documents/REMUNERACIONES 2026/frontend/src/app/globals.css [Client Component Browser]
    ./Documents/REMUNERACIONES 2026/frontend/src/app/layout.tsx [Server Component] 
[browser] ./Documents/REMUNERACIONES 2026/frontend/src/app/globals.css
Error evaluating Node.js code
CssSyntaxError: /Users/juanvidalp/Documents/REMUNERACIONES 2026/frontend/src/app/globals.css:32:1: Unexpected }
    [at error (turbopack:///[project]/Documents/REMUNERACIONES 2026/frontend/node_modules/postcss/lib/input.js:135:16)]
    [at unexpectedClose (turbopack:///[project]/Documents/REMUNERACIONES 2026/frontend/node_modules/postcss/lib/parser.js:587:22)]
    [at end (turbopack:///[project]/Documents/REMUNERACIONES 2026/frontend/node_modules/postcss/lib/parser.js:330:12)]
    [at parse (turbopack:///[project]/Documents/REMUNERACIONES 2026/frontend/node_modules/postcss/lib/parser.js:456:16)]
    [at parser (turbopack:///[project]/Documents/REMUNERACIONES 2026/frontend/node_modules/postcss/lib/parse.js:11:12)]
    [at new LazyResult (turbopack:///[project]/Documents/REMUNERACIONES 2026/frontend/node_modules/postcss/lib/lazy-result.js:165:16)]
    [at process (turbopack:///[project]/Documents/REMUNERACIONES 2026/frontend/node_modules/postcss/lib/processor.js:53:14)]
    [at transform (turbopack:///[turbopack-node]/transforms/postcss.ts:70:51)]
    [at run (turbopack:///[turbopack-node]/child_process/evaluate.ts:89:29)]
    [at run (turbopack:///[turbopack-node]/child_process/evaluate.ts:112:11)]

Import trace:
  Client Component Browser:
    ./Documents/REMUNERACIONES 2026/frontend/src/app/globals.css [Client Component Browser]
    ./Documents/REMUNERACIONES 2026/frontend/src/app/layout.tsx [Server Component] 
⨯ ./Documents/REMUNERACIONES 2026/frontend/src/app/globals.css
Error evaluating Node.js code
CssSyntaxError: /Users/juanvidalp/Documents/REMUNERACIONES 2026/frontend/src/app/globals.css:32:1: Unexpected }
    [at error (turbopack:///[project]/Documents/REMUNERACIONES 2026/frontend/node_modules/postcss/lib/input.js:135:16)]
    [at unexpectedClose (turbopack:///[project]/Documents/REMUNERACIONES 2026/frontend/node_modules/postcss/lib/parser.js:587:22)]
    [at end (turbopack:///[project]/Documents/REMUNERACIONES 2026/frontend/node_modules/postcss/lib/parser.js:330:12)]
    [at parse (turbopack:///[project]/Documents/REMUNERACIONES 2026/frontend/node_modules/postcss/lib/parser.js:456:16)]
    [at parser (turbopack:///[project]/Documents/REMUNERACIONES 2026/frontend/node_modules/postcss/lib/parse.js:11:12)]
    [at new LazyResult (turbopack:///[project]/Documents/REMUNERACIONES 2026/frontend/node_modules/postcss/lib/lazy-result.js:165:16)]
    [at process (turbopack:///[project]/Documents/REMUNERACIONES 2026/frontend/node_modules/postcss/lib/processor.js:53:14)]
    [at transform (turbopack:///[turbopack-node]/transforms/postcss.ts:70:51)]
    [at run (turbopack:///[turbopack-node]/child_process/evaluate.ts:89:29)]
    [at run (turbopack:///[turbopack-node]/child_process/evaluate.ts:112:11)]

Import trace:
  Client Component Browser:
    ./Documents/REMUNERACIONES 2026/frontend/src/app/globals.css [Client Component Browser]
    ./Documents/REMUNERACIONES 2026/frontend/src/app/layout.tsx [Server Component]


 GET /consolidados 500 in 245ms (next.js: 210ms, application-code: 35ms)
[browser] ./Documents/REMUNERACIONES 2026/frontend/src/app/globals.css
Error evaluating Node.js code
CssSyntaxError: /Users/juanvidalp/Documents/REMUNERACIONES 2026/frontend/src/app/globals.css:32:1: Unexpected }
    [at error (turbopack:///[project]/Documents/REMUNERACIONES 2026/frontend/node_modules/postcss/lib/input.js:135:16)]
    [at unexpectedClose (turbopack:///[project]/Documents/REMUNERACIONES 2026/frontend/node_modules/postcss/lib/parser.js:587:22)]
    [at end (turbopack:///[project]/Documents/REMUNERACIONES 2026/frontend/node_modules/postcss/lib/parser.js:330:12)]
    [at parse (turbopack:///[project]/Documents/REMUNERACIONES 2026/frontend/node_modules/postcss/lib/parser.js:456:16)]
    [at parser (turbopack:///[project]/Documents/REMUNERACIONES 2026/frontend/node_modules/postcss/lib/parse.js:11:12)]
    [at new LazyResult (turbopack:///[project]/Documents/REMUNERACIONES 2026/frontend/node_modules/postcss/lib/lazy-result.js:165:16)]
    [at process (turbopack:///[project]/Documents/REMUNERACIONES 2026/frontend/node_modules/postcss/lib/processor.js:53:14)]
    [at transform (turbopack:///[turbopack-node]/transforms/postcss.ts:70:51)]
    [at run (turbopack:///[turbopack-node]/child_process/evaluate.ts:89:29)]
    [at run (turbopack:///[turbopack-node]/child_process/evaluate.ts:112:11)]

Import trace:
  Client Component Browser:
    ./Documents/REMUNERACIONES 2026/frontend/src/app/globals.css [Client Component Browser]
    ./Documents/REMUNERACIONES 2026/frontend/src/app/layout.tsx [Server Component] 
[browser] ./Documents/REMUNERACIONES 2026/frontend/src/app/globals.css
Error evaluating Node.js code
CssSyntaxError: /Users/juanvidalp/Documents/REMUNERACIONES 2026/frontend/src/app/globals.css:32:1: Unexpected }
    [at error (turbopack:///[project]/Documents/REMUNERACIONES 2026/frontend/node_modules/postcss/lib/input.js:135:16)]
    [at unexpectedClose (turbopack:///[project]/Documents/REMUNERACIONES 2026/frontend/node_modules/postcss/lib/parser.js:587:22)]
    [at end (turbopack:///[project]/Documents/REMUNERACIONES 2026/frontend/node_modules/postcss/lib/parser.js:330:12)]
    [at parse (turbopack:///[project]/Documents/REMUNERACIONES 2026/frontend/node_modules/postcss/lib/parser.js:456:16)]
    [at parser (turbopack:///[project]/Documents/REMUNERACIONES 2026/frontend/node_modules/postcss/lib/parse.js:11:12)]
    [at new LazyResult (turbopack:///[project]/Documents/REMUNERACIONES 2026/frontend/node_modules/postcss/lib/lazy-result.js:165:16)]
    [at process (turbopack:///[project]/Documents/REMUNERACIONES 2026/frontend/node_modules/postcss/lib/processor.js:53:14)]
    [at transform (turbopack:///[turbopack-node]/transforms/postcss.ts:70:51)]
    [at run (turbopack:///[turbopack-node]/child_process/evaluate.ts:89:29)]
    [at run (turbopack:///[turbopack-node]/child_process/evaluate.ts:112:11)]

Import trace:
  Client Component Browser:
    ./Documents/REMUNERACIONES 2026/frontend/src/app/globals.css [Client Component Browser]
    ./Documents/REMUNERACIONES 2026/frontend/src/app/layout.tsx [Server Component] 
[browser] ./Documents/REMUNERACIONES 2026/frontend/src/app/globals.css
Error evaluating Node.js code
CssSyntaxError: /Users/juanvidalp/Documents/REMUNERACIONES 2026/frontend/src/app/globals.css:32:1: Unexpected }
    [at error (turbopack:///[project]/Documents/REMUNERACIONES 2026/frontend/node_modules/postcss/lib/input.js:135:16)]
    [at unexpectedClose (turbopack:///[project]/Documents/REMUNERACIONES 2026/frontend/node_modules/postcss/lib/parser.js:587:22)]
    [at end (turbopack:///[project]/Documents/REMUNERACIONES 2026/frontend/node_modules/postcss/lib/parser.js:330:12)]
    [at parse (turbopack:///[project]/Documents/REMUNERACIONES 2026/frontend/node_modules/postcss/lib/parser.js:456:16)]
    [at parser (turbopack:///[project]/Documents/REMUNERACIONES 2026/frontend/node_modules/postcss/lib/parse.js:11:12)]
    [at new LazyResult (turbopack:///[project]/Documents/REMUNERACIONES 2026/frontend/node_modules/postcss/lib/lazy-result.js:165:16)]
    [at process (turbopack:///[project]/Documents/REMUNERACIONES 2026/frontend/node_modules/postcss/lib/processor.js:53:14)]
    [at transform (turbopack:///[turbopack-node]/transforms/postcss.ts:70:51)]
    [at run (turbopack:///[turbopack-node]/child_process/evaluate.ts:89:29)]
    [at run (turbopack:///[turbopack-node]/child_process/evaluate.ts:112:11)]

Import trace:
  Client Component Browser:
    ./Documents/REMUNERACIONES 2026/frontend/src/app/globals.css [Client Component Browser]
    ./Documents/REMUNERACIONES 2026/frontend/src/app/layout.tsx [Server Component] 
[browser] Uncaught Error: ./Documents/REMUNERACIONES 2026/frontend/src/app/globals.css
Error evaluating Node.js code
CssSyntaxError: /Users/juanvidalp/Documents/REMUNERACIONES 2026/frontend/src/app/globals.css:32:1: Unexpected }
    [at error (turbopack:///[project]/Documents/REMUNERACIONES 2026/frontend/node_modules/postcss/lib/input.js:135:16)]
    [at unexpectedClose (turbopack:///[project]/Documents/REMUNERACIONES 2026/frontend/node_modules/postcss/lib/parser.js:587:22)]
    [at end (turbopack:///[project]/Documents/REMUNERACIONES 2026/frontend/node_modules/postcss/lib/parser.js:330:12)]
    [at parse (turbopack:///[project]/Documents/REMUNERACIONES 2026/frontend/node_modules/postcss/lib/parser.js:456:16)]
    [at parser (turbopack:///[project]/Documents/REMUNERACIONES 2026/frontend/node_modules/postcss/lib/parse.js:11:12)]
    [at new LazyResult (turbopack:///[project]/Documents/REMUNERACIONES 2026/frontend/node_modules/postcss/lib/lazy-result.js:165:16)]
    [at process (turbopack:///[project]/Documents/REMUNERACIONES 2026/frontend/node_modules/postcss/lib/processor.js:53:14)]
    [at transform (turbopack:///[turbopack-node]/transforms/postcss.ts:70:51)]
    [at run (turbopack:///[turbopack-node]/child_process/evaluate.ts:89:29)]
    [at run (turbopack:///[turbopack-node]/child_process/evaluate.ts:112:11)]

Import trace:
  Client Component Browser:
    ./Documents/REMUNERACIONES 2026/frontend/src/app/globals.css [Client Component Browser]
    ./Documents/REMUNERACIONES 2026/frontend/src/app/layout.tsx [Server Component]


[browser] ./Documents/REMUNERACIONES 2026/frontend/src/app/globals.css
Error evaluating Node.js code
CssSyntaxError: /Users/juanvidalp/Documents/REMUNERACIONES 2026/frontend/src/app/globals.css:32:1: Unexpected }
    [at error (turbopack:///[project]/Documents/REMUNERACIONES 2026/frontend/node_modules/postcss/lib/input.js:135:16)]
    [at unexpectedClose (turbopack:///[project]/Documents/REMUNERACIONES 2026/frontend/node_modules/postcss/lib/parser.js:587:22)]
    [at end (turbopack:///[project]/Documents/REMUNERACIONES 2026/frontend/node_modules/postcss/lib/parser.js:330:12)]
    [at parse (turbopack:///[project]/Documents/REMUNERACIONES 2026/frontend/node_modules/postcss/lib/parser.js:456:16)]
    [at parser (turbopack:///[project]/Documents/REMUNERACIONES 2026/frontend/node_modules/postcss/lib/parse.js:11:12)]
    [at new LazyResult (turbopack:///[project]/Documents/REMUNERACIONES 2026/frontend/node_modules/postcss/lib/lazy-result.js:165:16)]
    [at process (turbopack:///[project]/Documents/REMUNERACIONES 2026/frontend/node_modules/postcss/lib/processor.js:53:14)]
    [at transform (turbopack:///[turbopack-node]/transforms/postcss.ts:70:51)]
    [at run (turbopack:///[turbopack-node]/child_process/evaluate.ts:89:29)]
    [at run (turbopack:///[turbopack-node]/child_process/evaluate.ts:112:11)]

Import trace:
  Client Component Browser:
    ./Documents/REMUNERACIONES 2026/frontend/src/app/globals.css [Client Component Browser]
    ./Documents/REMUNERACIONES 2026/frontend/src/app/layout.tsx [Server Component] 
[browser] ./Documents/REMUNERACIONES 2026/frontend/src/app/globals.css
Error evaluating Node.js code
CssSyntaxError: /Users/juanvidalp/Documents/REMUNERACIONES 2026/frontend/src/app/globals.css:32:1: Unexpected }
    [at error (turbopack:///[project]/Documents/REMUNERACIONES 2026/frontend/node_modules/postcss/lib/input.js:135:16)]
    [at unexpectedClose (turbopack:///[project]/Documents/REMUNERACIONES 2026/frontend/node_modules/postcss/lib/parser.js:587:22)]
    [at end (turbopack:///[project]/Documents/REMUNERACIONES 2026/frontend/node_modules/postcss/lib/parser.js:330:12)]
    [at parse (turbopack:///[project]/Documents/REMUNERACIONES 2026/frontend/node_modules/postcss/lib/parser.js:456:16)]
    [at parser (turbopack:///[project]/Documents/REMUNERACIONES 2026/frontend/node_modules/postcss/lib/parse.js:11:12)]
    [at new LazyResult (turbopack:///[project]/Documents/REMUNERACIONES 2026/frontend/node_modules/postcss/lib/lazy-result.js:165:16)]
    [at process (turbopack:///[project]/Documents/REMUNERACIONES 2026/frontend/node_modules/postcss/lib/processor.js:53:14)]
    [at transform (turbopack:///[turbopack-node]/transforms/postcss.ts:70:51)]
    [at run (turbopack:///[turbopack-node]/child_process/evaluate.ts:89:29)]
    [at run (turbopack:///[turbopack-node]/child_process/evaluate.ts:112:11)]

Import trace:
  Client Component Browser:
    ./Documents/REMUNERACIONES 2026/frontend/src/app/globals.css [Client Component Browser]
    ./Documents/REMUNERACIONES 2026/frontend/src/app/layout.tsx [Server Component] 
[browser] ./Documents/REMUNERACIONES 2026/frontend/src/app/globals.css
Error evaluating Node.js code
CssSyntaxError: /Users/juanvidalp/Documents/REMUNERACIONES 2026/frontend/src/app/globals.css:32:1: Unexpected }
    [at error (turbopack:///[project]/Documents/REMUNERACIONES 2026/frontend/node_modules/postcss/lib/input.js:135:16)]
    [at unexpectedClose (turbopack:///[project]/Documents/REMUNERACIONES 2026/frontend/node_modules/postcss/lib/parser.js:587:22)]
    [at end (turbopack:///[project]/Documents/REMUNERACIONES 2026/frontend/node_modules/postcss/lib/parser.js:330:12)]
    [at parse (turbopack:///[project]/Documents/REMUNERACIONES 2026/frontend/node_modules/postcss/lib/parser.js:456:16)]
    [at parser (turbopack:///[project]/Documents/REMUNERACIONES 2026/frontend/node_modules/postcss/lib/parse.js:11:12)]
    [at new LazyResult (turbopack:///[project]/Documents/REMUNERACIONES 2026/frontend/node_modules/postcss/lib/lazy-result.js:165:16)]
    [at process (turbopack:///[project]/Documents/REMUNERACIONES 2026/frontend/node_modules/postcss/lib/processor.js:53:14)]
    [at transform (turbopack:///[turbopack-node]/transforms/postcss.ts:70:51)]
    [at run (turbopack:///[turbopack-node]/child_process/evaluate.ts:89:29)]
    [at run (turbopack:///[turbopack-node]/child_process/evaluate.ts:112:11)]

Import trace:
  Client Component Browser:
    ./Documents/REMUNERACIONES 2026/frontend/src/app/globals.css [Client Component Browser]
    ./Documents/REMUNERACIONES 2026/frontend/src/app/layout.tsx [Server Component] 
[browser] ./Documents/REMUNERACIONES 2026/frontend/src/app/globals.css
Error evaluating Node.js code
CssSyntaxError: /Users/juanvidalp/Documents/REMUNERACIONES 2026/frontend/src/app/globals.css:32:1: Unexpected }
    [at error (turbopack:///[project]/Documents/REMUNERACIONES 2026/frontend/node_modules/postcss/lib/input.js:135:16)]
    [at unexpectedClose (turbopack:///[project]/Documents/REMUNERACIONES 2026/frontend/node_modules/postcss/lib/parser.js:587:22)]
    [at end (turbopack:///[project]/Documents/REMUNERACIONES 2026/frontend/node_modules/postcss/lib/parser.js:330:12)]
    [at parse (turbopack:///[project]/Documents/REMUNERACIONES 2026/frontend/node_modules/postcss/lib/parser.js:456:16)]
    [at parser (turbopack:///[project]/Documents/REMUNERACIONES 2026/frontend/node_modules/postcss/lib/parse.js:11:12)]
    [at new LazyResult (turbopack:///[project]/Documents/REMUNERACIONES 2026/frontend/node_modules/postcss/lib/lazy-result.js:165:16)]
    [at process (turbopack:///[project]/Documents/REMUNERACIONES 2026/frontend/node_modules/postcss/lib/processor.js:53:14)]
    [at transform (turbopack:///[turbopack-node]/transforms/postcss.ts:70:51)]
    [at run (turbopack:///[turbopack-node]/child_process/evaluate.ts:89:29)]
    [at run (turbopack:///[turbopack-node]/child_process/evaluate.ts:112:11)]

Import trace:
  Client Component Browser:
    ./Documents/REMUNERACIONES 2026/frontend/src/app/globals.css [Client Component Browser]
    ./Documents/REMUNERACIONES 2026/frontend/src/app/layout.tsx [Server Component] 
[browser] ./Documents/REMUNERACIONES 2026/frontend/src/app/globals.css
Error evaluating Node.js code
CssSyntaxError: /Users/juanvidalp/Documents/REMUNERACIONES 2026/frontend/src/app/globals.css:32:1: Unexpected }
    [at error (turbopack:///[project]/Documents/REMUNERACIONES 2026/frontend/node_modules/postcss/lib/input.js:135:16)]
    [at unexpectedClose (turbopack:///[project]/Documents/REMUNERACIONES 2026/frontend/node_modules/postcss/lib/parser.js:587:22)]
    [at end (turbopack:///[project]/Documents/REMUNERACIONES 2026/frontend/node_modules/postcss/lib/parser.js:330:12)]
    [at parse (turbopack:///[project]/Documents/REMUNERACIONES 2026/frontend/node_modules/postcss/lib/parser.js:456:16)]
    [at parser (turbopack:///[project]/Documents/REMUNERACIONES 2026/frontend/node_modules/postcss/lib/parse.js:11:12)]
    [at new LazyResult (turbopack:///[project]/Documents/REMUNERACIONES 2026/frontend/node_modules/postcss/lib/lazy-result.js:165:16)]
    [at process (turbopack:///[project]/Documents/REMUNERACIONES 2026/frontend/node_modules/postcss/lib/processor.js:53:14)]
    [at transform (turbopack:///[turbopack-node]/transforms/postcss.ts:70:51)]
    [at run (turbopack:///[turbopack-node]/child_process/evaluate.ts:89:29)]
    [at run (turbopack:///[turbopack-node]/child_process/evaluate.ts:112:11)]

Import trace:
  Client Component Browser:
    ./Documents/REMUNERACIONES 2026/frontend/src/app/globals.css [Client Component Browser]
    ./Documents/REMUNERACIONES 2026/frontend/src/app/layout.tsx [Server Component] 
[browser] ./Documents/REMUNERACIONES 2026/frontend/src/app/globals.css
Error evaluating Node.js code
CssSyntaxError: /Users/juanvidalp/Documents/REMUNERACIONES 2026/frontend/src/app/globals.css:32:1: Unexpected }
    [at error (turbopack:///[project]/Documents/REMUNERACIONES 2026/frontend/node_modules/postcss/lib/input.js:135:16)]
    [at unexpectedClose (turbopack:///[project]/Documents/REMUNERACIONES 2026/frontend/node_modules/postcss/lib/parser.js:587:22)]
    [at end (turbopack:///[project]/Documents/REMUNERACIONES 2026/frontend/node_modules/postcss/lib/parser.js:330:12)]
    [at parse (turbopack:///[project]/Documents/REMUNERACIONES 2026/frontend/node_modules/postcss/lib/parser.js:456:16)]
    [at parser (turbopack:///[project]/Documents/REMUNERACIONES 2026/frontend/node_modules/postcss/lib/parse.js:11:12)]
    [at new LazyResult (turbopack:///[project]/Documents/REMUNERACIONES 2026/frontend/node_modules/postcss/lib/lazy-result.js:165:16)]
    [at process (turbopack:///[project]/Documents/REMUNERACIONES 2026/frontend/node_modules/postcss/lib/processor.js:53:14)]
    [at transform (turbopack:///[turbopack-node]/transforms/postcss.ts:70:51)]
    [at run (turbopack:///[turbopack-node]/child_process/evaluate.ts:89:29)]
    [at run (turbopack:///[turbopack-node]/child_process/evaluate.ts:112:11)]

Import trace:
  Client Component Browser:
    ./Documents/REMUNERACIONES 2026/frontend/src/app/globals.css [Client Component Browser]
    ./Documents/REMUNERACIONES 2026/frontend/src/app/layout.tsx [Server Component] 
[browser] ./Documents/REMUNERACIONES 2026/frontend/src/app/globals.css
Error evaluating Node.js code
CssSyntaxError: /Users/juanvidalp/Documents/REMUNERACIONES 2026/frontend/src/app/globals.css:32:1: Unexpected }
    [at error (turbopack:///[project]/Documents/REMUNERACIONES 2026/frontend/node_modules/postcss/lib/input.js:135:16)]
    [at unexpectedClose (turbopack:///[project]/Documents/REMUNERACIONES 2026/frontend/node_modules/postcss/lib/parser.js:587:22)]
    [at end (turbopack:///[project]/Documents/REMUNERACIONES 2026/frontend/node_modules/postcss/lib/parser.js:330:12)]
    [at parse (turbopack:///[project]/Documents/REMUNERACIONES 2026/frontend/node_modules/postcss/lib/parser.js:456:16)]
    [at parser (turbopack:///[project]/Documents/REMUNERACIONES 2026/frontend/node_modules/postcss/lib/parse.js:11:12)]
    [at new LazyResult (turbopack:///[project]/Documents/REMUNERACIONES 2026/frontend/node_modules/postcss/lib/lazy-result.js:165:16)]
    [at process (turbopack:///[project]/Documents/REMUNERACIONES 2026/frontend/node_modules/postcss/lib/processor.js:53:14)]
    [at transform (turbopack:///[turbopack-node]/transforms/postcss.ts:70:51)]
    [at run (turbopack:///[turbopack-node]/child_process/evaluate.ts:89:29)]
    [at run (turbopack:///[turbopack-node]/child_process/evaluate.ts:112:11)]

Import trace:
  Client Component Browser:
    ./Documents/REMUNERACIONES 2026/frontend/src/app/globals.css [Client Component Browser]
    ./Documents/REMUNERACIONES 2026/frontend/src/app/layout.tsx [Server Component] 
[browser] ./Documents/REMUNERACIONES 2026/frontend/src/app/globals.css
Error evaluating Node.js code
CssSyntaxError: /Users/juanvidalp/Documents/REMUNERACIONES 2026/frontend/src/app/globals.css:32:1: Unexpected }
    [at error (turbopack:///[project]/Documents/REMUNERACIONES 2026/frontend/node_modules/postcss/lib/input.js:135:16)]
    [at unexpectedClose (turbopack:///[project]/Documents/REMUNERACIONES 2026/frontend/node_modules/postcss/lib/parser.js:587:22)]
    [at end (turbopack:///[project]/Documents/REMUNERACIONES 2026/frontend/node_modules/postcss/lib/parser.js:330:12)]
    [at parse (turbopack:///[project]/Documents/REMUNERACIONES 2026/frontend/node_modules/postcss/lib/parser.js:456:16)]
    [at parser (turbopack:///[project]/Documents/REMUNERACIONES 2026/frontend/node_modules/postcss/lib/parse.js:11:12)]
    [at new LazyResult (turbopack:///[project]/Documents/REMUNERACIONES 2026/frontend/node_modules/postcss/lib/lazy-result.js:165:16)]
    [at process (turbopack:///[project]/Documents/REMUNERACIONES 2026/frontend/node_modules/postcss/lib/processor.js:53:14)]
    [at transform (turbopack:///[turbopack-node]/transforms/postcss.ts:70:51)]
    [at run (turbopack:///[turbopack-node]/child_process/evaluate.ts:89:29)]
    [at run (turbopack:///[turbopack-node]/child_process/evaluate.ts:112:11)]

Import trace:
  Client Component Browser:
    ./Documents/REMUNERACIONES 2026/frontend/src/app/globals.css [Client Component Browser]
    ./Documents/REMUNERACIONES 2026/frontend/src/app/layout.tsx [Server Component] 
[browser] ./Documents/REMUNERACIONES 2026/frontend/src/app/globals.css
Error evaluating Node.js code
CssSyntaxError: /Users/juanvidalp/Documents/REMUNERACIONES 2026/frontend/src/app/globals.css:32:1: Unexpected }
    [at error (turbopack:///[project]/Documents/REMUNERACIONES 2026/frontend/node_modules/postcss/lib/input.js:135:16)]
    [at unexpectedClose (turbopack:///[project]/Documents/REMUNERACIONES 2026/frontend/node_modules/postcss/lib/parser.js:587:22)]
    [at end (turbopack:///[project]/Documents/REMUNERACIONES 2026/frontend/node_modules/postcss/lib/parser.js:330:12)]
    [at parse (turbopack:///[project]/Documents/REMUNERACIONES 2026/frontend/node_modules/postcss/lib/parser.js:456:16)]
    [at parser (turbopack:///[project]/Documents/REMUNERACIONES 2026/frontend/node_modules/postcss/lib/parse.js:11:12)]
    [at new LazyResult (turbopack:///[project]/Documents/REMUNERACIONES 2026/frontend/node_modules/postcss/lib/lazy-result.js:165:16)]
    [at process (turbopack:///[project]/Documents/REMUNERACIONES 2026/frontend/node_modules/postcss/lib/processor.js:53:14)]
    [at transform (turbopack:///[turbopack-node]/transforms/postcss.ts:70:51)]
    [at run (turbopack:///[turbopack-node]/child_process/evaluate.ts:89:29)]
    [at run (turbopack:///[turbopack-node]/child_process/evaluate.ts:112:11)]

Import trace:
  Client Component Browser:
    ./Documents/REMUNERACIONES 2026/frontend/src/app/globals.css [Client Component Browser]
    ./Documents/REMUNERACIONES 2026/frontend/src/app/layout.tsx [Server Component] 
⨯ ./Documents/REMUNERACIONES 2026/frontend/src/app/globals.css
Error evaluating Node.js code
CssSyntaxError: /Users/juanvidalp/Documents/REMUNERACIONES 2026/frontend/src/app/globals.css:32:1: Unexpected }
    [at error (turbopack:///[project]/Documents/REMUNERACIONES 2026/frontend/node_modules/postcss/lib/input.js:135:16)]
    [at unexpectedClose (turbopack:///[project]/Documents/REMUNERACIONES 2026/frontend/node_modules/postcss/lib/parser.js:587:22)]
    [at end (turbopack:///[project]/Documents/REMUNERACIONES 2026/frontend/node_modules/postcss/lib/parser.js:330:12)]
    [at parse (turbopack:///[project]/Documents/REMUNERACIONES 2026/frontend/node_modules/postcss/lib/parser.js:456:16)]
    [at parser (turbopack:///[project]/Documents/REMUNERACIONES 2026/frontend/node_modules/postcss/lib/parse.js:11:12)]
    [at new LazyResult (turbopack:///[project]/Documents/REMUNERACIONES 2026/frontend/node_modules/postcss/lib/lazy-result.js:165:16)]
    [at process (turbopack:///[project]/Documents/REMUNERACIONES 2026/frontend/node_modules/postcss/lib/processor.js:53:14)]
    [at transform (turbopack:///[turbopack-node]/transforms/postcss.ts:70:51)]
    [at run (turbopack:///[turbopack-node]/child_process/evaluate.ts:89:29)]
    [at run (turbopack:///[turbopack-node]/child_process/evaluate.ts:112:11)]

Import trace:
  Client Component Browser:
    ./Documents/REMUNERACIONES 2026/frontend/src/app/globals.css [Client Component Browser]
    ./Documents/REMUNERACIONES 2026/frontend/src/app/layout.tsx [Server Component]


[browser] ./Documents/REMUNERACIONES 2026/frontend/src/app/globals.css
Error evaluating Node.js code
CssSyntaxError: /Users/juanvidalp/Documents/REMUNERACIONES 2026/frontend/src/app/globals.css:32:1: Unexpected }
    [at error (turbopack:///[project]/Documents/REMUNERACIONES 2026/frontend/node_modules/postcss/lib/input.js:135:16)]
    [at unexpectedClose (turbopack:///[project]/Documents/REMUNERACIONES 2026/frontend/node_modules/postcss/lib/parser.js:587:22)]
    [at end (turbopack:///[project]/Documents/REMUNERACIONES 2026/frontend/node_modules/postcss/lib/parser.js:330:12)]
    [at parse (turbopack:///[project]/Documents/REMUNERACIONES 2026/frontend/node_modules/postcss/lib/parser.js:456:16)]
    [at parser (turbopack:///[project]/Documents/REMUNERACIONES 2026/frontend/node_modules/postcss/lib/parse.js:11:12)]
    [at new LazyResult (turbopack:///[project]/Documents/REMUNERACIONES 2026/frontend/node_modules/postcss/lib/lazy-result.js:165:16)]
    [at process (turbopack:///[project]/Documents/REMUNERACIONES 2026/frontend/node_modules/postcss/lib/processor.js:53:14)]
    [at transform (turbopack:///[turbopack-node]/transforms/postcss.ts:70:51)]
    [at run (turbopack:///[turbopack-node]/child_process/evaluate.ts:89:29)]
    [at run (turbopack:///[turbopack-node]/child_process/evaluate.ts:112:11)]

Import trace:
  Client Component Browser:
    ./Documents/REMUNERACIONES 2026/frontend/src/app/globals.css [Client Component Browser]
    ./Documents/REMUNERACIONES 2026/frontend/src/app/layout.tsx [Server Component] 
[browser] ./Documents/REMUNERACIONES 2026/frontend/src/app/globals.css
Error evaluating Node.js code
CssSyntaxError: /Users/juanvidalp/Documents/REMUNERACIONES 2026/frontend/src/app/globals.css:32:1: Unexpected }
    [at error (turbopack:///[project]/Documents/REMUNERACIONES 2026/frontend/node_modules/postcss/lib/input.js:135:16)]
    [at unexpectedClose (turbopack:///[project]/Documents/REMUNERACIONES 2026/frontend/node_modules/postcss/lib/parser.js:587:22)]
    [at end (turbopack:///[project]/Documents/REMUNERACIONES 2026/frontend/node_modules/postcss/lib/parser.js:330:12)]
    [at parse (turbopack:///[project]/Documents/REMUNERACIONES 2026/frontend/node_modules/postcss/lib/parser.js:456:16)]
    [at parser (turbopack:///[project]/Documents/REMUNERACIONES 2026/frontend/node_modules/postcss/lib/parse.js:11:12)]
    [at new LazyResult (turbopack:///[project]/Documents/REMUNERACIONES 2026/frontend/node_modules/postcss/lib/lazy-result.js:165:16)]
    [at process (turbopack:///[project]/Documents/REMUNERACIONES 2026/frontend/node_modules/postcss/lib/processor.js:53:14)]
    [at transform (turbopack:///[turbopack-node]/transforms/postcss.ts:70:51)]
    [at run (turbopack:///[turbopack-node]/child_process/evaluate.ts:89:29)]
    [at run (turbopack:///[turbopack-node]/child_process/evaluate.ts:112:11)]

Import trace:
  Client Component Browser:
    ./Documents/REMUNERACIONES 2026/frontend/src/app/globals.css [Client Component Browser]
    ./Documents/REMUNERACIONES 2026/frontend/src/app/layout.tsx [Server Component] 
[browser] ./Documents/REMUNERACIONES 2026/frontend/src/app/globals.css
Error evaluating Node.js code
CssSyntaxError: /Users/juanvidalp/Documents/REMUNERACIONES 2026/frontend/src/app/globals.css:32:1: Unexpected }
    [at error (turbopack:///[project]/Documents/REMUNERACIONES 2026/frontend/node_modules/postcss/lib/input.js:135:16)]
    [at unexpectedClose (turbopack:///[project]/Documents/REMUNERACIONES 2026/frontend/node_modules/postcss/lib/parser.js:587:22)]
    [at end (turbopack:///[project]/Documents/REMUNERACIONES 2026/frontend/node_modules/postcss/lib/parser.js:330:12)]
    [at parse (turbopack:///[project]/Documents/REMUNERACIONES 2026/frontend/node_modules/postcss/lib/parser.js:456:16)]
    [at parser (turbopack:///[project]/Documents/REMUNERACIONES 2026/frontend/node_modules/postcss/lib/parse.js:11:12)]
    [at new LazyResult (turbopack:///[project]/Documents/REMUNERACIONES 2026/frontend/node_modules/postcss/lib/lazy-result.js:165:16)]
    [at process (turbopack:///[project]/Documents/REMUNERACIONES 2026/frontend/node_modules/postcss/lib/processor.js:53:14)]
    [at transform (turbopack:///[turbopack-node]/transforms/postcss.ts:70:51)]
    [at run (turbopack:///[turbopack-node]/child_process/evaluate.ts:89:29)]
    [at run (turbopack:///[turbopack-node]/child_process/evaluate.ts:112:11)]

Import trace:
  Client Component Browser:
    ./Documents/REMUNERACIONES 2026/frontend/src/app/globals.css [Client Component Browser]
    ./Documents/REMUNERACIONES 2026/frontend/src/app/layout.tsx [Server Component] 
 GET /consolidados 500 in 137ms (next.js: 110ms, application-code: 27ms)
[browser] ./Documents/REMUNERACIONES 2026/frontend/src/app/globals.css
Error evaluating Node.js code
CssSyntaxError: /Users/juanvidalp/Documents/REMUNERACIONES 2026/frontend/src/app/globals.css:32:1: Unexpected }
    [at error (turbopack:///[project]/Documents/REMUNERACIONES 2026/frontend/node_modules/postcss/lib/input.js:135:16)]
    [at unexpectedClose (turbopack:///[project]/Documents/REMUNERACIONES 2026/frontend/node_modules/postcss/lib/parser.js:587:22)]
    [at end (turbopack:///[project]/Documents/REMUNERACIONES 2026/frontend/node_modules/postcss/lib/parser.js:330:12)]
    [at parse (turbopack:///[project]/Documents/REMUNERACIONES 2026/frontend/node_modules/postcss/lib/parser.js:456:16)]
    [at parser (turbopack:///[project]/Documents/REMUNERACIONES 2026/frontend/node_modules/postcss/lib/parse.js:11:12)]
    [at new LazyResult (turbopack:///[project]/Documents/REMUNERACIONES 2026/frontend/node_modules/postcss/lib/lazy-result.js:165:16)]
    [at process (turbopack:///[project]/Documents/REMUNERACIONES 2026/frontend/node_modules/postcss/lib/processor.js:53:14)]
    [at transform (turbopack:///[turbopack-node]/transforms/postcss.ts:70:51)]
    [at run (turbopack:///[turbopack-node]/child_process/evaluate.ts:89:29)]
    [at run (turbopack:///[turbopack-node]/child_process/evaluate.ts:112:11)]

Import trace:
  Client Component Browser:
    ./Documents/REMUNERACIONES 2026/frontend/src/app/globals.css [Client Component Browser]
    ./Documents/REMUNERACIONES 2026/frontend/src/app/layout.tsx [Server Component] 
[browser] ./Documents/REMUNERACIONES 2026/frontend/src/app/globals.css
Error evaluating Node.js code
CssSyntaxError: /Users/juanvidalp/Documents/REMUNERACIONES 2026/frontend/src/app/globals.css:32:1: Unexpected }
    [at error (turbopack:///[project]/Documents/REMUNERACIONES 2026/frontend/node_modules/postcss/lib/input.js:135:16)]
    [at unexpectedClose (turbopack:///[project]/Documents/REMUNERACIONES 2026/frontend/node_modules/postcss/lib/parser.js:587:22)]
    [at end (turbopack:///[project]/Documents/REMUNERACIONES 2026/frontend/node_modules/postcss/lib/parser.js:330:12)]
    [at parse (turbopack:///[project]/Documents/REMUNERACIONES 2026/frontend/node_modules/postcss/lib/parser.js:456:16)]
    [at parser (turbopack:///[project]/Documents/REMUNERACIONES 2026/frontend/node_modules/postcss/lib/parse.js:11:12)]
    [at new LazyResult (turbopack:///[project]/Documents/REMUNERACIONES 2026/frontend/node_modules/postcss/lib/lazy-result.js:165:16)]
    [at process (turbopack:///[project]/Documents/REMUNERACIONES 2026/frontend/node_modules/postcss/lib/processor.js:53:14)]
    [at transform (turbopack:///[turbopack-node]/transforms/postcss.ts:70:51)]
    [at run (turbopack:///[turbopack-node]/child_process/evaluate.ts:89:29)]
    [at run (turbopack:///[turbopack-node]/child_process/evaluate.ts:112:11)]

Import trace:
  Client Component Browser:
    ./Documents/REMUNERACIONES 2026/frontend/src/app/globals.css [Client Component Browser]
    ./Documents/REMUNERACIONES 2026/frontend/src/app/layout.tsx [Server Component] 
[browser] Uncaught Error: ./Documents/REMUNERACIONES 2026/frontend/src/app/globals.css
Error evaluating Node.js code
CssSyntaxError: /Users/juanvidalp/Documents/REMUNERACIONES 2026/frontend/src/app/globals.css:32:1: Unexpected }
    [at error (turbopack:///[project]/Documents/REMUNERACIONES 2026/frontend/node_modules/postcss/lib/input.js:135:16)]
    [at unexpectedClose (turbopack:///[project]/Documents/REMUNERACIONES 2026/frontend/node_modules/postcss/lib/parser.js:587:22)]
    [at end (turbopack:///[project]/Documents/REMUNERACIONES 2026/frontend/node_modules/postcss/lib/parser.js:330:12)]
    [at parse (turbopack:///[project]/Documents/REMUNERACIONES 2026/frontend/node_modules/postcss/lib/parser.js:456:16)]
    [at parser (turbopack:///[project]/Documents/REMUNERACIONES 2026/frontend/node_modules/postcss/lib/parse.js:11:12)]
    [at new LazyResult (turbopack:///[project]/Documents/REMUNERACIONES 2026/frontend/node_modules/postcss/lib/lazy-result.js:165:16)]
    [at process (turbopack:///[project]/Documents/REMUNERACIONES 2026/frontend/node_modules/postcss/lib/processor.js:53:14)]
    [at transform (turbopack:///[turbopack-node]/transforms/postcss.ts:70:51)]
    [at run (turbopack:///[turbopack-node]/child_process/evaluate.ts:89:29)]
    [at run (turbopack:///[turbopack-node]/child_process/evaluate.ts:112:11)]

Import trace:
  Client Component Browser:
    ./Documents/REMUNERACIONES 2026/frontend/src/app/globals.css [Client Component Browser]
    ./Documents/REMUNERACIONES 2026/frontend/src/app/layout.tsx [Server Component]


[browser] ./Documents/REMUNERACIONES 2026/frontend/src/app/globals.css
Error evaluating Node.js code
CssSyntaxError: /Users/juanvidalp/Documents/REMUNERACIONES 2026/frontend/src/app/globals.css:32:1: Unexpected }
    [at error (turbopack:///[project]/Documents/REMUNERACIONES 2026/frontend/node_modules/postcss/lib/input.js:135:16)]
    [at unexpectedClose (turbopack:///[project]/Documents/REMUNERACIONES 2026/frontend/node_modules/postcss/lib/parser.js:587:22)]
    [at end (turbopack:///[project]/Documents/REMUNERACIONES 2026/frontend/node_modules/postcss/lib/parser.js:330:12)]
    [at parse (turbopack:///[project]/Documents/REMUNERACIONES 2026/frontend/node_modules/postcss/lib/parser.js:456:16)]
    [at parser (turbopack:///[project]/Documents/REMUNERACIONES 2026/frontend/node_modules/postcss/lib/parse.js:11:12)]
    [at new LazyResult (turbopack:///[project]/Documents/REMUNERACIONES 2026/frontend/node_modules/postcss/lib/lazy-result.js:165:16)]
    [at process (turbopack:///[project]/Documents/REMUNERACIONES 2026/frontend/node_modules/postcss/lib/processor.js:53:14)]
    [at transform (turbopack:///[turbopack-node]/transforms/postcss.ts:70:51)]
    [at run (turbopack:///[turbopack-node]/child_process/evaluate.ts:89:29)]
    [at run (turbopack:///[turbopack-node]/child_process/evaluate.ts:112:11)]

Import trace:
  Client Component Browser:
    ./Documents/REMUNERACIONES 2026/frontend/src/app/globals.css [Client Component Browser]
    ./Documents/REMUNERACIONES 2026/frontend/src/app/layout.tsx [Server Component] 
[browser] ./Documents/REMUNERACIONES 2026/frontend/src/app/globals.css
Error evaluating Node.js code
CssSyntaxError: /Users/juanvidalp/Documents/REMUNERACIONES 2026/frontend/src/app/globals.css:32:1: Unexpected }
    [at error (turbopack:///[project]/Documents/REMUNERACIONES 2026/frontend/node_modules/postcss/lib/input.js:135:16)]
    [at unexpectedClose (turbopack:///[project]/Documents/REMUNERACIONES 2026/frontend/node_modules/postcss/lib/parser.js:587:22)]
    [at end (turbopack:///[project]/Documents/REMUNERACIONES 2026/frontend/node_modules/postcss/lib/parser.js:330:12)]
    [at parse (turbopack:///[project]/Documents/REMUNERACIONES 2026/frontend/node_modules/postcss/lib/parser.js:456:16)]
    [at parser (turbopack:///[project]/Documents/REMUNERACIONES 2026/frontend/node_modules/postcss/lib/parse.js:11:12)]
    [at new LazyResult (turbopack:///[project]/Documents/REMUNERACIONES 2026/frontend/node_modules/postcss/lib/lazy-result.js:165:16)]
    [at process (turbopack:///[project]/Documents/REMUNERACIONES 2026/frontend/node_modules/postcss/lib/processor.js:53:14)]
    [at transform (turbopack:///[turbopack-node]/transforms/postcss.ts:70:51)]
    [at run (turbopack:///[turbopack-node]/child_process/evaluate.ts:89:29)]
    [at run (turbopack:///[turbopack-node]/child_process/evaluate.ts:112:11)]

Import trace:
  Client Component Browser:
    ./Documents/REMUNERACIONES 2026/frontend/src/app/globals.css [Client Component Browser]
    ./Documents/REMUNERACIONES 2026/frontend/src/app/layout.tsx [Server Component] 
[browser] ./Documents/REMUNERACIONES 2026/frontend/src/app/globals.css
Error evaluating Node.js code
CssSyntaxError: /Users/juanvidalp/Documents/REMUNERACIONES 2026/frontend/src/app/globals.css:32:1: Unexpected }
    [at error (turbopack:///[project]/Documents/REMUNERACIONES 2026/frontend/node_modules/postcss/lib/input.js:135:16)]
    [at unexpectedClose (turbopack:///[project]/Documents/REMUNERACIONES 2026/frontend/node_modules/postcss/lib/parser.js:587:22)]
    [at end (turbopack:///[project]/Documents/REMUNERACIONES 2026/frontend/node_modules/postcss/lib/parser.js:330:12)]
    [at parse (turbopack:///[project]/Documents/REMUNERACIONES 2026/frontend/node_modules/postcss/lib/parser.js:456:16)]
    [at parser (turbopack:///[project]/Documents/REMUNERACIONES 2026/frontend/node_modules/postcss/lib/parse.js:11:12)]
    [at new LazyResult (turbopack:///[project]/Documents/REMUNERACIONES 2026/frontend/node_modules/postcss/lib/lazy-result.js:165:16)]
    [at process (turbopack:///[project]/Documents/REMUNERACIONES 2026/frontend/node_modules/postcss/lib/processor.js:53:14)]
    [at transform (turbopack:///[turbopack-node]/transforms/postcss.ts:70:51)]
    [at run (turbopack:///[turbopack-node]/child_process/evaluate.ts:89:29)]
    [at run (turbopack:///[turbopack-node]/child_process/evaluate.ts:112:11)]

Import trace:
  Client Component Browser:
    ./Documents/REMUNERACIONES 2026/frontend/src/app/globals.css [Client Component Browser]
    ./Documents/REMUNERACIONES 2026/frontend/src/app/layout.tsx [Server Component] 
[browser] ./Documents/REMUNERACIONES 2026/frontend/src/app/globals.css
Error evaluating Node.js code
CssSyntaxError: /Users/juanvidalp/Documents/REMUNERACIONES 2026/frontend/src/app/globals.css:32:1: Unexpected }
    [at error (turbopack:///[project]/Documents/REMUNERACIONES 2026/frontend/node_modules/postcss/lib/input.js:135:16)]
    [at unexpectedClose (turbopack:///[project]/Documents/REMUNERACIONES 2026/frontend/node_modules/postcss/lib/parser.js:587:22)]
    [at end (turbopack:///[project]/Documents/REMUNERACIONES 2026/frontend/node_modules/postcss/lib/parser.js:330:12)]
    [at parse (turbopack:///[project]/Documents/REMUNERACIONES 2026/frontend/node_modules/postcss/lib/parser.js:456:16)]
    [at parser (turbopack:///[project]/Documents/REMUNERACIONES 2026/frontend/node_modules/postcss/lib/parse.js:11:12)]
    [at new LazyResult (turbopack:///[project]/Documents/REMUNERACIONES 2026/frontend/node_modules/postcss/lib/lazy-result.js:165:16)]
    [at process (turbopack:///[project]/Documents/REMUNERACIONES 2026/frontend/node_modules/postcss/lib/processor.js:53:14)]
    [at transform (turbopack:///[turbopack-node]/transforms/postcss.ts:70:51)]
    [at run (turbopack:///[turbopack-node]/child_process/evaluate.ts:89:29)]
    [at run (turbopack:///[turbopack-node]/child_process/evaluate.ts:112:11)]

Import trace:
  Client Component Browser:
    ./Documents/REMUNERACIONES 2026/frontend/src/app/globals.css [Client Component Browser]
    ./Documents/REMUNERACIONES 2026/frontend/src/app/layout.tsx [Server Component] 
[browser] ./Documents/REMUNERACIONES 2026/frontend/src/app/globals.css
Error evaluating Node.js code
CssSyntaxError: /Users/juanvidalp/Documents/REMUNERACIONES 2026/frontend/src/app/globals.css:32:1: Unexpected }
    [at error (turbopack:///[project]/Documents/REMUNERACIONES 2026/frontend/node_modules/postcss/lib/input.js:135:16)]
    [at unexpectedClose (turbopack:///[project]/Documents/REMUNERACIONES 2026/frontend/node_modules/postcss/lib/parser.js:587:22)]
    [at end (turbopack:///[project]/Documents/REMUNERACIONES 2026/frontend/node_modules/postcss/lib/parser.js:330:12)]
    [at parse (turbopack:///[project]/Documents/REMUNERACIONES 2026/frontend/node_modules/postcss/lib/parser.js:456:16)]
    [at parser (turbopack:///[project]/Documents/REMUNERACIONES 2026/frontend/node_modules/postcss/lib/parse.js:11:12)]
    [at new LazyResult (turbopack:///[project]/Documents/REMUNERACIONES 2026/frontend/node_modules/postcss/lib/lazy-result.js:165:16)]
    [at process (turbopack:///[project]/Documents/REMUNERACIONES 2026/frontend/node_modules/postcss/lib/processor.js:53:14)]
    [at transform (turbopack:///[turbopack-node]/transforms/postcss.ts:70:51)]
    [at run (turbopack:///[turbopack-node]/child_process/evaluate.ts:89:29)]
    [at run (turbopack:///[turbopack-node]/child_process/evaluate.ts:112:11)]

Import trace:
  Client Component Browser:
    ./Documents/REMUNERACIONES 2026/frontend/src/app/globals.css [Client Component Browser]
    ./Documents/REMUNERACIONES 2026/frontend/src/app/layout.tsx [Server Component] 
[browser] ./Documents/REMUNERACIONES 2026/frontend/src/app/globals.css
Error evaluating Node.js code
CssSyntaxError: /Users/juanvidalp/Documents/REMUNERACIONES 2026/frontend/src/app/globals.css:32:1: Unexpected }
    [at error (turbopack:///[project]/Documents/REMUNERACIONES 2026/frontend/node_modules/postcss/lib/input.js:135:16)]
    [at unexpectedClose (turbopack:///[project]/Documents/REMUNERACIONES 2026/frontend/node_modules/postcss/lib/parser.js:587:22)]
    [at end (turbopack:///[project]/Documents/REMUNERACIONES 2026/frontend/node_modules/postcss/lib/parser.js:330:12)]
    [at parse (turbopack:///[project]/Documents/REMUNERACIONES 2026/frontend/node_modules/postcss/lib/parser.js:456:16)]
    [at parser (turbopack:///[project]/Documents/REMUNERACIONES 2026/frontend/node_modules/postcss/lib/parse.js:11:12)]
    [at new LazyResult (turbopack:///[project]/Documents/REMUNERACIONES 2026/frontend/node_modules/postcss/lib/lazy-result.js:165:16)]
    [at process (turbopack:///[project]/Documents/REMUNERACIONES 2026/frontend/node_modules/postcss/lib/processor.js:53:14)]
    [at transform (turbopack:///[turbopack-node]/transforms/postcss.ts:70:51)]
    [at run (turbopack:///[turbopack-node]/child_process/evaluate.ts:89:29)]
    [at run (turbopack:///[turbopack-node]/child_process/evaluate.ts:112:11)]

Import trace:
  Client Component Browser:
    ./Documents/REMUNERACIONES 2026/frontend/src/app/globals.css [Client Component Browser]
    ./Documents/REMUNERACIONES 2026/frontend/src/app/layout.tsx [Server Component] 
[browser] ./Documents/REMUNERACIONES 2026/frontend/src/app/globals.css
Error evaluating Node.js code
CssSyntaxError: /Users/juanvidalp/Documents/REMUNERACIONES 2026/frontend/src/app/globals.css:32:1: Unexpected }
    [at error (turbopack:///[project]/Documents/REMUNERACIONES 2026/frontend/node_modules/postcss/lib/input.js:135:16)]
    [at unexpectedClose (turbopack:///[project]/Documents/REMUNERACIONES 2026/frontend/node_modules/postcss/lib/parser.js:587:22)]
    [at end (turbopack:///[project]/Documents/REMUNERACIONES 2026/frontend/node_modules/postcss/lib/parser.js:330:12)]
    [at parse (turbopack:///[project]/Documents/REMUNERACIONES 2026/frontend/node_modules/postcss/lib/parser.js:456:16)]
    [at parser (turbopack:///[project]/Documents/REMUNERACIONES 2026/frontend/node_modules/postcss/lib/parse.js:11:12)]
    [at new LazyResult (turbopack:///[project]/Documents/REMUNERACIONES 2026/frontend/node_modules/postcss/lib/lazy-result.js:165:16)]
    [at process (turbopack:///[project]/Documents/REMUNERACIONES 2026/frontend/node_modules/postcss/lib/processor.js:53:14)]
    [at transform (turbopack:///[turbopack-node]/transforms/postcss.ts:70:51)]
    [at run (turbopack:///[turbopack-node]/child_process/evaluate.ts:89:29)]
    [at run (turbopack:///[turbopack-node]/child_process/evaluate.ts:112:11)]

Import trace:
  Client Component Browser:
    ./Documents/REMUNERACIONES 2026/frontend/src/app/globals.css [Client Component Browser]
    ./Documents/REMUNERACIONES 2026/frontend/src/app/layout.tsx [Server Component] 
[browser] ./Documents/REMUNERACIONES 2026/frontend/src/app/globals.css
Error evaluating Node.js code
CssSyntaxError: /Users/juanvidalp/Documents/REMUNERACIONES 2026/frontend/src/app/globals.css:32:1: Unexpected }
    [at error (turbopack:///[project]/Documents/REMUNERACIONES 2026/frontend/node_modules/postcss/lib/input.js:135:16)]
    [at unexpectedClose (turbopack:///[project]/Documents/REMUNERACIONES 2026/frontend/node_modules/postcss/lib/parser.js:587:22)]
    [at end (turbopack:///[project]/Documents/REMUNERACIONES 2026/frontend/node_modules/postcss/lib/parser.js:330:12)]
    [at parse (turbopack:///[project]/Documents/REMUNERACIONES 2026/frontend/node_modules/postcss/lib/parser.js:456:16)]
    [at parser (turbopack:///[project]/Documents/REMUNERACIONES 2026/frontend/node_modules/postcss/lib/parse.js:11:12)]
    [at new LazyResult (turbopack:///[project]/Documents/REMUNERACIONES 2026/frontend/node_modules/postcss/lib/lazy-result.js:165:16)]
    [at process (turbopack:///[project]/Documents/REMUNERACIONES 2026/frontend/node_modules/postcss/lib/processor.js:53:14)]
    [at transform (turbopack:///[turbopack-node]/transforms/postcss.ts:70:51)]
    [at run (turbopack:///[turbopack-node]/child_process/evaluate.ts:89:29)]
    [at run (turbopack:///[turbopack-node]/child_process/evaluate.ts:112:11)]

Import trace:
  Client Component Browser:
    ./Documents/REMUNERACIONES 2026/frontend/src/app/globals.css [Client Component Browser]
    ./Documents/REMUNERACIONES 2026/frontend/src/app/layout.tsx [Server Component] 
[browser] ./Documents/REMUNERACIONES 2026/frontend/src/app/globals.css
Error evaluating Node.js code
CssSyntaxError: /Users/juanvidalp/Documents/REMUNERACIONES 2026/frontend/src/app/globals.css:32:1: Unexpected }
    [at error (turbopack:///[project]/Documents/REMUNERACIONES 2026/frontend/node_modules/postcss/lib/input.js:135:16)]
    [at unexpectedClose (turbopack:///[project]/Documents/REMUNERACIONES 2026/frontend/node_modules/postcss/lib/parser.js:587:22)]
    [at end (turbopack:///[project]/Documents/REMUNERACIONES 2026/frontend/node_modules/postcss/lib/parser.js:330:12)]
    [at parse (turbopack:///[project]/Documents/REMUNERACIONES 2026/frontend/node_modules/postcss/lib/parser.js:456:16)]
    [at parser (turbopack:///[project]/Documents/REMUNERACIONES 2026/frontend/node_modules/postcss/lib/parse.js:11:12)]
    [at new LazyResult (turbopack:///[project]/Documents/REMUNERACIONES 2026/frontend/node_modules/postcss/lib/lazy-result.js:165:16)]
    [at process (turbopack:///[project]/Documents/REMUNERACIONES 2026/frontend/node_modules/postcss/lib/processor.js:53:14)]
    [at transform (turbopack:///[turbopack-node]/transforms/postcss.ts:70:51)]
    [at run (turbopack:///[turbopack-node]/child_process/evaluate.ts:89:29)]
    [at run (turbopack:///[turbopack-node]/child_process/evaluate.ts:112:11)]

Import trace:
  Client Component Browser:
    ./Documents/REMUNERACIONES 2026/frontend/src/app/globals.css [Client Component Browser]
    ./Documents/REMUNERACIONES 2026/frontend/src/app/layout.tsx [Server Component] 
⨯ ./Documents/REMUNERACIONES 2026/frontend/src/app/globals.css
Error evaluating Node.js code
CssSyntaxError: /Users/juanvidalp/Documents/REMUNERACIONES 2026/frontend/src/app/globals.css:32:1: Unexpected }
    [at error (turbopack:///[project]/Documents/REMUNERACIONES 2026/frontend/node_modules/postcss/lib/input.js:135:16)]
    [at unexpectedClose (turbopack:///[project]/Documents/REMUNERACIONES 2026/frontend/node_modules/postcss/lib/parser.js:587:22)]
    [at end (turbopack:///[project]/Documents/REMUNERACIONES 2026/frontend/node_modules/postcss/lib/parser.js:330:12)]
    [at parse (turbopack:///[project]/Documents/REMUNERACIONES 2026/frontend/node_modules/postcss/lib/parser.js:456:16)]
    [at parser (turbopack:///[project]/Documents/REMUNERACIONES 2026/frontend/node_modules/postcss/lib/parse.js:11:12)]
    [at new LazyResult (turbopack:///[project]/Documents/REMUNERACIONES 2026/frontend/node_modules/postcss/lib/lazy-result.js:165:16)]
    [at process (turbopack:///[project]/Documents/REMUNERACIONES 2026/frontend/node_modules/postcss/lib/processor.js:53:14)]
    [at transform (turbopack:///[turbopack-node]/transforms/postcss.ts:70:51)]
    [at run (turbopack:///[turbopack-node]/child_process/evaluate.ts:89:29)]
    [at run (turbopack:///[turbopack-node]/child_process/evaluate.ts:112:11)]

Import trace:
  Client Component Browser:
    ./Documents/REMUNERACIONES 2026/frontend/src/app/globals.css [Client Component Browser]
    ./Documents/REMUNERACIONES 2026/frontend/src/app/layout.tsx [Server Component]


 GET /consolidados/1 500 in 217ms (next.js: 170ms, application-code: 47ms)
[browser] ./Documents/REMUNERACIONES 2026/frontend/src/app/globals.css
Error evaluating Node.js code
CssSyntaxError: /Users/juanvidalp/Documents/REMUNERACIONES 2026/frontend/src/app/globals.css:32:1: Unexpected }
    [at error (turbopack:///[project]/Documents/REMUNERACIONES 2026/frontend/node_modules/postcss/lib/input.js:135:16)]
    [at unexpectedClose (turbopack:///[project]/Documents/REMUNERACIONES 2026/frontend/node_modules/postcss/lib/parser.js:587:22)]
    [at end (turbopack:///[project]/Documents/REMUNERACIONES 2026/frontend/node_modules/postcss/lib/parser.js:330:12)]
    [at parse (turbopack:///[project]/Documents/REMUNERACIONES 2026/frontend/node_modules/postcss/lib/parser.js:456:16)]
    [at parser (turbopack:///[project]/Documents/REMUNERACIONES 2026/frontend/node_modules/postcss/lib/parse.js:11:12)]
    [at new LazyResult (turbopack:///[project]/Documents/REMUNERACIONES 2026/frontend/node_modules/postcss/lib/lazy-result.js:165:16)]
    [at process (turbopack:///[project]/Documents/REMUNERACIONES 2026/frontend/node_modules/postcss/lib/processor.js:53:14)]
    [at transform (turbopack:///[turbopack-node]/transforms/postcss.ts:70:51)]
    [at run (turbopack:///[turbopack-node]/child_process/evaluate.ts:89:29)]
    [at run (turbopack:///[turbopack-node]/child_process/evaluate.ts:112:11)]

Import trace:
  Client Component Browser:
    ./Documents/REMUNERACIONES 2026/frontend/src/app/globals.css [Client Component Browser]
    ./Documents/REMUNERACIONES 2026/frontend/src/app/layout.tsx [Server Component] 
[browser] ./Documents/REMUNERACIONES 2026/frontend/src/app/globals.css
Error evaluating Node.js code
CssSyntaxError: /Users/juanvidalp/Documents/REMUNERACIONES 2026/frontend/src/app/globals.css:32:1: Unexpected }
    [at error (turbopack:///[project]/Documents/REMUNERACIONES 2026/frontend/node_modules/postcss/lib/input.js:135:16)]
    [at unexpectedClose (turbopack:///[project]/Documents/REMUNERACIONES 2026/frontend/node_modules/postcss/lib/parser.js:587:22)]
    [at end (turbopack:///[project]/Documents/REMUNERACIONES 2026/frontend/node_modules/postcss/lib/parser.js:330:12)]
    [at parse (turbopack:///[project]/Documents/REMUNERACIONES 2026/frontend/node_modules/postcss/lib/parser.js:456:16)]
    [at parser (turbopack:///[project]/Documents/REMUNERACIONES 2026/frontend/node_modules/postcss/lib/parse.js:11:12)]
    [at new LazyResult (turbopack:///[project]/Documents/REMUNERACIONES 2026/frontend/node_modules/postcss/lib/lazy-result.js:165:16)]
    [at process (turbopack:///[project]/Documents/REMUNERACIONES 2026/frontend/node_modules/postcss/lib/processor.js:53:14)]
    [at transform (turbopack:///[turbopack-node]/transforms/postcss.ts:70:51)]
    [at run (turbopack:///[turbopack-node]/child_process/evaluate.ts:89:29)]
    [at run (turbopack:///[turbopack-node]/child_process/evaluate.ts:112:11)]

Import trace:
  Client Component Browser:
    ./Documents/REMUNERACIONES 2026/frontend/src/app/globals.css [Client Component Browser]
    ./Documents/REMUNERACIONES 2026/frontend/src/app/layout.tsx [Server Component] 
[browser] Uncaught Error: ./Documents/REMUNERACIONES 2026/frontend/src/app/globals.css
Error evaluating Node.js code
CssSyntaxError: /Users/juanvidalp/Documents/REMUNERACIONES 2026/frontend/src/app/globals.css:32:1: Unexpected }
    [at error (turbopack:///[project]/Documents/REMUNERACIONES 2026/frontend/node_modules/postcss/lib/input.js:135:16)]
    [at unexpectedClose (turbopack:///[project]/Documents/REMUNERACIONES 2026/frontend/node_modules/postcss/lib/parser.js:587:22)]
    [at end (turbopack:///[project]/Documents/REMUNERACIONES 2026/frontend/node_modules/postcss/lib/parser.js:330:12)]
    [at parse (turbopack:///[project]/Documents/REMUNERACIONES 2026/frontend/node_modules/postcss/lib/parser.js:456:16)]
    [at parser (turbopack:///[project]/Documents/REMUNERACIONES 2026/frontend/node_modules/postcss/lib/parse.js:11:12)]
    [at new LazyResult (turbopack:///[project]/Documents/REMUNERACIONES 2026/frontend/node_modules/postcss/lib/lazy-result.js:165:16)]
    [at process (turbopack:///[project]/Documents/REMUNERACIONES 2026/frontend/node_modules/postcss/lib/processor.js:53:14)]
    [at transform (turbopack:///[turbopack-node]/transforms/postcss.ts:70:51)]
    [at run (turbopack:///[turbopack-node]/child_process/evaluate.ts:89:29)]
    [at run (turbopack:///[turbopack-node]/child_process/evaluate.ts:112:11)]

Import trace:
  Client Component Browser:
    ./Documents/REMUNERACIONES 2026/frontend/src/app/globals.css [Client Component Browser]
    ./Documents/REMUNERACIONES 2026/frontend/src/app/layout.tsx [Server Component]


[browser] ./Documents/REMUNERACIONES 2026/frontend/src/app/globals.css
Error evaluating Node.js code
CssSyntaxError: /Users/juanvidalp/Documents/REMUNERACIONES 2026/frontend/src/app/globals.css:32:1: Unexpected }
    [at error (turbopack:///[project]/Documents/REMUNERACIONES 2026/frontend/node_modules/postcss/lib/input.js:135:16)]
    [at unexpectedClose (turbopack:///[project]/Documents/REMUNERACIONES 2026/frontend/node_modules/postcss/lib/parser.js:587:22)]
    [at end (turbopack:///[project]/Documents/REMUNERACIONES 2026/frontend/node_modules/postcss/lib/parser.js:330:12)]
    [at parse (turbopack:///[project]/Documents/REMUNERACIONES 2026/frontend/node_modules/postcss/lib/parser.js:456:16)]
    [at parser (turbopack:///[project]/Documents/REMUNERACIONES 2026/frontend/node_modules/postcss/lib/parse.js:11:12)]
    [at new LazyResult (turbopack:///[project]/Documents/REMUNERACIONES 2026/frontend/node_modules/postcss/lib/lazy-result.js:165:16)]
    [at process (turbopack:///[project]/Documents/REMUNERACIONES 2026/frontend/node_modules/postcss/lib/processor.js:53:14)]
    [at transform (turbopack:///[turbopack-node]/transforms/postcss.ts:70:51)]
    [at run (turbopack:///[turbopack-node]/child_process/evaluate.ts:89:29)]
    [at run (turbopack:///[turbopack-node]/child_process/evaluate.ts:112:11)]

Import trace:
  Client Component Browser:
    ./Documents/REMUNERACIONES 2026/frontend/src/app/globals.css [Client Component Browser]
    ./Documents/REMUNERACIONES 2026/frontend/src/app/layout.tsx [Server Component] 
[browser] ./Documents/REMUNERACIONES 2026/frontend/src/app/globals.css
Error evaluating Node.js code
CssSyntaxError: /Users/juanvidalp/Documents/REMUNERACIONES 2026/frontend/src/app/globals.css:32:1: Unexpected }
    [at error (turbopack:///[project]/Documents/REMUNERACIONES 2026/frontend/node_modules/postcss/lib/input.js:135:16)]
    [at unexpectedClose (turbopack:///[project]/Documents/REMUNERACIONES 2026/frontend/node_modules/postcss/lib/parser.js:587:22)]
    [at end (turbopack:///[project]/Documents/REMUNERACIONES 2026/frontend/node_modules/postcss/lib/parser.js:330:12)]
    [at parse (turbopack:///[project]/Documents/REMUNERACIONES 2026/frontend/node_modules/postcss/lib/parser.js:456:16)]
    [at parser (turbopack:///[project]/Documents/REMUNERACIONES 2026/frontend/node_modules/postcss/lib/parse.js:11:12)]
    [at new LazyResult (turbopack:///[project]/Documents/REMUNERACIONES 2026/frontend/node_modules/postcss/lib/lazy-result.js:165:16)]
    [at process (turbopack:///[project]/Documents/REMUNERACIONES 2026/frontend/node_modules/postcss/lib/processor.js:53:14)]
    [at transform (turbopack:///[turbopack-node]/transforms/postcss.ts:70:51)]
    [at run (turbopack:///[turbopack-node]/child_process/evaluate.ts:89:29)]
    [at run (turbopack:///[turbopack-node]/child_process/evaluate.ts:112:11)]

Import trace:
  Client Component Browser:
    ./Documents/REMUNERACIONES 2026/frontend/src/app/globals.css [Client Component Browser]
    ./Documents/REMUNERACIONES 2026/frontend/src/app/layout.tsx [Server Component] 
[browser] ./Documents/REMUNERACIONES 2026/frontend/src/app/globals.css
Error evaluating Node.js code
CssSyntaxError: /Users/juanvidalp/Documents/REMUNERACIONES 2026/frontend/src/app/globals.css:32:1: Unexpected }
    [at error (turbopack:///[project]/Documents/REMUNERACIONES 2026/frontend/node_modules/postcss/lib/input.js:135:16)]
    [at unexpectedClose (turbopack:///[project]/Documents/REMUNERACIONES 2026/frontend/node_modules/postcss/lib/parser.js:587:22)]
    [at end (turbopack:///[project]/Documents/REMUNERACIONES 2026/frontend/node_modules/postcss/lib/parser.js:330:12)]
    [at parse (turbopack:///[project]/Documents/REMUNERACIONES 2026/frontend/node_modules/postcss/lib/parser.js:456:16)]
    [at parser (turbopack:///[project]/Documents/REMUNERACIONES 2026/frontend/node_modules/postcss/lib/parse.js:11:12)]
    [at new LazyResult (turbopack:///[project]/Documents/REMUNERACIONES 2026/frontend/node_modules/postcss/lib/lazy-result.js:165:16)]
    [at process (turbopack:///[project]/Documents/REMUNERACIONES 2026/frontend/node_modules/postcss/lib/processor.js:53:14)]
    [at transform (turbopack:///[turbopack-node]/transforms/postcss.ts:70:51)]
    [at run (turbopack:///[turbopack-node]/child_process/evaluate.ts:89:29)]
    [at run (turbopack:///[turbopack-node]/child_process/evaluate.ts:112:11)]

Import trace:
  Client Component Browser:
    ./Documents/REMUNERACIONES 2026/frontend/src/app/globals.css [Client Component Browser]
    ./Documents/REMUNERACIONES 2026/frontend/src/app/layout.tsx [Server Component] 
[browser] ./Documents/REMUNERACIONES 2026/frontend/src/app/globals.css
Error evaluating Node.js code
CssSyntaxError: /Users/juanvidalp/Documents/REMUNERACIONES 2026/frontend/src/app/globals.css:32:1: Unexpected }
    [at error (turbopack:///[project]/Documents/REMUNERACIONES 2026/frontend/node_modules/postcss/lib/input.js:135:16)]
    [at unexpectedClose (turbopack:///[project]/Documents/REMUNERACIONES 2026/frontend/node_modules/postcss/lib/parser.js:587:22)]
    [at end (turbopack:///[project]/Documents/REMUNERACIONES 2026/frontend/node_modules/postcss/lib/parser.js:330:12)]
    [at parse (turbopack:///[project]/Documents/REMUNERACIONES 2026/frontend/node_modules/postcss/lib/parser.js:456:16)]
    [at parser (turbopack:///[project]/Documents/REMUNERACIONES 2026/frontend/node_modules/postcss/lib/parse.js:11:12)]
    [at new LazyResult (turbopack:///[project]/Documents/REMUNERACIONES 2026/frontend/node_modules/postcss/lib/lazy-result.js:165:16)]
    [at process (turbopack:///[project]/Documents/REMUNERACIONES 2026/frontend/node_modules/postcss/lib/processor.js:53:14)]
    [at transform (turbopack:///[turbopack-node]/transforms/postcss.ts:70:51)]
    [at run (turbopack:///[turbopack-node]/child_process/evaluate.ts:89:29)]
    [at run (turbopack:///[turbopack-node]/child_process/evaluate.ts:112:11)]

Import trace:
  Client Component Browser:
    ./Documents/REMUNERACIONES 2026/frontend/src/app/globals.css [Client Component Browser]
    ./Documents/REMUNERACIONES 2026/frontend/src/app/layout.tsx [Server Component] 
[browser] ./Documents/REMUNERACIONES 2026/frontend/src/app/globals.css
Error evaluating Node.js code
CssSyntaxError: /Users/juanvidalp/Documents/REMUNERACIONES 2026/frontend/src/app/globals.css:32:1: Unexpected }
    [at error (turbopack:///[project]/Documents/REMUNERACIONES 2026/frontend/node_modules/postcss/lib/input.js:135:16)]
    [at unexpectedClose (turbopack:///[project]/Documents/REMUNERACIONES 2026/frontend/node_modules/postcss/lib/parser.js:587:22)]
    [at end (turbopack:///[project]/Documents/REMUNERACIONES 2026/frontend/node_modules/postcss/lib/parser.js:330:12)]
    [at parse (turbopack:///[project]/Documents/REMUNERACIONES 2026/frontend/node_modules/postcss/lib/parser.js:456:16)]
    [at parser (turbopack:///[project]/Documents/REMUNERACIONES 2026/frontend/node_modules/postcss/lib/parse.js:11:12)]
    [at new LazyResult (turbopack:///[project]/Documents/REMUNERACIONES 2026/frontend/node_modules/postcss/lib/lazy-result.js:165:16)]
    [at process (turbopack:///[project]/Documents/REMUNERACIONES 2026/frontend/node_modules/postcss/lib/processor.js:53:14)]
    [at transform (turbopack:///[turbopack-node]/transforms/postcss.ts:70:51)]
    [at run (turbopack:///[turbopack-node]/child_process/evaluate.ts:89:29)]
    [at run (turbopack:///[turbopack-node]/child_process/evaluate.ts:112:11)]

Import trace:
  Client Component Browser:
    ./Documents/REMUNERACIONES 2026/frontend/src/app/globals.css [Client Component Browser]
    ./Documents/REMUNERACIONES 2026/frontend/src/app/layout.tsx [Server Component] 
[browser] ./Documents/REMUNERACIONES 2026/frontend/src/app/globals.css
Error evaluating Node.js code
CssSyntaxError: /Users/juanvidalp/Documents/REMUNERACIONES 2026/frontend/src/app/globals.css:32:1: Unexpected }
    [at error (turbopack:///[project]/Documents/REMUNERACIONES 2026/frontend/node_modules/postcss/lib/input.js:135:16)]
    [at unexpectedClose (turbopack:///[project]/Documents/REMUNERACIONES 2026/frontend/node_modules/postcss/lib/parser.js:587:22)]
    [at end (turbopack:///[project]/Documents/REMUNERACIONES 2026/frontend/node_modules/postcss/lib/parser.js:330:12)]
    [at parse (turbopack:///[project]/Documents/REMUNERACIONES 2026/frontend/node_modules/postcss/lib/parser.js:456:16)]
    [at parser (turbopack:///[project]/Documents/REMUNERACIONES 2026/frontend/node_modules/postcss/lib/parse.js:11:12)]
    [at new LazyResult (turbopack:///[project]/Documents/REMUNERACIONES 2026/frontend/node_modules/postcss/lib/lazy-result.js:165:16)]
    [at process (turbopack:///[project]/Documents/REMUNERACIONES 2026/frontend/node_modules/postcss/lib/processor.js:53:14)]
    [at transform (turbopack:///[turbopack-node]/transforms/postcss.ts:70:51)]
    [at run (turbopack:///[turbopack-node]/child_process/evaluate.ts:89:29)]
    [at run (turbopack:///[turbopack-node]/child_process/evaluate.ts:112:11)]

Import trace:
  Client Component Browser:
    ./Documents/REMUNERACIONES 2026/frontend/src/app/globals.css [Client Component Browser]
    ./Documents/REMUNERACIONES 2026/frontend/src/app/layout.tsx [Server Component] 
[browser] ./Documents/REMUNERACIONES 2026/frontend/src/app/globals.css
Error evaluating Node.js code
CssSyntaxError: /Users/juanvidalp/Documents/REMUNERACIONES 2026/frontend/src/app/globals.css:32:1: Unexpected }
    [at error (turbopack:///[project]/Documents/REMUNERACIONES 2026/frontend/node_modules/postcss/lib/input.js:135:16)]
    [at unexpectedClose (turbopack:///[project]/Documents/REMUNERACIONES 2026/frontend/node_modules/postcss/lib/parser.js:587:22)]
    [at end (turbopack:///[project]/Documents/REMUNERACIONES 2026/frontend/node_modules/postcss/lib/parser.js:330:12)]
    [at parse (turbopack:///[project]/Documents/REMUNERACIONES 2026/frontend/node_modules/postcss/lib/parser.js:456:16)]
    [at parser (turbopack:///[project]/Documents/REMUNERACIONES 2026/frontend/node_modules/postcss/lib/parse.js:11:12)]
    [at new LazyResult (turbopack:///[project]/Documents/REMUNERACIONES 2026/frontend/node_modules/postcss/lib/lazy-result.js:165:16)]
    [at process (turbopack:///[project]/Documents/REMUNERACIONES 2026/frontend/node_modules/postcss/lib/processor.js:53:14)]
    [at transform (turbopack:///[turbopack-node]/transforms/postcss.ts:70:51)]
    [at run (turbopack:///[turbopack-node]/child_process/evaluate.ts:89:29)]
    [at run (turbopack:///[turbopack-node]/child_process/evaluate.ts:112:11)]

Import trace:
  Client Component Browser:
    ./Documents/REMUNERACIONES 2026/frontend/src/app/globals.css [Client Component Browser]
    ./Documents/REMUNERACIONES 2026/frontend/src/app/layout.tsx [Server Component] 
[browser] ./Documents/REMUNERACIONES 2026/frontend/src/app/globals.css
Error evaluating Node.js code
CssSyntaxError: /Users/juanvidalp/Documents/REMUNERACIONES 2026/frontend/src/app/globals.css:32:1: Unexpected }
    [at error (turbopack:///[project]/Documents/REMUNERACIONES 2026/frontend/node_modules/postcss/lib/input.js:135:16)]
    [at unexpectedClose (turbopack:///[project]/Documents/REMUNERACIONES 2026/frontend/node_modules/postcss/lib/parser.js:587:22)]
    [at end (turbopack:///[project]/Documents/REMUNERACIONES 2026/frontend/node_modules/postcss/lib/parser.js:330:12)]
    [at parse (turbopack:///[project]/Documents/REMUNERACIONES 2026/frontend/node_modules/postcss/lib/parser.js:456:16)]
    [at parser (turbopack:///[project]/Documents/REMUNERACIONES 2026/frontend/node_modules/postcss/lib/parse.js:11:12)]
    [at new LazyResult (turbopack:///[project]/Documents/REMUNERACIONES 2026/frontend/node_modules/postcss/lib/lazy-result.js:165:16)]
    [at process (turbopack:///[project]/Documents/REMUNERACIONES 2026/frontend/node_modules/postcss/lib/processor.js:53:14)]
    [at transform (turbopack:///[turbopack-node]/transforms/postcss.ts:70:51)]
    [at run (turbopack:///[turbopack-node]/child_process/evaluate.ts:89:29)]
    [at run (turbopack:///[turbopack-node]/child_process/evaluate.ts:112:11)]

Import trace:
  Client Component Browser:
    ./Documents/REMUNERACIONES 2026/frontend/src/app/globals.css [Client Component Browser]
    ./Documents/REMUNERACIONES 2026/frontend/src/app/layout.tsx [Server Component] 
[browser] ./Documents/REMUNERACIONES 2026/frontend/src/app/globals.css
Error evaluating Node.js code
CssSyntaxError: /Users/juanvidalp/Documents/REMUNERACIONES 2026/frontend/src/app/globals.css:32:1: Unexpected }
    [at error (turbopack:///[project]/Documents/REMUNERACIONES 2026/frontend/node_modules/postcss/lib/input.js:135:16)]
    [at unexpectedClose (turbopack:///[project]/Documents/REMUNERACIONES 2026/frontend/node_modules/postcss/lib/parser.js:587:22)]
    [at end (turbopack:///[project]/Documents/REMUNERACIONES 2026/frontend/node_modules/postcss/lib/parser.js:330:12)]
    [at parse (turbopack:///[project]/Documents/REMUNERACIONES 2026/frontend/node_modules/postcss/lib/parser.js:456:16)]
    [at parser (turbopack:///[project]/Documents/REMUNERACIONES 2026/frontend/node_modules/postcss/lib/parse.js:11:12)]
    [at new LazyResult (turbopack:///[project]/Documents/REMUNERACIONES 2026/frontend/node_modules/postcss/lib/lazy-result.js:165:16)]
    [at process (turbopack:///[project]/Documents/REMUNERACIONES 2026/frontend/node_modules/postcss/lib/processor.js:53:14)]
    [at transform (turbopack:///[turbopack-node]/transforms/postcss.ts:70:51)]
    [at run (turbopack:///[turbopack-node]/child_process/evaluate.ts:89:29)]
    [at run (turbopack:///[turbopack-node]/child_process/evaluate.ts:112:11)]

Import trace:
  Client Component Browser:
    ./Documents/REMUNERACIONES 2026/frontend/src/app/globals.css [Client Component Browser]
    ./Documents/REMUNERACIONES 2026/frontend/src/app/layout.tsx [Server Component] 
✓ Compiled in 2.7s
⚠ Fast Refresh had to perform a full reload due to a runtime error.
 GET /consolidados/1 200 in 525ms (next.js: 183ms, application-code: 342ms)
 GET /consolidados/1 200 in 794ms (next.js: 53ms, application-code: 740ms)
 GET /consolidados/1 200 in 468ms (next.js: 27ms, application-code: 441ms)
 GET /consolidados/1 200 in 337ms (next.js: 42ms, application-code: 295ms)
 GET /consolidados/1 200 in 240ms (next.js: 26ms, application-code: 214ms)
 GET /consolidados/1 200 in 168ms (next.js: 12ms, application-code: 156ms)
 GET /consolidados/1 200 in 149ms (next.js: 5ms, application-code: 143ms)
 GET /consolidados/1 200 in 208ms (next.js: 7ms, application-code: 201ms)
 GET /consolidados/1 200 in 387ms (next.js: 9ms, application-code: 378ms)
 GET /consolidados/1 200 in 296ms (next.js: 14ms, application-code: 282ms)
 GET /consolidados/1 200 in 116ms (next.js: 4ms, application-code: 112ms)
 GET /consolidados/1 200 in 97ms (next.js: 6ms, application-code: 90ms)
 GET /consolidados/1 200 in 38ms (next.js: 6ms, application-code: 32ms)
 GET /consolidados 200 in 97ms (next.js: 42ms, application-code: 54ms)
 GET /consolidados/1 200 in 3.4s (next.js: 84ms, application-code: 3.3s)
✓ Compiled in 265ms
 GET /consolidados/1 200 in 117ms (next.js: 52ms, application-code: 65ms)
 GET / 200 in 51ms (next.js: 23ms, application-code: 28ms)
 GET /consolidados 200 in 17ms (next.js: 5ms, application-code: 12ms)
 GET /funcionarios 200 in 65ms (next.js: 35ms, application-code: 29ms)
 GET /importar 200 in 58ms (next.js: 30ms, application-code: 28ms)
 GET /reportes 404 in 43ms (next.js: 28ms, application-code: 16ms)
 GET /reportes 404 in 41ms (next.js: 7ms, application-code: 34ms)
 GET /funcionarios 200 in 25ms (next.js: 3ms, application-code: 22ms)
 GET /consolidados 200 in 59ms (next.js: 11ms, application-code: 48ms)
 GET /consolidados/1 200 in 34ms (next.js: 21ms, application-code: 13ms)
 GET /funcionarios 200 in 38ms (next.js: 8ms, application-code: 30ms)
 GET /consolidados 200 in 50ms (next.js: 9ms, application-code: 41ms)
 GET /consolidados/1 200 in 29ms (next.js: 12ms, application-code: 17ms)
✓ Compiled in 985ms
✓ Compiled in 176ms
 GET /funcionarios 200 in 233ms (next.js: 104ms, application-code: 129ms)
 GET /consolidados/1 200 in 1026ms (next.js: 259ms, application-code: 767ms)
 GET /consolidados 200 in 235ms (next.js: 42ms, application-code: 193ms)
 GET /consolidados/1 200 in 1327ms (next.js: 209ms, application-code: 1118ms)
 GET /funcionarios 200 in 524ms (next.js: 81ms, application-code: 443ms)
 GET /importar 200 in 293ms (next.js: 76ms, application-code: 217ms)
 GET /funcionarios 200 in 212ms (next.js: 51ms, application-code: 160ms)
 GET / 200 in 348ms (next.js: 108ms, application-code: 241ms)
 GET /funcionarios 200 in 463ms (next.js: 46ms, application-code: 417ms)
 GET /consolidados 200 in 372ms (next.js: 36ms, application-code: 336ms)
 GET /consolidados/1 200 in 236ms (next.js: 75ms, application-code: 161ms)
 GET /funcionarios 200 in 333ms (next.js: 44ms, application-code: 289ms)
 GET /consolidados 200 in 1169ms (next.js: 50ms, application-code: 1118ms)
 GET / 200 in 722ms (next.js: 73ms, application-code: 650ms)
 GET /consolidados 200 in 1339ms (next.js: 31ms, application-code: 1309ms)
 GET /consolidado-funcionarios 404 in 257ms (next.js: 67ms, application-code: 190ms)
 GET /reportes 404 in 387ms (next.js: 48ms, application-code: 339ms)
 GET /consolidados 200 in 305ms (next.js: 30ms, application-code: 275ms)
 GET /consolidados/1 200 in 300ms (next.js: 101ms, application-code: 199ms)
 GET /funcionarios 200 in 322ms (next.js: 74ms, application-code: 248ms)
✓ Compiled in 327ms
✓ Compiled in 422ms
 GET /consolidados 200 in 83ms (next.js: 25ms, application-code: 58ms)
 GET /consolidados/1 200 in 34ms (next.js: 10ms, application-code: 24ms)
 GET /funcionarios 200 in 87ms (next.js: 32ms, application-code: 55ms)
 GET /consolidados/1 200 in 319ms (next.js: 29ms, application-code: 290ms)
 GET /funcionarios 200 in 184ms (next.js: 26ms, application-code: 158ms)
 GET /consolidados/1 200 in 152ms (next.js: 32ms, application-code: 120ms)
 GET /funcionarios 200 in 130ms (next.js: 20ms, application-code: 110ms)
 GET /consolidados/1 200 in 214ms (next.js: 41ms, application-code: 173ms)
✓ Compiled in 390ms
✓ Compiled in 181ms
 GET /funcionarios 200 in 162ms (next.js: 62ms, application-code: 100ms)
 GET /consolidados/1 200 in 148ms (next.js: 62ms, application-code: 86ms)
 GET /funcionarios 200 in 127ms (next.js: 25ms, application-code: 103ms)
 GET /consolidados/1 200 in 127ms (next.js: 58ms, application-code: 69ms)
 GET /consolidados 200 in 65ms (next.js: 14ms, application-code: 51ms)
 GET /funcionarios 200 in 67ms (next.js: 7ms, application-code: 60ms)
 GET / 200 in 67ms (next.js: 28ms, application-code: 39ms)
 GET /consolidados 200 in 20ms (next.js: 6ms, application-code: 15ms)
 GET /funcionarios 200 in 16ms (next.js: 3ms, application-code: 13ms)
 GET /consolidados 200 in 48ms (next.js: 13ms, application-code: 36ms)
 GET /consolidados/2 200 in 31ms (next.js: 10ms, application-code: 20ms)
✓ Compiled in 594ms
✓ Compiled in 167ms
[browser] Uncaught ReferenceError: Circle is not defined
    at ConsolidadoDetailPage (../../REMUNERACIONES 2026/frontend/src/app/consolidados/[id]/page.tsx:362:101)
    at Set.forEach (<anonymous>)
  360 | ...-400" : "text-slate-500"
  361 | ...
> 362 | ...className="w-4 h-4 text-emerald-400" /> : <Circle className="w-4 h-4 text-slate-600" />}
      |                                               ^
  363 | ...
  364 | ...
  365 | ...ate={{ opacity: 1 }} className="mt-1">
 GET /consolidados/1 200 in 128ms (next.js: 51ms, application-code: 78ms)
[browser] Uncaught ReferenceError: Circle is not defined
    at ConsolidadoDetailPage (../../REMUNERACIONES 2026/frontend/src/app/consolidados/[id]/page.tsx:362:101)
  360 | ...-400" : "text-slate-500"
  361 | ...
> 362 | ...className="w-4 h-4 text-emerald-400" /> : <Circle className="w-4 h-4 text-slate-600" />}
      |                                               ^
  363 | ...
  364 | ...
  365 | ...ate={{ opacity: 1 }} className="mt-1">
 GET /consolidados/1 200 in 301ms (next.js: 22ms, application-code: 280ms)
[browser] Uncaught ReferenceError: Circle is not defined
    at ConsolidadoDetailPage (../../REMUNERACIONES 2026/frontend/src/app/consolidados/[id]/page.tsx:362:101)
  360 | ...-400" : "text-slate-500"
  361 | ...
> 362 | ...className="w-4 h-4 text-emerald-400" /> : <Circle className="w-4 h-4 text-slate-600" />}
      |                                               ^
  363 | ...
  364 | ...
  365 | ...ate={{ opacity: 1 }} className="mt-1">
✓ Compiled in 348ms
⚠ Fast Refresh had to perform a full reload due to a runtime error.
⚠ Fast Refresh had to perform a full reload due to a runtime error.
 GET /consolidados/1 200 in 822ms (next.js: 332ms, application-code: 490ms)
 GET /consolidados/2 200 in 801ms (next.js: 703ms, application-code: 98ms)
 GET /funcionarios 200 in 441ms (next.js: 210ms, application-code: 231ms)
 GET /funcionarios 200 in 71ms (next.js: 44ms, application-code: 27ms)
 GET /consolidados 200 in 60ms (next.js: 45ms, application-code: 15ms)
 GET /consolidados/1 200 in 24ms (next.js: 12ms, application-code: 12ms)
✓ Compiled in 916ms
 GET /consolidados/1 200 in 891ms (next.js: 550ms, application-code: 341ms)
 GET /consolidados/2 200 in 849ms (next.js: 783ms, application-code: 66ms)
 GET /consolidados/2 200 in 45ms (next.js: 20ms, application-code: 24ms)
 GET /consolidados/1 200 in 37ms (next.js: 8ms, application-code: 29ms)
 GET /consolidados/1 200 in 12ms (next.js: 1578µs, application-code: 10ms)
 GET /consolidados/2 200 in 403ms (next.js: 3ms, application-code: 400ms)
 GET /consolidados/1 200 in 84ms (next.js: 5ms, application-code: 80ms)
⨯ ./Documents/REMUNERACIONES 2026/frontend/src/components/Sidebar.tsx:6:1
Module not found: Can't resolve '@/lib/utils'
  [90m4 |[0m [36mimport[0m [33mLink[0m [36mfrom[0m [32m'next/link'[0m;
  [90m5 |[0m [36mimport[0m { usePathname } [36mfrom[0m [32m'next/navigation'[0m;
[31m[1m>[0m [90m6 |[0m [36mimport[0m { cn } [36mfrom[0m [32m"@/lib/utils"[0m; [90m// Assuming lib/utils exists or I'll use a simple classNa...[0m
  [90m  |[0m [31m[1m^^^^^^^^^^^^^^^^^^^^^^^^^^^^^^^^^[0m
  [90m7 |[0m
  [90m8 |[0m [36mexport[0m [36mdefault[0m [36mfunction[0m [33mSidebar[0m() {
  [90m9 |[0m   [36mconst[0m pathname = usePathname();

Import map: aliased to relative './src/lib/utils' inside of [project]/Documents/REMUNERACIONES 2026/frontend


Import trace:
  Server Component:
    ./Documents/REMUNERACIONES 2026/frontend/src/components/Sidebar.tsx
    ./Documents/REMUNERACIONES 2026/frontend/src/app/layout.tsx

https://nextjs.org/docs/messages/module-not-found


⨯ ./Documents/REMUNERACIONES 2026/frontend/src/components/Sidebar.tsx:6:1
Module not found: Can't resolve '@/lib/utils'
  [90m4 |[0m [36mimport[0m [33mLink[0m [36mfrom[0m [32m'next/link'[0m;
  [90m5 |[0m [36mimport[0m { usePathname } [36mfrom[0m [32m'next/navigation'[0m;
[31m[1m>[0m [90m6 |[0m [36mimport[0m { cn } [36mfrom[0m [32m"@/lib/utils"[0m; [90m// Assuming lib/utils exists or I'll use a simple classNa...[0m
  [90m  |[0m [31m[1m^^^^^^^^^^^^^^^^^^^^^^^^^^^^^^^^^[0m
  [90m7 |[0m
  [90m8 |[0m [36mexport[0m [36mdefault[0m [36mfunction[0m [33mSidebar[0m() {
  [90m9 |[0m   [36mconst[0m pathname = usePathname();

Import map: aliased to relative './src/lib/utils' inside of [project]/Documents/REMUNERACIONES 2026/frontend


Import trace:
  Server Component:
    ./Documents/REMUNERACIONES 2026/frontend/src/components/Sidebar.tsx
    ./Documents/REMUNERACIONES 2026/frontend/src/app/layout.tsx

https://nextjs.org/docs/messages/module-not-found


⨯ ./Documents/REMUNERACIONES 2026/frontend/src/components/Sidebar.tsx:6:1
Module not found: Can't resolve '@/lib/utils'
  [90m4 |[0m [36mimport[0m [33mLink[0m [36mfrom[0m [32m'next/link'[0m;
  [90m5 |[0m [36mimport[0m { usePathname } [36mfrom[0m [32m'next/navigation'[0m;
[31m[1m>[0m [90m6 |[0m [36mimport[0m { cn } [36mfrom[0m [32m"@/lib/utils"[0m; [90m// Assuming lib/utils exists or I'll use a simple classNa...[0m
  [90m  |[0m [31m[1m^^^^^^^^^^^^^^^^^^^^^^^^^^^^^^^^^[0m
  [90m7 |[0m
  [90m8 |[0m [36mexport[0m [36mdefault[0m [36mfunction[0m [33mSidebar[0m() {
  [90m9 |[0m   [36mconst[0m pathname = usePathname();

Import map: aliased to relative './src/lib/utils' inside of [project]/Documents/REMUNERACIONES 2026/frontend


Import trace:
  Server Component:
    ./Documents/REMUNERACIONES 2026/frontend/src/components/Sidebar.tsx
    ./Documents/REMUNERACIONES 2026/frontend/src/app/layout.tsx

https://nextjs.org/docs/messages/module-not-found


⨯ ./Documents/REMUNERACIONES 2026/frontend/src/components/Sidebar.tsx:6:1
Module not found: Can't resolve '@/lib/utils'
  [90m4 |[0m [36mimport[0m [33mLink[0m [36mfrom[0m [32m'next/link'[0m;
  [90m5 |[0m [36mimport[0m { usePathname } [36mfrom[0m [32m'next/navigation'[0m;
[31m[1m>[0m [90m6 |[0m [36mimport[0m { cn } [36mfrom[0m [32m"@/lib/utils"[0m; [90m// Assuming lib/utils exists or I'll use a simple classNa...[0m
  [90m  |[0m [31m[1m^^^^^^^^^^^^^^^^^^^^^^^^^^^^^^^^^[0m
  [90m7 |[0m
  [90m8 |[0m [36mexport[0m [36mdefault[0m [36mfunction[0m [33mSidebar[0m() {
  [90m9 |[0m   [36mconst[0m pathname = usePathname();

Import map: aliased to relative './src/lib/utils' inside of [project]/Documents/REMUNERACIONES 2026/frontend


Import trace:
  Server Component:
    ./Documents/REMUNERACIONES 2026/frontend/src/components/Sidebar.tsx
    ./Documents/REMUNERACIONES 2026/frontend/src/app/layout.tsx

https://nextjs.org/docs/messages/module-not-found


⨯ ./Documents/REMUNERACIONES 2026/frontend/src/components/Sidebar.tsx:6:1
Module not found: Can't resolve '@/lib/utils'
  [90m4 |[0m [36mimport[0m [33mLink[0m [36mfrom[0m [32m'next/link'[0m;
  [90m5 |[0m [36mimport[0m { usePathname } [36mfrom[0m [32m'next/navigation'[0m;
[31m[1m>[0m [90m6 |[0m [36mimport[0m { cn } [36mfrom[0m [32m"@/lib/utils"[0m; [90m// Assuming lib/utils exists or I'll use a simple classNa...[0m
  [90m  |[0m [31m[1m^^^^^^^^^^^^^^^^^^^^^^^^^^^^^^^^^[0m
  [90m7 |[0m
  [90m8 |[0m [36mexport[0m [36mdefault[0m [36mfunction[0m [33mSidebar[0m() {
  [90m9 |[0m   [36mconst[0m pathname = usePathname();

Import map: aliased to relative './src/lib/utils' inside of [project]/Documents/REMUNERACIONES 2026/frontend


Import trace:
  Server Component:
    ./Documents/REMUNERACIONES 2026/frontend/src/components/Sidebar.tsx
    ./Documents/REMUNERACIONES 2026/frontend/src/app/layout.tsx

https://nextjs.org/docs/messages/module-not-found


⨯ ./Documents/REMUNERACIONES 2026/frontend/src/components/Sidebar.tsx:6:1
Module not found: Can't resolve '@/lib/utils'
  [90m4 |[0m [36mimport[0m [33mLink[0m [36mfrom[0m [32m'next/link'[0m;
  [90m5 |[0m [36mimport[0m { usePathname } [36mfrom[0m [32m'next/navigation'[0m;
[31m[1m>[0m [90m6 |[0m [36mimport[0m { cn } [36mfrom[0m [32m"@/lib/utils"[0m; [90m// Assuming lib/utils exists or I'll use a simple classNa...[0m
  [90m  |[0m [31m[1m^^^^^^^^^^^^^^^^^^^^^^^^^^^^^^^^^[0m
  [90m7 |[0m
  [90m8 |[0m [36mexport[0m [36mdefault[0m [36mfunction[0m [33mSidebar[0m() {
  [90m9 |[0m   [36mconst[0m pathname = usePathname();

Import map: aliased to relative './src/lib/utils' inside of [project]/Documents/REMUNERACIONES 2026/frontend


Import trace:
  Server Component:
    ./Documents/REMUNERACIONES 2026/frontend/src/components/Sidebar.tsx
    ./Documents/REMUNERACIONES 2026/frontend/src/app/layout.tsx

https://nextjs.org/docs/messages/module-not-found


⨯ ./Documents/REMUNERACIONES 2026/frontend/src/components/Sidebar.tsx:6:1
Module not found: Can't resolve '@/lib/utils'
  [90m4 |[0m [36mimport[0m [33mLink[0m [36mfrom[0m [32m'next/link'[0m;
  [90m5 |[0m [36mimport[0m { usePathname } [36mfrom[0m [32m'next/navigation'[0m;
[31m[1m>[0m [90m6 |[0m [36mimport[0m { cn } [36mfrom[0m [32m"@/lib/utils"[0m; [90m// Assuming lib/utils exists or I'll use a simple classNa...[0m
  [90m  |[0m [31m[1m^^^^^^^^^^^^^^^^^^^^^^^^^^^^^^^^^[0m
  [90m7 |[0m
  [90m8 |[0m [36mexport[0m [36mdefault[0m [36mfunction[0m [33mSidebar[0m() {
  [90m9 |[0m   [36mconst[0m pathname = usePathname();

Import map: aliased to relative './src/lib/utils' inside of [project]/Documents/REMUNERACIONES 2026/frontend


Import trace:
  Server Component:
    ./Documents/REMUNERACIONES 2026/frontend/src/components/Sidebar.tsx
    ./Documents/REMUNERACIONES 2026/frontend/src/app/layout.tsx

https://nextjs.org/docs/messages/module-not-found


⨯ ./Documents/REMUNERACIONES 2026/frontend/src/components/Sidebar.tsx:6:1
Module not found: Can't resolve '@/lib/utils'
  [90m4 |[0m [36mimport[0m [33mLink[0m [36mfrom[0m [32m'next/link'[0m;
  [90m5 |[0m [36mimport[0m { usePathname } [36mfrom[0m [32m'next/navigation'[0m;
[31m[1m>[0m [90m6 |[0m [36mimport[0m { cn } [36mfrom[0m [32m"@/lib/utils"[0m; [90m// Assuming lib/utils exists or I'll use a simple classNa...[0m
  [90m  |[0m [31m[1m^^^^^^^^^^^^^^^^^^^^^^^^^^^^^^^^^[0m
  [90m7 |[0m
  [90m8 |[0m [36mexport[0m [36mdefault[0m [36mfunction[0m [33mSidebar[0m() {
  [90m9 |[0m   [36mconst[0m pathname = usePathname();

Import map: aliased to relative './src/lib/utils' inside of [project]/Documents/REMUNERACIONES 2026/frontend


Import trace:
  Server Component:
    ./Documents/REMUNERACIONES 2026/frontend/src/components/Sidebar.tsx
    ./Documents/REMUNERACIONES 2026/frontend/src/app/layout.tsx

https://nextjs.org/docs/messages/module-not-found


⨯ ./Documents/REMUNERACIONES 2026/frontend/src/components/Sidebar.tsx:6:1
Module not found: Can't resolve '@/lib/utils'
  [90m4 |[0m [36mimport[0m [33mLink[0m [36mfrom[0m [32m'next/link'[0m;
  [90m5 |[0m [36mimport[0m { usePathname } [36mfrom[0m [32m'next/navigation'[0m;
[31m[1m>[0m [90m6 |[0m [36mimport[0m { cn } [36mfrom[0m [32m"@/lib/utils"[0m; [90m// Assuming lib/utils exists or I'll use a simple classNa...[0m
  [90m  |[0m [31m[1m^^^^^^^^^^^^^^^^^^^^^^^^^^^^^^^^^[0m
  [90m7 |[0m
  [90m8 |[0m [36mexport[0m [36mdefault[0m [36mfunction[0m [33mSidebar[0m() {
  [90m9 |[0m   [36mconst[0m pathname = usePathname();

Import map: aliased to relative './src/lib/utils' inside of [project]/Documents/REMUNERACIONES 2026/frontend


Import trace:
  Server Component:
    ./Documents/REMUNERACIONES 2026/frontend/src/components/Sidebar.tsx
    ./Documents/REMUNERACIONES 2026/frontend/src/app/layout.tsx

https://nextjs.org/docs/messages/module-not-found


⨯ ./Documents/REMUNERACIONES 2026/frontend/src/components/Sidebar.tsx:6:1
Module not found: Can't resolve '@/lib/utils'
  [90m4 |[0m [36mimport[0m [33mLink[0m [36mfrom[0m [32m'next/link'[0m;
  [90m5 |[0m [36mimport[0m { usePathname } [36mfrom[0m [32m'next/navigation'[0m;
[31m[1m>[0m [90m6 |[0m [36mimport[0m { cn } [36mfrom[0m [32m"@/lib/utils"[0m; [90m// Assuming lib/utils exists or I'll use a simple classNa...[0m
  [90m  |[0m [31m[1m^^^^^^^^^^^^^^^^^^^^^^^^^^^^^^^^^[0m
  [90m7 |[0m
  [90m8 |[0m [36mexport[0m [36mdefault[0m [36mfunction[0m [33mSidebar[0m() {
  [90m9 |[0m   [36mconst[0m pathname = usePathname();

Import map: aliased to relative './src/lib/utils' inside of [project]/Documents/REMUNERACIONES 2026/frontend


Import trace:
  Server Component:
    ./Documents/REMUNERACIONES 2026/frontend/src/components/Sidebar.tsx
    ./Documents/REMUNERACIONES 2026/frontend/src/app/layout.tsx

https://nextjs.org/docs/messages/module-not-found


⨯ ./Documents/REMUNERACIONES 2026/frontend/src/components/Sidebar.tsx:6:1
Module not found: Can't resolve '@/lib/utils'
  [90m4 |[0m [36mimport[0m [33mLink[0m [36mfrom[0m [32m'next/link'[0m;
  [90m5 |[0m [36mimport[0m { usePathname } [36mfrom[0m [32m'next/navigation'[0m;
[31m[1m>[0m [90m6 |[0m [36mimport[0m { cn } [36mfrom[0m [32m"@/lib/utils"[0m; [90m// Assuming lib/utils exists or I'll use a simple classNa...[0m
  [90m  |[0m [31m[1m^^^^^^^^^^^^^^^^^^^^^^^^^^^^^^^^^[0m
  [90m7 |[0m
  [90m8 |[0m [36mexport[0m [36mdefault[0m [36mfunction[0m [33mSidebar[0m() {
  [90m9 |[0m   [36mconst[0m pathname = usePathname();

Import map: aliased to relative './src/lib/utils' inside of [project]/Documents/REMUNERACIONES 2026/frontend


Import trace:
  Server Component:
    ./Documents/REMUNERACIONES 2026/frontend/src/components/Sidebar.tsx
    ./Documents/REMUNERACIONES 2026/frontend/src/app/layout.tsx

https://nextjs.org/docs/messages/module-not-found


⨯ ./Documents/REMUNERACIONES 2026/frontend/src/components/Sidebar.tsx:6:1
Module not found: Can't resolve '@/lib/utils'
  [90m4 |[0m [36mimport[0m [33mLink[0m [36mfrom[0m [32m'next/link'[0m;
  [90m5 |[0m [36mimport[0m { usePathname } [36mfrom[0m [32m'next/navigation'[0m;
[31m[1m>[0m [90m6 |[0m [36mimport[0m { cn } [36mfrom[0m [32m"@/lib/utils"[0m; [90m// Assuming lib/utils exists or I'll use a simple classNa...[0m
  [90m  |[0m [31m[1m^^^^^^^^^^^^^^^^^^^^^^^^^^^^^^^^^[0m
  [90m7 |[0m
  [90m8 |[0m [36mexport[0m [36mdefault[0m [36mfunction[0m [33mSidebar[0m() {
  [90m9 |[0m   [36mconst[0m pathname = usePathname();

Import map: aliased to relative './src/lib/utils' inside of [project]/Documents/REMUNERACIONES 2026/frontend


Import trace:
  Server Component:
    ./Documents/REMUNERACIONES 2026/frontend/src/components/Sidebar.tsx
    ./Documents/REMUNERACIONES 2026/frontend/src/app/layout.tsx

https://nextjs.org/docs/messages/module-not-found


⨯ ./Documents/REMUNERACIONES 2026/frontend/src/components/Sidebar.tsx:6:1
Module not found: Can't resolve '@/lib/utils'
  [90m4 |[0m [36mimport[0m [33mLink[0m [36mfrom[0m [32m'next/link'[0m;
  [90m5 |[0m [36mimport[0m { usePathname } [36mfrom[0m [32m'next/navigation'[0m;
[31m[1m>[0m [90m6 |[0m [36mimport[0m { cn } [36mfrom[0m [32m"@/lib/utils"[0m; [90m// Assuming lib/utils exists or I'll use a simple classNa...[0m
  [90m  |[0m [31m[1m^^^^^^^^^^^^^^^^^^^^^^^^^^^^^^^^^[0m
  [90m7 |[0m
  [90m8 |[0m [36mexport[0m [36mdefault[0m [36mfunction[0m [33mSidebar[0m() {
  [90m9 |[0m   [36mconst[0m pathname = usePathname();

Import map: aliased to relative './src/lib/utils' inside of [project]/Documents/REMUNERACIONES 2026/frontend


Import trace:
  Server Component:
    ./Documents/REMUNERACIONES 2026/frontend/src/components/Sidebar.tsx
    ./Documents/REMUNERACIONES 2026/frontend/src/app/layout.tsx

https://nextjs.org/docs/messages/module-not-found


⨯ ./Documents/REMUNERACIONES 2026/frontend/src/components/Sidebar.tsx:6:1
Module not found: Can't resolve '@/lib/utils'
  [90m4 |[0m [36mimport[0m [33mLink[0m [36mfrom[0m [32m'next/link'[0m;
  [90m5 |[0m [36mimport[0m { usePathname } [36mfrom[0m [32m'next/navigation'[0m;
[31m[1m>[0m [90m6 |[0m [36mimport[0m { cn } [36mfrom[0m [32m"@/lib/utils"[0m; [90m// Assuming lib/utils exists or I'll use a simple classNa...[0m
  [90m  |[0m [31m[1m^^^^^^^^^^^^^^^^^^^^^^^^^^^^^^^^^[0m
  [90m7 |[0m
  [90m8 |[0m [36mexport[0m [36mdefault[0m [36mfunction[0m [33mSidebar[0m() {
  [90m9 |[0m   [36mconst[0m pathname = usePathname();

Import map: aliased to relative './src/lib/utils' inside of [project]/Documents/REMUNERACIONES 2026/frontend


Import trace:
  Server Component:
    ./Documents/REMUNERACIONES 2026/frontend/src/components/Sidebar.tsx
    ./Documents/REMUNERACIONES 2026/frontend/src/app/layout.tsx

https://nextjs.org/docs/messages/module-not-found


⨯ ./Documents/REMUNERACIONES 2026/frontend/src/components/Sidebar.tsx:6:1
Module not found: Can't resolve '@/lib/utils'
  [90m4 |[0m [36mimport[0m [33mLink[0m [36mfrom[0m [32m'next/link'[0m;
  [90m5 |[0m [36mimport[0m { usePathname } [36mfrom[0m [32m'next/navigation'[0m;
[31m[1m>[0m [90m6 |[0m [36mimport[0m { cn } [36mfrom[0m [32m"@/lib/utils"[0m; [90m// Assuming lib/utils exists or I'll use a simple classNa...[0m
  [90m  |[0m [31m[1m^^^^^^^^^^^^^^^^^^^^^^^^^^^^^^^^^[0m
  [90m7 |[0m
  [90m8 |[0m [36mexport[0m [36mdefault[0m [36mfunction[0m [33mSidebar[0m() {
  [90m9 |[0m   [36mconst[0m pathname = usePathname();

Import map: aliased to relative './src/lib/utils' inside of [project]/Documents/REMUNERACIONES 2026/frontend


Import trace:
  Server Component:
    ./Documents/REMUNERACIONES 2026/frontend/src/components/Sidebar.tsx
    ./Documents/REMUNERACIONES 2026/frontend/src/app/layout.tsx

https://nextjs.org/docs/messages/module-not-found


⨯ ./Documents/REMUNERACIONES 2026/frontend/src/components/Sidebar.tsx:6:1
Module not found: Can't resolve '@/lib/utils'
  [90m4 |[0m [36mimport[0m [33mLink[0m [36mfrom[0m [32m'next/link'[0m;
  [90m5 |[0m [36mimport[0m { usePathname } [36mfrom[0m [32m'next/navigation'[0m;
[31m[1m>[0m [90m6 |[0m [36mimport[0m { cn } [36mfrom[0m [32m"@/lib/utils"[0m; [90m// Assuming lib/utils exists or I'll use a simple classNa...[0m
  [90m  |[0m [31m[1m^^^^^^^^^^^^^^^^^^^^^^^^^^^^^^^^^[0m
  [90m7 |[0m
  [90m8 |[0m [36mexport[0m [36mdefault[0m [36mfunction[0m [33mSidebar[0m() {
  [90m9 |[0m   [36mconst[0m pathname = usePathname();

Import map: aliased to relative './src/lib/utils' inside of [project]/Documents/REMUNERACIONES 2026/frontend


Import trace:
  Server Component:
    ./Documents/REMUNERACIONES 2026/frontend/src/components/Sidebar.tsx
    ./Documents/REMUNERACIONES 2026/frontend/src/app/layout.tsx

https://nextjs.org/docs/messages/module-not-found


⨯ ./Documents/REMUNERACIONES 2026/frontend/src/components/Sidebar.tsx:6:1
Module not found: Can't resolve '@/lib/utils'
  [90m4 |[0m [36mimport[0m [33mLink[0m [36mfrom[0m [32m'next/link'[0m;
  [90m5 |[0m [36mimport[0m { usePathname } [36mfrom[0m [32m'next/navigation'[0m;
[31m[1m>[0m [90m6 |[0m [36mimport[0m { cn } [36mfrom[0m [32m"@/lib/utils"[0m; [90m// Assuming lib/utils exists or I'll use a simple classNa...[0m
  [90m  |[0m [31m[1m^^^^^^^^^^^^^^^^^^^^^^^^^^^^^^^^^[0m
  [90m7 |[0m
  [90m8 |[0m [36mexport[0m [36mdefault[0m [36mfunction[0m [33mSidebar[0m() {
  [90m9 |[0m   [36mconst[0m pathname = usePathname();

Import map: aliased to relative './src/lib/utils' inside of [project]/Documents/REMUNERACIONES 2026/frontend


Import trace:
  Server Component:
    ./Documents/REMUNERACIONES 2026/frontend/src/components/Sidebar.tsx
    ./Documents/REMUNERACIONES 2026/frontend/src/app/layout.tsx

https://nextjs.org/docs/messages/module-not-found


⨯ ./Documents/REMUNERACIONES 2026/frontend/src/components/Sidebar.tsx:6:1
Module not found: Can't resolve '@/lib/utils'
  [90m4 |[0m [36mimport[0m [33mLink[0m [36mfrom[0m [32m'next/link'[0m;
  [90m5 |[0m [36mimport[0m { usePathname } [36mfrom[0m [32m'next/navigation'[0m;
[31m[1m>[0m [90m6 |[0m [36mimport[0m { cn } [36mfrom[0m [32m"@/lib/utils"[0m; [90m// Assuming lib/utils exists or I'll use a simple classNa...[0m
  [90m  |[0m [31m[1m^^^^^^^^^^^^^^^^^^^^^^^^^^^^^^^^^[0m
  [90m7 |[0m
  [90m8 |[0m [36mexport[0m [36mdefault[0m [36mfunction[0m [33mSidebar[0m() {
  [90m9 |[0m   [36mconst[0m pathname = usePathname();

Import map: aliased to relative './src/lib/utils' inside of [project]/Documents/REMUNERACIONES 2026/frontend


Import trace:
  Server Component:
    ./Documents/REMUNERACIONES 2026/frontend/src/components/Sidebar.tsx
    ./Documents/REMUNERACIONES 2026/frontend/src/app/layout.tsx

https://nextjs.org/docs/messages/module-not-found


⨯ ./Documents/REMUNERACIONES 2026/frontend/src/components/Sidebar.tsx:6:1
Module not found: Can't resolve '@/lib/utils'
  [90m4 |[0m [36mimport[0m [33mLink[0m [36mfrom[0m [32m'next/link'[0m;
  [90m5 |[0m [36mimport[0m { usePathname } [36mfrom[0m [32m'next/navigation'[0m;
[31m[1m>[0m [90m6 |[0m [36mimport[0m { cn } [36mfrom[0m [32m"@/lib/utils"[0m; [90m// Assuming lib/utils exists or I'll use a simple classNa...[0m
  [90m  |[0m [31m[1m^^^^^^^^^^^^^^^^^^^^^^^^^^^^^^^^^[0m
  [90m7 |[0m
  [90m8 |[0m [36mexport[0m [36mdefault[0m [36mfunction[0m [33mSidebar[0m() {
  [90m9 |[0m   [36mconst[0m pathname = usePathname();

Import map: aliased to relative './src/lib/utils' inside of [project]/Documents/REMUNERACIONES 2026/frontend


Import trace:
  Server Component:
    ./Documents/REMUNERACIONES 2026/frontend/src/components/Sidebar.tsx
    ./Documents/REMUNERACIONES 2026/frontend/src/app/layout.tsx

https://nextjs.org/docs/messages/module-not-found


⨯ ./Documents/REMUNERACIONES 2026/frontend/src/components/Sidebar.tsx:6:1
Module not found: Can't resolve '@/lib/utils'
  [90m4 |[0m [36mimport[0m [33mLink[0m [36mfrom[0m [32m'next/link'[0m;
  [90m5 |[0m [36mimport[0m { usePathname } [36mfrom[0m [32m'next/navigation'[0m;
[31m[1m>[0m [90m6 |[0m [36mimport[0m { cn } [36mfrom[0m [32m"@/lib/utils"[0m; [90m// Assuming lib/utils exists or I'll use a simple classNa...[0m
  [90m  |[0m [31m[1m^^^^^^^^^^^^^^^^^^^^^^^^^^^^^^^^^[0m
  [90m7 |[0m
  [90m8 |[0m [36mexport[0m [36mdefault[0m [36mfunction[0m [33mSidebar[0m() {
  [90m9 |[0m   [36mconst[0m pathname = usePathname();

Import map: aliased to relative './src/lib/utils' inside of [project]/Documents/REMUNERACIONES 2026/frontend


Import trace:
  Server Component:
    ./Documents/REMUNERACIONES 2026/frontend/src/components/Sidebar.tsx
    ./Documents/REMUNERACIONES 2026/frontend/src/app/layout.tsx

https://nextjs.org/docs/messages/module-not-found


⨯ ./Documents/REMUNERACIONES 2026/frontend/src/components/Sidebar.tsx:6:1
Module not found: Can't resolve '@/lib/utils'
  [90m4 |[0m [36mimport[0m [33mLink[0m [36mfrom[0m [32m'next/link'[0m;
  [90m5 |[0m [36mimport[0m { usePathname } [36mfrom[0m [32m'next/navigation'[0m;
[31m[1m>[0m [90m6 |[0m [36mimport[0m { cn } [36mfrom[0m [32m"@/lib/utils"[0m; [90m// Assuming lib/utils exists or I'll use a simple classNa...[0m
  [90m  |[0m [31m[1m^^^^^^^^^^^^^^^^^^^^^^^^^^^^^^^^^[0m
  [90m7 |[0m
  [90m8 |[0m [36mexport[0m [36mdefault[0m [36mfunction[0m [33mSidebar[0m() {
  [90m9 |[0m   [36mconst[0m pathname = usePathname();

Import map: aliased to relative './src/lib/utils' inside of [project]/Documents/REMUNERACIONES 2026/frontend


Import trace:
  Server Component:
    ./Documents/REMUNERACIONES 2026/frontend/src/components/Sidebar.tsx
    ./Documents/REMUNERACIONES 2026/frontend/src/app/layout.tsx

https://nextjs.org/docs/messages/module-not-found


⨯ ./Documents/REMUNERACIONES 2026/frontend/src/components/Sidebar.tsx:6:1
Module not found: Can't resolve '@/lib/utils'
  [90m4 |[0m [36mimport[0m [33mLink[0m [36mfrom[0m [32m'next/link'[0m;
  [90m5 |[0m [36mimport[0m { usePathname } [36mfrom[0m [32m'next/navigation'[0m;
[31m[1m>[0m [90m6 |[0m [36mimport[0m { cn } [36mfrom[0m [32m"@/lib/utils"[0m; [90m// Assuming lib/utils exists or I'll use a simple classNa...[0m
  [90m  |[0m [31m[1m^^^^^^^^^^^^^^^^^^^^^^^^^^^^^^^^^[0m
  [90m7 |[0m
  [90m8 |[0m [36mexport[0m [36mdefault[0m [36mfunction[0m [33mSidebar[0m() {
  [90m9 |[0m   [36mconst[0m pathname = usePathname();

Import map: aliased to relative './src/lib/utils' inside of [project]/Documents/REMUNERACIONES 2026/frontend


Import trace:
  Server Component:
    ./Documents/REMUNERACIONES 2026/frontend/src/components/Sidebar.tsx
    ./Documents/REMUNERACIONES 2026/frontend/src/app/layout.tsx

https://nextjs.org/docs/messages/module-not-found


⨯ ./Documents/REMUNERACIONES 2026/frontend/src/components/Sidebar.tsx:6:1
Module not found: Can't resolve '@/lib/utils'
  [90m4 |[0m [36mimport[0m [33mLink[0m [36mfrom[0m [32m'next/link'[0m;
  [90m5 |[0m [36mimport[0m { usePathname } [36mfrom[0m [32m'next/navigation'[0m;
[31m[1m>[0m [90m6 |[0m [36mimport[0m { cn } [36mfrom[0m [32m"@/lib/utils"[0m; [90m// Assuming lib/utils exists or I'll use a simple classNa...[0m
  [90m  |[0m [31m[1m^^^^^^^^^^^^^^^^^^^^^^^^^^^^^^^^^[0m
  [90m7 |[0m
  [90m8 |[0m [36mexport[0m [36mdefault[0m [36mfunction[0m [33mSidebar[0m() {
  [90m9 |[0m   [36mconst[0m pathname = usePathname();

Import map: aliased to relative './src/lib/utils' inside of [project]/Documents/REMUNERACIONES 2026/frontend


Import trace:
  Server Component:
    ./Documents/REMUNERACIONES 2026/frontend/src/components/Sidebar.tsx
    ./Documents/REMUNERACIONES 2026/frontend/src/app/layout.tsx

https://nextjs.org/docs/messages/module-not-found


⨯ ./Documents/REMUNERACIONES 2026/frontend/src/components/Sidebar.tsx:6:1
Module not found: Can't resolve '@/lib/utils'
  [90m4 |[0m [36mimport[0m [33mLink[0m [36mfrom[0m [32m'next/link'[0m;
  [90m5 |[0m [36mimport[0m { usePathname } [36mfrom[0m [32m'next/navigation'[0m;
[31m[1m>[0m [90m6 |[0m [36mimport[0m { cn } [36mfrom[0m [32m"@/lib/utils"[0m; [90m// Assuming lib/utils exists or I'll use a simple classNa...[0m
  [90m  |[0m [31m[1m^^^^^^^^^^^^^^^^^^^^^^^^^^^^^^^^^[0m
  [90m7 |[0m
  [90m8 |[0m [36mexport[0m [36mdefault[0m [36mfunction[0m [33mSidebar[0m() {
  [90m9 |[0m   [36mconst[0m pathname = usePathname();

Import map: aliased to relative './src/lib/utils' inside of [project]/Documents/REMUNERACIONES 2026/frontend


Import trace:
  Server Component:
    ./Documents/REMUNERACIONES 2026/frontend/src/components/Sidebar.tsx
    ./Documents/REMUNERACIONES 2026/frontend/src/app/layout.tsx

https://nextjs.org/docs/messages/module-not-found


⨯ ./Documents/REMUNERACIONES 2026/frontend/src/components/Sidebar.tsx:6:1
Module not found: Can't resolve '@/lib/utils'
  [90m4 |[0m [36mimport[0m [33mLink[0m [36mfrom[0m [32m'next/link'[0m;
  [90m5 |[0m [36mimport[0m { usePathname } [36mfrom[0m [32m'next/navigation'[0m;
[31m[1m>[0m [90m6 |[0m [36mimport[0m { cn } [36mfrom[0m [32m"@/lib/utils"[0m; [90m// Assuming lib/utils exists or I'll use a simple classNa...[0m
  [90m  |[0m [31m[1m^^^^^^^^^^^^^^^^^^^^^^^^^^^^^^^^^[0m
  [90m7 |[0m
  [90m8 |[0m [36mexport[0m [36mdefault[0m [36mfunction[0m [33mSidebar[0m() {
  [90m9 |[0m   [36mconst[0m pathname = usePathname();

Import map: aliased to relative './src/lib/utils' inside of [project]/Documents/REMUNERACIONES 2026/frontend


Import trace:
  Server Component:
    ./Documents/REMUNERACIONES 2026/frontend/src/components/Sidebar.tsx
    ./Documents/REMUNERACIONES 2026/frontend/src/app/layout.tsx

https://nextjs.org/docs/messages/module-not-found


⨯ ./Documents/REMUNERACIONES 2026/frontend/src/components/Sidebar.tsx:6:1
Module not found: Can't resolve '@/lib/utils'
  [90m4 |[0m [36mimport[0m [33mLink[0m [36mfrom[0m [32m'next/link'[0m;
  [90m5 |[0m [36mimport[0m { usePathname } [36mfrom[0m [32m'next/navigation'[0m;
[31m[1m>[0m [90m6 |[0m [36mimport[0m { cn } [36mfrom[0m [32m"@/lib/utils"[0m; [90m// Assuming lib/utils exists or I'll use a simple classNa...[0m
  [90m  |[0m [31m[1m^^^^^^^^^^^^^^^^^^^^^^^^^^^^^^^^^[0m
  [90m7 |[0m
  [90m8 |[0m [36mexport[0m [36mdefault[0m [36mfunction[0m [33mSidebar[0m() {
  [90m9 |[0m   [36mconst[0m pathname = usePathname();

Import map: aliased to relative './src/lib/utils' inside of [project]/Documents/REMUNERACIONES 2026/frontend


Import trace:
  Server Component:
    ./Documents/REMUNERACIONES 2026/frontend/src/components/Sidebar.tsx
    ./Documents/REMUNERACIONES 2026/frontend/src/app/layout.tsx

https://nextjs.org/docs/messages/module-not-found


 GET /consolidados/2 500 in 51ms (next.js: 25ms, application-code: 26ms)
 GET /consolidados/1 500 in 53ms (next.js: 46ms, application-code: 7ms)
⨯ ./Documents/REMUNERACIONES 2026/frontend/src/components/Sidebar.tsx:6:1
Module not found: Can't resolve '@/lib/utils'
  [90m4 |[0m [36mimport[0m [33mLink[0m [36mfrom[0m [32m'next/link'[0m;
  [90m5 |[0m [36mimport[0m { usePathname } [36mfrom[0m [32m'next/navigation'[0m;
[31m[1m>[0m [90m6 |[0m [36mimport[0m { cn } [36mfrom[0m [32m"@/lib/utils"[0m; [90m// Assuming lib/utils exists or I'll use a simple classNa...[0m
  [90m  |[0m [31m[1m^^^^^^^^^^^^^^^^^^^^^^^^^^^^^^^^^[0m
  [90m7 |[0m
  [90m8 |[0m [36mexport[0m [36mdefault[0m [36mfunction[0m [33mSidebar[0m() {
  [90m9 |[0m   [36mconst[0m pathname = usePathname();

Import map: aliased to relative './src/lib/utils' inside of [project]/Documents/REMUNERACIONES 2026/frontend


Import trace:
  Server Component:
    ./Documents/REMUNERACIONES 2026/frontend/src/components/Sidebar.tsx
    ./Documents/REMUNERACIONES 2026/frontend/src/app/layout.tsx

https://nextjs.org/docs/messages/module-not-found


 GET /consolidados/1 500 in 43ms (next.js: 25ms, application-code: 18ms)
⨯ ./Documents/REMUNERACIONES 2026/frontend/src/components/Sidebar.tsx:6:1
Module not found: Can't resolve '@/lib/utils'
  [90m4 |[0m [36mimport[0m [33mLink[0m [36mfrom[0m [32m'next/link'[0m;
  [90m5 |[0m [36mimport[0m { usePathname } [36mfrom[0m [32m'next/navigation'[0m;
[31m[1m>[0m [90m6 |[0m [36mimport[0m { cn } [36mfrom[0m [32m"@/lib/utils"[0m; [90m// Assuming lib/utils exists or I'll use a simple classNa...[0m
  [90m  |[0m [31m[1m^^^^^^^^^^^^^^^^^^^^^^^^^^^^^^^^^[0m
  [90m7 |[0m
  [90m8 |[0m [36mexport[0m [36mdefault[0m [36mfunction[0m [33mSidebar[0m() {
  [90m9 |[0m   [36mconst[0m pathname = usePathname();

Import map: aliased to relative './src/lib/utils' inside of [project]/Documents/REMUNERACIONES 2026/frontend


Import trace:
  Server Component:
    ./Documents/REMUNERACIONES 2026/frontend/src/components/Sidebar.tsx
    ./Documents/REMUNERACIONES 2026/frontend/src/app/layout.tsx

https://nextjs.org/docs/messages/module-not-found


⨯ ./Documents/REMUNERACIONES 2026/frontend/src/components/Sidebar.tsx:6:1
Module not found: Can't resolve '@/lib/utils'
  [90m4 |[0m [36mimport[0m [33mLink[0m [36mfrom[0m [32m'next/link'[0m;
  [90m5 |[0m [36mimport[0m { usePathname } [36mfrom[0m [32m'next/navigation'[0m;
[31m[1m>[0m [90m6 |[0m [36mimport[0m { cn } [36mfrom[0m [32m"@/lib/utils"[0m; [90m// Assuming lib/utils exists or I'll use a simple classNa...[0m
  [90m  |[0m [31m[1m^^^^^^^^^^^^^^^^^^^^^^^^^^^^^^^^^[0m
  [90m7 |[0m
  [90m8 |[0m [36mexport[0m [36mdefault[0m [36mfunction[0m [33mSidebar[0m() {
  [90m9 |[0m   [36mconst[0m pathname = usePathname();

Import map: aliased to relative './src/lib/utils' inside of [project]/Documents/REMUNERACIONES 2026/frontend


Import trace:
  Server Component:
    ./Documents/REMUNERACIONES 2026/frontend/src/components/Sidebar.tsx
    ./Documents/REMUNERACIONES 2026/frontend/src/app/layout.tsx

https://nextjs.org/docs/messages/module-not-found


⨯ ./Documents/REMUNERACIONES 2026/frontend/src/components/Sidebar.tsx:6:1
Module not found: Can't resolve '@/lib/utils'
  [90m4 |[0m [36mimport[0m [33mLink[0m [36mfrom[0m [32m'next/link'[0m;
  [90m5 |[0m [36mimport[0m { usePathname } [36mfrom[0m [32m'next/navigation'[0m;
[31m[1m>[0m [90m6 |[0m [36mimport[0m { cn } [36mfrom[0m [32m"@/lib/utils"[0m; [90m// Assuming lib/utils exists or I'll use a simple classNa...[0m
  [90m  |[0m [31m[1m^^^^^^^^^^^^^^^^^^^^^^^^^^^^^^^^^[0m
  [90m7 |[0m
  [90m8 |[0m [36mexport[0m [36mdefault[0m [36mfunction[0m [33mSidebar[0m() {
  [90m9 |[0m   [36mconst[0m pathname = usePathname();

Import map: aliased to relative './src/lib/utils' inside of [project]/Documents/REMUNERACIONES 2026/frontend


Import trace:
  Server Component:
    ./Documents/REMUNERACIONES 2026/frontend/src/components/Sidebar.tsx
    ./Documents/REMUNERACIONES 2026/frontend/src/app/layout.tsx

https://nextjs.org/docs/messages/module-not-found


⨯ ./Documents/REMUNERACIONES 2026/frontend/src/components/Sidebar.tsx:6:1
Module not found: Can't resolve '@/lib/utils'
  [90m4 |[0m [36mimport[0m [33mLink[0m [36mfrom[0m [32m'next/link'[0m;
  [90m5 |[0m [36mimport[0m { usePathname } [36mfrom[0m [32m'next/navigation'[0m;
[31m[1m>[0m [90m6 |[0m [36mimport[0m { cn } [36mfrom[0m [32m"@/lib/utils"[0m; [90m// Assuming lib/utils exists or I'll use a simple classNa...[0m
  [90m  |[0m [31m[1m^^^^^^^^^^^^^^^^^^^^^^^^^^^^^^^^^[0m
  [90m7 |[0m
  [90m8 |[0m [36mexport[0m [36mdefault[0m [36mfunction[0m [33mSidebar[0m() {
  [90m9 |[0m   [36mconst[0m pathname = usePathname();

Import map: aliased to relative './src/lib/utils' inside of [project]/Documents/REMUNERACIONES 2026/frontend


Import trace:
  Server Component:
    ./Documents/REMUNERACIONES 2026/frontend/src/components/Sidebar.tsx
    ./Documents/REMUNERACIONES 2026/frontend/src/app/layout.tsx

https://nextjs.org/docs/messages/module-not-found


⨯ ./Documents/REMUNERACIONES 2026/frontend/src/components/Sidebar.tsx:6:1
Module not found: Can't resolve '@/lib/utils'
  [90m4 |[0m [36mimport[0m [33mLink[0m [36mfrom[0m [32m'next/link'[0m;
  [90m5 |[0m [36mimport[0m { usePathname } [36mfrom[0m [32m'next/navigation'[0m;
[31m[1m>[0m [90m6 |[0m [36mimport[0m { cn } [36mfrom[0m [32m"@/lib/utils"[0m; [90m// Assuming lib/utils exists or I'll use a simple classNa...[0m
  [90m  |[0m [31m[1m^^^^^^^^^^^^^^^^^^^^^^^^^^^^^^^^^[0m
  [90m7 |[0m
  [90m8 |[0m [36mexport[0m [36mdefault[0m [36mfunction[0m [33mSidebar[0m() {
  [90m9 |[0m   [36mconst[0m pathname = usePathname();

Import map: aliased to relative './src/lib/utils' inside of [project]/Documents/REMUNERACIONES 2026/frontend


Import trace:
  Server Component:
    ./Documents/REMUNERACIONES 2026/frontend/src/components/Sidebar.tsx
    ./Documents/REMUNERACIONES 2026/frontend/src/app/layout.tsx

https://nextjs.org/docs/messages/module-not-found


⨯ ./Documents/REMUNERACIONES 2026/frontend/src/components/Sidebar.tsx:6:1
Module not found: Can't resolve '@/lib/utils'
  [90m4 |[0m [36mimport[0m [33mLink[0m [36mfrom[0m [32m'next/link'[0m;
  [90m5 |[0m [36mimport[0m { usePathname } [36mfrom[0m [32m'next/navigation'[0m;
[31m[1m>[0m [90m6 |[0m [36mimport[0m { cn } [36mfrom[0m [32m"@/lib/utils"[0m; [90m// Assuming lib/utils exists or I'll use a simple classNa...[0m
  [90m  |[0m [31m[1m^^^^^^^^^^^^^^^^^^^^^^^^^^^^^^^^^[0m
  [90m7 |[0m
  [90m8 |[0m [36mexport[0m [36mdefault[0m [36mfunction[0m [33mSidebar[0m() {
  [90m9 |[0m   [36mconst[0m pathname = usePathname();

Import map: aliased to relative './src/lib/utils' inside of [project]/Documents/REMUNERACIONES 2026/frontend


Import trace:
  Server Component:
    ./Documents/REMUNERACIONES 2026/frontend/src/components/Sidebar.tsx
    ./Documents/REMUNERACIONES 2026/frontend/src/app/layout.tsx

https://nextjs.org/docs/messages/module-not-found


⨯ ./Documents/REMUNERACIONES 2026/frontend/src/components/Sidebar.tsx:6:1
Module not found: Can't resolve '@/lib/utils'
  [90m4 |[0m [36mimport[0m [33mLink[0m [36mfrom[0m [32m'next/link'[0m;
  [90m5 |[0m [36mimport[0m { usePathname } [36mfrom[0m [32m'next/navigation'[0m;
[31m[1m>[0m [90m6 |[0m [36mimport[0m { cn } [36mfrom[0m [32m"@/lib/utils"[0m; [90m// Assuming lib/utils exists or I'll use a simple classNa...[0m
  [90m  |[0m [31m[1m^^^^^^^^^^^^^^^^^^^^^^^^^^^^^^^^^[0m
  [90m7 |[0m
  [90m8 |[0m [36mexport[0m [36mdefault[0m [36mfunction[0m [33mSidebar[0m() {
  [90m9 |[0m   [36mconst[0m pathname = usePathname();

Import map: aliased to relative './src/lib/utils' inside of [project]/Documents/REMUNERACIONES 2026/frontend


Import trace:
  Server Component:
    ./Documents/REMUNERACIONES 2026/frontend/src/components/Sidebar.tsx
    ./Documents/REMUNERACIONES 2026/frontend/src/app/layout.tsx

https://nextjs.org/docs/messages/module-not-found


⨯ ./Documents/REMUNERACIONES 2026/frontend/src/components/Sidebar.tsx:6:1
Module not found: Can't resolve '@/lib/utils'
  [90m4 |[0m [36mimport[0m [33mLink[0m [36mfrom[0m [32m'next/link'[0m;
  [90m5 |[0m [36mimport[0m { usePathname } [36mfrom[0m [32m'next/navigation'[0m;
[31m[1m>[0m [90m6 |[0m [36mimport[0m { cn } [36mfrom[0m [32m"@/lib/utils"[0m; [90m// Assuming lib/utils exists or I'll use a simple classNa...[0m
  [90m  |[0m [31m[1m^^^^^^^^^^^^^^^^^^^^^^^^^^^^^^^^^[0m
  [90m7 |[0m
  [90m8 |[0m [36mexport[0m [36mdefault[0m [36mfunction[0m [33mSidebar[0m() {
  [90m9 |[0m   [36mconst[0m pathname = usePathname();

Import map: aliased to relative './src/lib/utils' inside of [project]/Documents/REMUNERACIONES 2026/frontend


Import trace:
  Server Component:
    ./Documents/REMUNERACIONES 2026/frontend/src/components/Sidebar.tsx
    ./Documents/REMUNERACIONES 2026/frontend/src/app/layout.tsx

https://nextjs.org/docs/messages/module-not-found


⨯ ./Documents/REMUNERACIONES 2026/frontend/src/components/Sidebar.tsx:6:1
Module not found: Can't resolve '@/lib/utils'
  [90m4 |[0m [36mimport[0m [33mLink[0m [36mfrom[0m [32m'next/link'[0m;
  [90m5 |[0m [36mimport[0m { usePathname } [36mfrom[0m [32m'next/navigation'[0m;
[31m[1m>[0m [90m6 |[0m [36mimport[0m { cn } [36mfrom[0m [32m"@/lib/utils"[0m; [90m// Assuming lib/utils exists or I'll use a simple classNa...[0m
  [90m  |[0m [31m[1m^^^^^^^^^^^^^^^^^^^^^^^^^^^^^^^^^[0m
  [90m7 |[0m
  [90m8 |[0m [36mexport[0m [36mdefault[0m [36mfunction[0m [33mSidebar[0m() {
  [90m9 |[0m   [36mconst[0m pathname = usePathname();

Import map: aliased to relative './src/lib/utils' inside of [project]/Documents/REMUNERACIONES 2026/frontend


Import trace:
  Server Component:
    ./Documents/REMUNERACIONES 2026/frontend/src/components/Sidebar.tsx
    ./Documents/REMUNERACIONES 2026/frontend/src/app/layout.tsx

https://nextjs.org/docs/messages/module-not-found


⨯ ./Documents/REMUNERACIONES 2026/frontend/src/components/Sidebar.tsx:6:1
Module not found: Can't resolve '@/lib/utils'
  [90m4 |[0m [36mimport[0m [33mLink[0m [36mfrom[0m [32m'next/link'[0m;
  [90m5 |[0m [36mimport[0m { usePathname } [36mfrom[0m [32m'next/navigation'[0m;
[31m[1m>[0m [90m6 |[0m [36mimport[0m { cn } [36mfrom[0m [32m"@/lib/utils"[0m; [90m// Assuming lib/utils exists or I'll use a simple classNa...[0m
  [90m  |[0m [31m[1m^^^^^^^^^^^^^^^^^^^^^^^^^^^^^^^^^[0m
  [90m7 |[0m
  [90m8 |[0m [36mexport[0m [36mdefault[0m [36mfunction[0m [33mSidebar[0m() {
  [90m9 |[0m   [36mconst[0m pathname = usePathname();

Import map: aliased to relative './src/lib/utils' inside of [project]/Documents/REMUNERACIONES 2026/frontend


Import trace:
  Server Component:
    ./Documents/REMUNERACIONES 2026/frontend/src/components/Sidebar.tsx
    ./Documents/REMUNERACIONES 2026/frontend/src/app/layout.tsx

https://nextjs.org/docs/messages/module-not-found


⨯ ./Documents/REMUNERACIONES 2026/frontend/src/components/Sidebar.tsx:6:1
Module not found: Can't resolve '@/lib/utils'
  [90m4 |[0m [36mimport[0m [33mLink[0m [36mfrom[0m [32m'next/link'[0m;
  [90m5 |[0m [36mimport[0m { usePathname } [36mfrom[0m [32m'next/navigation'[0m;
[31m[1m>[0m [90m6 |[0m [36mimport[0m { cn } [36mfrom[0m [32m"@/lib/utils"[0m; [90m// Assuming lib/utils exists or I'll use a simple classNa...[0m
  [90m  |[0m [31m[1m^^^^^^^^^^^^^^^^^^^^^^^^^^^^^^^^^[0m
  [90m7 |[0m
  [90m8 |[0m [36mexport[0m [36mdefault[0m [36mfunction[0m [33mSidebar[0m() {
  [90m9 |[0m   [36mconst[0m pathname = usePathname();

Import map: aliased to relative './src/lib/utils' inside of [project]/Documents/REMUNERACIONES 2026/frontend


Import trace:
  Server Component:
    ./Documents/REMUNERACIONES 2026/frontend/src/components/Sidebar.tsx
    ./Documents/REMUNERACIONES 2026/frontend/src/app/layout.tsx

https://nextjs.org/docs/messages/module-not-found


⨯ ./Documents/REMUNERACIONES 2026/frontend/src/components/Sidebar.tsx:6:1
Module not found: Can't resolve '@/lib/utils'
  [90m4 |[0m [36mimport[0m [33mLink[0m [36mfrom[0m [32m'next/link'[0m;
  [90m5 |[0m [36mimport[0m { usePathname } [36mfrom[0m [32m'next/navigation'[0m;
[31m[1m>[0m [90m6 |[0m [36mimport[0m { cn } [36mfrom[0m [32m"@/lib/utils"[0m; [90m// Assuming lib/utils exists or I'll use a simple classNa...[0m
  [90m  |[0m [31m[1m^^^^^^^^^^^^^^^^^^^^^^^^^^^^^^^^^[0m
  [90m7 |[0m
  [90m8 |[0m [36mexport[0m [36mdefault[0m [36mfunction[0m [33mSidebar[0m() {
  [90m9 |[0m   [36mconst[0m pathname = usePathname();

Import map: aliased to relative './src/lib/utils' inside of [project]/Documents/REMUNERACIONES 2026/frontend


Import trace:
  Server Component:
    ./Documents/REMUNERACIONES 2026/frontend/src/components/Sidebar.tsx
    ./Documents/REMUNERACIONES 2026/frontend/src/app/layout.tsx

https://nextjs.org/docs/messages/module-not-found


⨯ ./Documents/REMUNERACIONES 2026/frontend/src/components/Sidebar.tsx:6:1
Module not found: Can't resolve '@/lib/utils'
  [90m4 |[0m [36mimport[0m [33mLink[0m [36mfrom[0m [32m'next/link'[0m;
  [90m5 |[0m [36mimport[0m { usePathname } [36mfrom[0m [32m'next/navigation'[0m;
[31m[1m>[0m [90m6 |[0m [36mimport[0m { cn } [36mfrom[0m [32m"@/lib/utils"[0m; [90m// Assuming lib/utils exists or I'll use a simple classNa...[0m
  [90m  |[0m [31m[1m^^^^^^^^^^^^^^^^^^^^^^^^^^^^^^^^^[0m
  [90m7 |[0m
  [90m8 |[0m [36mexport[0m [36mdefault[0m [36mfunction[0m [33mSidebar[0m() {
  [90m9 |[0m   [36mconst[0m pathname = usePathname();

Import map: aliased to relative './src/lib/utils' inside of [project]/Documents/REMUNERACIONES 2026/frontend


Import trace:
  Server Component:
    ./Documents/REMUNERACIONES 2026/frontend/src/components/Sidebar.tsx
    ./Documents/REMUNERACIONES 2026/frontend/src/app/layout.tsx

https://nextjs.org/docs/messages/module-not-found


⨯ ./Documents/REMUNERACIONES 2026/frontend/src/components/Sidebar.tsx:6:1
Module not found: Can't resolve '@/lib/utils'
  [90m4 |[0m [36mimport[0m [33mLink[0m [36mfrom[0m [32m'next/link'[0m;
  [90m5 |[0m [36mimport[0m { usePathname } [36mfrom[0m [32m'next/navigation'[0m;
[31m[1m>[0m [90m6 |[0m [36mimport[0m { cn } [36mfrom[0m [32m"@/lib/utils"[0m; [90m// Assuming lib/utils exists or I'll use a simple classNa...[0m
  [90m  |[0m [31m[1m^^^^^^^^^^^^^^^^^^^^^^^^^^^^^^^^^[0m
  [90m7 |[0m
  [90m8 |[0m [36mexport[0m [36mdefault[0m [36mfunction[0m [33mSidebar[0m() {
  [90m9 |[0m   [36mconst[0m pathname = usePathname();

Import map: aliased to relative './src/lib/utils' inside of [project]/Documents/REMUNERACIONES 2026/frontend


Import trace:
  Server Component:
    ./Documents/REMUNERACIONES 2026/frontend/src/components/Sidebar.tsx
    ./Documents/REMUNERACIONES 2026/frontend/src/app/layout.tsx

https://nextjs.org/docs/messages/module-not-found


⨯ ./Documents/REMUNERACIONES 2026/frontend/src/components/Sidebar.tsx:6:1
Module not found: Can't resolve '@/lib/utils'
  [90m4 |[0m [36mimport[0m [33mLink[0m [36mfrom[0m [32m'next/link'[0m;
  [90m5 |[0m [36mimport[0m { usePathname } [36mfrom[0m [32m'next/navigation'[0m;
[31m[1m>[0m [90m6 |[0m [36mimport[0m { cn } [36mfrom[0m [32m"@/lib/utils"[0m; [90m// Assuming lib/utils exists or I'll use a simple classNa...[0m
  [90m  |[0m [31m[1m^^^^^^^^^^^^^^^^^^^^^^^^^^^^^^^^^[0m
  [90m7 |[0m
  [90m8 |[0m [36mexport[0m [36mdefault[0m [36mfunction[0m [33mSidebar[0m() {
  [90m9 |[0m   [36mconst[0m pathname = usePathname();

Import map: aliased to relative './src/lib/utils' inside of [project]/Documents/REMUNERACIONES 2026/frontend


Import trace:
  Server Component:
    ./Documents/REMUNERACIONES 2026/frontend/src/components/Sidebar.tsx
    ./Documents/REMUNERACIONES 2026/frontend/src/app/layout.tsx

https://nextjs.org/docs/messages/module-not-found


⨯ ./Documents/REMUNERACIONES 2026/frontend/src/components/Sidebar.tsx:6:1
Module not found: Can't resolve '@/lib/utils'
  [90m4 |[0m [36mimport[0m [33mLink[0m [36mfrom[0m [32m'next/link'[0m;
  [90m5 |[0m [36mimport[0m { usePathname } [36mfrom[0m [32m'next/navigation'[0m;
[31m[1m>[0m [90m6 |[0m [36mimport[0m { cn } [36mfrom[0m [32m"@/lib/utils"[0m; [90m// Assuming lib/utils exists or I'll use a simple classNa...[0m
  [90m  |[0m [31m[1m^^^^^^^^^^^^^^^^^^^^^^^^^^^^^^^^^[0m
  [90m7 |[0m
  [90m8 |[0m [36mexport[0m [36mdefault[0m [36mfunction[0m [33mSidebar[0m() {
  [90m9 |[0m   [36mconst[0m pathname = usePathname();

Import map: aliased to relative './src/lib/utils' inside of [project]/Documents/REMUNERACIONES 2026/frontend


Import trace:
  Server Component:
    ./Documents/REMUNERACIONES 2026/frontend/src/components/Sidebar.tsx
    ./Documents/REMUNERACIONES 2026/frontend/src/app/layout.tsx

https://nextjs.org/docs/messages/module-not-found


⨯ ./Documents/REMUNERACIONES 2026/frontend/src/components/Sidebar.tsx:6:1
Module not found: Can't resolve '@/lib/utils'
  [90m4 |[0m [36mimport[0m [33mLink[0m [36mfrom[0m [32m'next/link'[0m;
  [90m5 |[0m [36mimport[0m { usePathname } [36mfrom[0m [32m'next/navigation'[0m;
[31m[1m>[0m [90m6 |[0m [36mimport[0m { cn } [36mfrom[0m [32m"@/lib/utils"[0m; [90m// Assuming lib/utils exists or I'll use a simple classNa...[0m
  [90m  |[0m [31m[1m^^^^^^^^^^^^^^^^^^^^^^^^^^^^^^^^^[0m
  [90m7 |[0m
  [90m8 |[0m [36mexport[0m [36mdefault[0m [36mfunction[0m [33mSidebar[0m() {
  [90m9 |[0m   [36mconst[0m pathname = usePathname();

Import map: aliased to relative './src/lib/utils' inside of [project]/Documents/REMUNERACIONES 2026/frontend


Import trace:
  Server Component:
    ./Documents/REMUNERACIONES 2026/frontend/src/components/Sidebar.tsx
    ./Documents/REMUNERACIONES 2026/frontend/src/app/layout.tsx

https://nextjs.org/docs/messages/module-not-found


⨯ ./Documents/REMUNERACIONES 2026/frontend/src/components/Sidebar.tsx:6:1
Module not found: Can't resolve '@/lib/utils'
  [90m4 |[0m [36mimport[0m [33mLink[0m [36mfrom[0m [32m'next/link'[0m;
  [90m5 |[0m [36mimport[0m { usePathname } [36mfrom[0m [32m'next/navigation'[0m;
[31m[1m>[0m [90m6 |[0m [36mimport[0m { cn } [36mfrom[0m [32m"@/lib/utils"[0m; [90m// Assuming lib/utils exists or I'll use a simple classNa...[0m
  [90m  |[0m [31m[1m^^^^^^^^^^^^^^^^^^^^^^^^^^^^^^^^^[0m
  [90m7 |[0m
  [90m8 |[0m [36mexport[0m [36mdefault[0m [36mfunction[0m [33mSidebar[0m() {
  [90m9 |[0m   [36mconst[0m pathname = usePathname();

Import map: aliased to relative './src/lib/utils' inside of [project]/Documents/REMUNERACIONES 2026/frontend


Import trace:
  Server Component:
    ./Documents/REMUNERACIONES 2026/frontend/src/components/Sidebar.tsx
    ./Documents/REMUNERACIONES 2026/frontend/src/app/layout.tsx

https://nextjs.org/docs/messages/module-not-found


⨯ ./Documents/REMUNERACIONES 2026/frontend/src/components/Sidebar.tsx:6:1
Module not found: Can't resolve '@/lib/utils'
  [90m4 |[0m [36mimport[0m [33mLink[0m [36mfrom[0m [32m'next/link'[0m;
  [90m5 |[0m [36mimport[0m { usePathname } [36mfrom[0m [32m'next/navigation'[0m;
[31m[1m>[0m [90m6 |[0m [36mimport[0m { cn } [36mfrom[0m [32m"@/lib/utils"[0m; [90m// Assuming lib/utils exists or I'll use a simple classNa...[0m
  [90m  |[0m [31m[1m^^^^^^^^^^^^^^^^^^^^^^^^^^^^^^^^^[0m
  [90m7 |[0m
  [90m8 |[0m [36mexport[0m [36mdefault[0m [36mfunction[0m [33mSidebar[0m() {
  [90m9 |[0m   [36mconst[0m pathname = usePathname();

Import map: aliased to relative './src/lib/utils' inside of [project]/Documents/REMUNERACIONES 2026/frontend


Import trace:
  Server Component:
    ./Documents/REMUNERACIONES 2026/frontend/src/components/Sidebar.tsx
    ./Documents/REMUNERACIONES 2026/frontend/src/app/layout.tsx

https://nextjs.org/docs/messages/module-not-found


⨯ ./Documents/REMUNERACIONES 2026/frontend/src/components/Sidebar.tsx:6:1
Module not found: Can't resolve '@/lib/utils'
  [90m4 |[0m [36mimport[0m [33mLink[0m [36mfrom[0m [32m'next/link'[0m;
  [90m5 |[0m [36mimport[0m { usePathname } [36mfrom[0m [32m'next/navigation'[0m;
[31m[1m>[0m [90m6 |[0m [36mimport[0m { cn } [36mfrom[0m [32m"@/lib/utils"[0m; [90m// Assuming lib/utils exists or I'll use a simple classNa...[0m
  [90m  |[0m [31m[1m^^^^^^^^^^^^^^^^^^^^^^^^^^^^^^^^^[0m
  [90m7 |[0m
  [90m8 |[0m [36mexport[0m [36mdefault[0m [36mfunction[0m [33mSidebar[0m() {
  [90m9 |[0m   [36mconst[0m pathname = usePathname();

Import map: aliased to relative './src/lib/utils' inside of [project]/Documents/REMUNERACIONES 2026/frontend


Import trace:
  Server Component:
    ./Documents/REMUNERACIONES 2026/frontend/src/components/Sidebar.tsx
    ./Documents/REMUNERACIONES 2026/frontend/src/app/layout.tsx

https://nextjs.org/docs/messages/module-not-found


⨯ ./Documents/REMUNERACIONES 2026/frontend/src/components/Sidebar.tsx:6:1
Module not found: Can't resolve '@/lib/utils'
  [90m4 |[0m [36mimport[0m [33mLink[0m [36mfrom[0m [32m'next/link'[0m;
  [90m5 |[0m [36mimport[0m { usePathname } [36mfrom[0m [32m'next/navigation'[0m;
[31m[1m>[0m [90m6 |[0m [36mimport[0m { cn } [36mfrom[0m [32m"@/lib/utils"[0m; [90m// Assuming lib/utils exists or I'll use a simple classNa...[0m
  [90m  |[0m [31m[1m^^^^^^^^^^^^^^^^^^^^^^^^^^^^^^^^^[0m
  [90m7 |[0m
  [90m8 |[0m [36mexport[0m [36mdefault[0m [36mfunction[0m [33mSidebar[0m() {
  [90m9 |[0m   [36mconst[0m pathname = usePathname();

Import map: aliased to relative './src/lib/utils' inside of [project]/Documents/REMUNERACIONES 2026/frontend


Import trace:
  Server Component:
    ./Documents/REMUNERACIONES 2026/frontend/src/components/Sidebar.tsx
    ./Documents/REMUNERACIONES 2026/frontend/src/app/layout.tsx

https://nextjs.org/docs/messages/module-not-found


⨯ ./Documents/REMUNERACIONES 2026/frontend/src/components/Sidebar.tsx:6:1
Module not found: Can't resolve '@/lib/utils'
  [90m4 |[0m [36mimport[0m [33mLink[0m [36mfrom[0m [32m'next/link'[0m;
  [90m5 |[0m [36mimport[0m { usePathname } [36mfrom[0m [32m'next/navigation'[0m;
[31m[1m>[0m [90m6 |[0m [36mimport[0m { cn } [36mfrom[0m [32m"@/lib/utils"[0m; [90m// Assuming lib/utils exists or I'll use a simple classNa...[0m
  [90m  |[0m [31m[1m^^^^^^^^^^^^^^^^^^^^^^^^^^^^^^^^^[0m
  [90m7 |[0m
  [90m8 |[0m [36mexport[0m [36mdefault[0m [36mfunction[0m [33mSidebar[0m() {
  [90m9 |[0m   [36mconst[0m pathname = usePathname();

Import map: aliased to relative './src/lib/utils' inside of [project]/Documents/REMUNERACIONES 2026/frontend


Import trace:
  Server Component:
    ./Documents/REMUNERACIONES 2026/frontend/src/components/Sidebar.tsx
    ./Documents/REMUNERACIONES 2026/frontend/src/app/layout.tsx

https://nextjs.org/docs/messages/module-not-found


⨯ ./Documents/REMUNERACIONES 2026/frontend/src/components/Sidebar.tsx:6:1
Module not found: Can't resolve '@/lib/utils'
  [90m4 |[0m [36mimport[0m [33mLink[0m [36mfrom[0m [32m'next/link'[0m;
  [90m5 |[0m [36mimport[0m { usePathname } [36mfrom[0m [32m'next/navigation'[0m;
[31m[1m>[0m [90m6 |[0m [36mimport[0m { cn } [36mfrom[0m [32m"@/lib/utils"[0m; [90m// Assuming lib/utils exists or I'll use a simple classNa...[0m
  [90m  |[0m [31m[1m^^^^^^^^^^^^^^^^^^^^^^^^^^^^^^^^^[0m
  [90m7 |[0m
  [90m8 |[0m [36mexport[0m [36mdefault[0m [36mfunction[0m [33mSidebar[0m() {
  [90m9 |[0m   [36mconst[0m pathname = usePathname();

Import map: aliased to relative './src/lib/utils' inside of [project]/Documents/REMUNERACIONES 2026/frontend


Import trace:
  Server Component:
    ./Documents/REMUNERACIONES 2026/frontend/src/components/Sidebar.tsx
    ./Documents/REMUNERACIONES 2026/frontend/src/app/layout.tsx

https://nextjs.org/docs/messages/module-not-found


⨯ ./Documents/REMUNERACIONES 2026/frontend/src/components/Sidebar.tsx:6:1
Module not found: Can't resolve '@/lib/utils'
  [90m4 |[0m [36mimport[0m [33mLink[0m [36mfrom[0m [32m'next/link'[0m;
  [90m5 |[0m [36mimport[0m { usePathname } [36mfrom[0m [32m'next/navigation'[0m;
[31m[1m>[0m [90m6 |[0m [36mimport[0m { cn } [36mfrom[0m [32m"@/lib/utils"[0m; [90m// Assuming lib/utils exists or I'll use a simple classNa...[0m
  [90m  |[0m [31m[1m^^^^^^^^^^^^^^^^^^^^^^^^^^^^^^^^^[0m
  [90m7 |[0m
  [90m8 |[0m [36mexport[0m [36mdefault[0m [36mfunction[0m [33mSidebar[0m() {
  [90m9 |[0m   [36mconst[0m pathname = usePathname();

Import map: aliased to relative './src/lib/utils' inside of [project]/Documents/REMUNERACIONES 2026/frontend


Import trace:
  Server Component:
    ./Documents/REMUNERACIONES 2026/frontend/src/components/Sidebar.tsx
    ./Documents/REMUNERACIONES 2026/frontend/src/app/layout.tsx

https://nextjs.org/docs/messages/module-not-found


⨯ ./Documents/REMUNERACIONES 2026/frontend/src/components/Sidebar.tsx:6:1
Module not found: Can't resolve '@/lib/utils'
  [90m4 |[0m [36mimport[0m [33mLink[0m [36mfrom[0m [32m'next/link'[0m;
  [90m5 |[0m [36mimport[0m { usePathname } [36mfrom[0m [32m'next/navigation'[0m;
[31m[1m>[0m [90m6 |[0m [36mimport[0m { cn } [36mfrom[0m [32m"@/lib/utils"[0m; [90m// Assuming lib/utils exists or I'll use a simple classNa...[0m
  [90m  |[0m [31m[1m^^^^^^^^^^^^^^^^^^^^^^^^^^^^^^^^^[0m
  [90m7 |[0m
  [90m8 |[0m [36mexport[0m [36mdefault[0m [36mfunction[0m [33mSidebar[0m() {
  [90m9 |[0m   [36mconst[0m pathname = usePathname();

Import map: aliased to relative './src/lib/utils' inside of [project]/Documents/REMUNERACIONES 2026/frontend


Import trace:
  Server Component:
    ./Documents/REMUNERACIONES 2026/frontend/src/components/Sidebar.tsx
    ./Documents/REMUNERACIONES 2026/frontend/src/app/layout.tsx

https://nextjs.org/docs/messages/module-not-found


⨯ ./Documents/REMUNERACIONES 2026/frontend/src/components/Sidebar.tsx:6:1
Module not found: Can't resolve '@/lib/utils'
  [90m4 |[0m [36mimport[0m [33mLink[0m [36mfrom[0m [32m'next/link'[0m;
  [90m5 |[0m [36mimport[0m { usePathname } [36mfrom[0m [32m'next/navigation'[0m;
[31m[1m>[0m [90m6 |[0m [36mimport[0m { cn } [36mfrom[0m [32m"@/lib/utils"[0m; [90m// Assuming lib/utils exists or I'll use a simple classNa...[0m
  [90m  |[0m [31m[1m^^^^^^^^^^^^^^^^^^^^^^^^^^^^^^^^^[0m
  [90m7 |[0m
  [90m8 |[0m [36mexport[0m [36mdefault[0m [36mfunction[0m [33mSidebar[0m() {
  [90m9 |[0m   [36mconst[0m pathname = usePathname();

Import map: aliased to relative './src/lib/utils' inside of [project]/Documents/REMUNERACIONES 2026/frontend


Import trace:
  Server Component:
    ./Documents/REMUNERACIONES 2026/frontend/src/components/Sidebar.tsx
    ./Documents/REMUNERACIONES 2026/frontend/src/app/layout.tsx

https://nextjs.org/docs/messages/module-not-found


⨯ ./Documents/REMUNERACIONES 2026/frontend/src/components/Sidebar.tsx:6:1
Module not found: Can't resolve '@/lib/utils'
  [90m4 |[0m [36mimport[0m [33mLink[0m [36mfrom[0m [32m'next/link'[0m;
  [90m5 |[0m [36mimport[0m { usePathname } [36mfrom[0m [32m'next/navigation'[0m;
[31m[1m>[0m [90m6 |[0m [36mimport[0m { cn } [36mfrom[0m [32m"@/lib/utils"[0m; [90m// Assuming lib/utils exists or I'll use a simple classNa...[0m
  [90m  |[0m [31m[1m^^^^^^^^^^^^^^^^^^^^^^^^^^^^^^^^^[0m
  [90m7 |[0m
  [90m8 |[0m [36mexport[0m [36mdefault[0m [36mfunction[0m [33mSidebar[0m() {
  [90m9 |[0m   [36mconst[0m pathname = usePathname();

Import map: aliased to relative './src/lib/utils' inside of [project]/Documents/REMUNERACIONES 2026/frontend


Import trace:
  Server Component:
    ./Documents/REMUNERACIONES 2026/frontend/src/components/Sidebar.tsx
    ./Documents/REMUNERACIONES 2026/frontend/src/app/layout.tsx

https://nextjs.org/docs/messages/module-not-found


⨯ ./Documents/REMUNERACIONES 2026/frontend/src/components/Sidebar.tsx:6:1
Module not found: Can't resolve '@/lib/utils'
  [90m4 |[0m [36mimport[0m [33mLink[0m [36mfrom[0m [32m'next/link'[0m;
  [90m5 |[0m [36mimport[0m { usePathname } [36mfrom[0m [32m'next/navigation'[0m;
[31m[1m>[0m [90m6 |[0m [36mimport[0m { cn } [36mfrom[0m [32m"@/lib/utils"[0m; [90m// Assuming lib/utils exists or I'll use a simple classNa...[0m
  [90m  |[0m [31m[1m^^^^^^^^^^^^^^^^^^^^^^^^^^^^^^^^^[0m
  [90m7 |[0m
  [90m8 |[0m [36mexport[0m [36mdefault[0m [36mfunction[0m [33mSidebar[0m() {
  [90m9 |[0m   [36mconst[0m pathname = usePathname();

Import map: aliased to relative './src/lib/utils' inside of [project]/Documents/REMUNERACIONES 2026/frontend


Import trace:
  Server Component:
    ./Documents/REMUNERACIONES 2026/frontend/src/components/Sidebar.tsx
    ./Documents/REMUNERACIONES 2026/frontend/src/app/layout.tsx

https://nextjs.org/docs/messages/module-not-found


⨯ ./Documents/REMUNERACIONES 2026/frontend/src/components/Sidebar.tsx:6:1
Module not found: Can't resolve '@/lib/utils'
  [90m4 |[0m [36mimport[0m [33mLink[0m [36mfrom[0m [32m'next/link'[0m;
  [90m5 |[0m [36mimport[0m { usePathname } [36mfrom[0m [32m'next/navigation'[0m;
[31m[1m>[0m [90m6 |[0m [36mimport[0m { cn } [36mfrom[0m [32m"@/lib/utils"[0m; [90m// Assuming lib/utils exists or I'll use a simple classNa...[0m
  [90m  |[0m [31m[1m^^^^^^^^^^^^^^^^^^^^^^^^^^^^^^^^^[0m
  [90m7 |[0m
  [90m8 |[0m [36mexport[0m [36mdefault[0m [36mfunction[0m [33mSidebar[0m() {
  [90m9 |[0m   [36mconst[0m pathname = usePathname();

Import map: aliased to relative './src/lib/utils' inside of [project]/Documents/REMUNERACIONES 2026/frontend


Import trace:
  Server Component:
    ./Documents/REMUNERACIONES 2026/frontend/src/components/Sidebar.tsx
    ./Documents/REMUNERACIONES 2026/frontend/src/app/layout.tsx

https://nextjs.org/docs/messages/module-not-found


⨯ ./Documents/REMUNERACIONES 2026/frontend/src/components/Sidebar.tsx:6:1
Module not found: Can't resolve '@/lib/utils'
  [90m4 |[0m [36mimport[0m [33mLink[0m [36mfrom[0m [32m'next/link'[0m;
  [90m5 |[0m [36mimport[0m { usePathname } [36mfrom[0m [32m'next/navigation'[0m;
[31m[1m>[0m [90m6 |[0m [36mimport[0m { cn } [36mfrom[0m [32m"@/lib/utils"[0m; [90m// Assuming lib/utils exists or I'll use a simple classNa...[0m
  [90m  |[0m [31m[1m^^^^^^^^^^^^^^^^^^^^^^^^^^^^^^^^^[0m
  [90m7 |[0m
  [90m8 |[0m [36mexport[0m [36mdefault[0m [36mfunction[0m [33mSidebar[0m() {
  [90m9 |[0m   [36mconst[0m pathname = usePathname();

Import map: aliased to relative './src/lib/utils' inside of [project]/Documents/REMUNERACIONES 2026/frontend


Import trace:
  Server Component:
    ./Documents/REMUNERACIONES 2026/frontend/src/components/Sidebar.tsx
    ./Documents/REMUNERACIONES 2026/frontend/src/app/layout.tsx

https://nextjs.org/docs/messages/module-not-found


⨯ ./Documents/REMUNERACIONES 2026/frontend/src/components/Sidebar.tsx:6:1
Module not found: Can't resolve '@/lib/utils'
  [90m4 |[0m [36mimport[0m [33mLink[0m [36mfrom[0m [32m'next/link'[0m;
  [90m5 |[0m [36mimport[0m { usePathname } [36mfrom[0m [32m'next/navigation'[0m;
[31m[1m>[0m [90m6 |[0m [36mimport[0m { cn } [36mfrom[0m [32m"@/lib/utils"[0m; [90m// Assuming lib/utils exists or I'll use a simple classNa...[0m
  [90m  |[0m [31m[1m^^^^^^^^^^^^^^^^^^^^^^^^^^^^^^^^^[0m
  [90m7 |[0m
  [90m8 |[0m [36mexport[0m [36mdefault[0m [36mfunction[0m [33mSidebar[0m() {
  [90m9 |[0m   [36mconst[0m pathname = usePathname();

Import map: aliased to relative './src/lib/utils' inside of [project]/Documents/REMUNERACIONES 2026/frontend


Import trace:
  Server Component:
    ./Documents/REMUNERACIONES 2026/frontend/src/components/Sidebar.tsx
    ./Documents/REMUNERACIONES 2026/frontend/src/app/layout.tsx

https://nextjs.org/docs/messages/module-not-found


⨯ ./Documents/REMUNERACIONES 2026/frontend/src/components/Sidebar.tsx:6:1
Module not found: Can't resolve '@/lib/utils'
  [90m4 |[0m [36mimport[0m [33mLink[0m [36mfrom[0m [32m'next/link'[0m;
  [90m5 |[0m [36mimport[0m { usePathname } [36mfrom[0m [32m'next/navigation'[0m;
[31m[1m>[0m [90m6 |[0m [36mimport[0m { cn } [36mfrom[0m [32m"@/lib/utils"[0m; [90m// Assuming lib/utils exists or I'll use a simple classNa...[0m
  [90m  |[0m [31m[1m^^^^^^^^^^^^^^^^^^^^^^^^^^^^^^^^^[0m
  [90m7 |[0m
  [90m8 |[0m [36mexport[0m [36mdefault[0m [36mfunction[0m [33mSidebar[0m() {
  [90m9 |[0m   [36mconst[0m pathname = usePathname();

Import map: aliased to relative './src/lib/utils' inside of [project]/Documents/REMUNERACIONES 2026/frontend


Import trace:
  Server Component:
    ./Documents/REMUNERACIONES 2026/frontend/src/components/Sidebar.tsx
    ./Documents/REMUNERACIONES 2026/frontend/src/app/layout.tsx

https://nextjs.org/docs/messages/module-not-found


⨯ ./Documents/REMUNERACIONES 2026/frontend/src/components/Sidebar.tsx:6:1
Module not found: Can't resolve '@/lib/utils'
  [90m4 |[0m [36mimport[0m [33mLink[0m [36mfrom[0m [32m'next/link'[0m;
  [90m5 |[0m [36mimport[0m { usePathname } [36mfrom[0m [32m'next/navigation'[0m;
[31m[1m>[0m [90m6 |[0m [36mimport[0m { cn } [36mfrom[0m [32m"@/lib/utils"[0m; [90m// Assuming lib/utils exists or I'll use a simple classNa...[0m
  [90m  |[0m [31m[1m^^^^^^^^^^^^^^^^^^^^^^^^^^^^^^^^^[0m
  [90m7 |[0m
  [90m8 |[0m [36mexport[0m [36mdefault[0m [36mfunction[0m [33mSidebar[0m() {
  [90m9 |[0m   [36mconst[0m pathname = usePathname();

Import map: aliased to relative './src/lib/utils' inside of [project]/Documents/REMUNERACIONES 2026/frontend


Import trace:
  Server Component:
    ./Documents/REMUNERACIONES 2026/frontend/src/components/Sidebar.tsx
    ./Documents/REMUNERACIONES 2026/frontend/src/app/layout.tsx

https://nextjs.org/docs/messages/module-not-found


⨯ ./Documents/REMUNERACIONES 2026/frontend/src/components/Sidebar.tsx:6:1
Module not found: Can't resolve '@/lib/utils'
  [90m4 |[0m [36mimport[0m [33mLink[0m [36mfrom[0m [32m'next/link'[0m;
  [90m5 |[0m [36mimport[0m { usePathname } [36mfrom[0m [32m'next/navigation'[0m;
[31m[1m>[0m [90m6 |[0m [36mimport[0m { cn } [36mfrom[0m [32m"@/lib/utils"[0m; [90m// Assuming lib/utils exists or I'll use a simple classNa...[0m
  [90m  |[0m [31m[1m^^^^^^^^^^^^^^^^^^^^^^^^^^^^^^^^^[0m
  [90m7 |[0m
  [90m8 |[0m [36mexport[0m [36mdefault[0m [36mfunction[0m [33mSidebar[0m() {
  [90m9 |[0m   [36mconst[0m pathname = usePathname();

Import map: aliased to relative './src/lib/utils' inside of [project]/Documents/REMUNERACIONES 2026/frontend


Import trace:
  Server Component:
    ./Documents/REMUNERACIONES 2026/frontend/src/components/Sidebar.tsx
    ./Documents/REMUNERACIONES 2026/frontend/src/app/layout.tsx

https://nextjs.org/docs/messages/module-not-found


⨯ ./Documents/REMUNERACIONES 2026/frontend/src/components/Sidebar.tsx:6:1
Module not found: Can't resolve '@/lib/utils'
  [90m4 |[0m [36mimport[0m [33mLink[0m [36mfrom[0m [32m'next/link'[0m;
  [90m5 |[0m [36mimport[0m { usePathname } [36mfrom[0m [32m'next/navigation'[0m;
[31m[1m>[0m [90m6 |[0m [36mimport[0m { cn } [36mfrom[0m [32m"@/lib/utils"[0m; [90m// Assuming lib/utils exists or I'll use a simple classNa...[0m
  [90m  |[0m [31m[1m^^^^^^^^^^^^^^^^^^^^^^^^^^^^^^^^^[0m
  [90m7 |[0m
  [90m8 |[0m [36mexport[0m [36mdefault[0m [36mfunction[0m [33mSidebar[0m() {
  [90m9 |[0m   [36mconst[0m pathname = usePathname();

Import map: aliased to relative './src/lib/utils' inside of [project]/Documents/REMUNERACIONES 2026/frontend


Import trace:
  Server Component:
    ./Documents/REMUNERACIONES 2026/frontend/src/components/Sidebar.tsx
    ./Documents/REMUNERACIONES 2026/frontend/src/app/layout.tsx

https://nextjs.org/docs/messages/module-not-found


 GET /consolidados/2 500 in 44ms (next.js: 32ms, application-code: 12ms)
⨯ ./Documents/REMUNERACIONES 2026/frontend/src/components/Sidebar.tsx:6:1
Module not found: Can't resolve '@/lib/utils'
  [90m4 |[0m [36mimport[0m [33mLink[0m [36mfrom[0m [32m'next/link'[0m;
  [90m5 |[0m [36mimport[0m { usePathname } [36mfrom[0m [32m'next/navigation'[0m;
[31m[1m>[0m [90m6 |[0m [36mimport[0m { cn } [36mfrom[0m [32m"@/lib/utils"[0m; [90m// Assuming lib/utils exists or I'll use a simple classNa...[0m
  [90m  |[0m [31m[1m^^^^^^^^^^^^^^^^^^^^^^^^^^^^^^^^^[0m
  [90m7 |[0m
  [90m8 |[0m [36mexport[0m [36mdefault[0m [36mfunction[0m [33mSidebar[0m() {
  [90m9 |[0m   [36mconst[0m pathname = usePathname();

Import map: aliased to relative './src/lib/utils' inside of [project]/Documents/REMUNERACIONES 2026/frontend


Import trace:
  Server Component:
    ./Documents/REMUNERACIONES 2026/frontend/src/components/Sidebar.tsx
    ./Documents/REMUNERACIONES 2026/frontend/src/app/layout.tsx

https://nextjs.org/docs/messages/module-not-found


 GET /consolidados/1 500 in 46ms (next.js: 31ms, application-code: 14ms)
 GET /consolidados/2 500 in 33ms (next.js: 26ms, application-code: 7ms)
 GET /consolidados/1 500 in 37ms (next.js: 19ms, application-code: 19ms)
✓ Compiled in 715ms
[browser] Uncaught Error: ./Documents/REMUNERACIONES 2026/frontend/src/components/Sidebar.tsx:6:1
Module not found: Can't resolve '@/lib/utils'
  4 | import Link from 'next/link';
  5 | import { usePathname } from 'next/navigation';
> 6 | import { cn } from "@/lib/utils"; // Assuming lib/utils exists or I'll use a simple classNa...
    | ^^^^^^^^^^^^^^^^^^^^^^^^^^^^^^^^^
  7 |
  8 | export default function Sidebar() {
  9 |   const pathname = usePathname();

Import map: aliased to relative './src/lib/utils' inside of [project]/Documents/REMUNERACIONES 2026/frontend


Import trace:
  Server Component:
    ./Documents/REMUNERACIONES 2026/frontend/src/components/Sidebar.tsx
    ./Documents/REMUNERACIONES 2026/frontend/src/app/layout.tsx

https://nextjs.org/docs/messages/module-not-found


    at <unknown> (Error: ./Documents/REMUNERACIONES 2026/frontend/src/components/Sidebar.tsx:6:1)
    at <unknown> (https://nextjs.org/docs/messages/module-not-found)
    at <unknown> (Error: (./Documents/REMUNERACIONES 2026/frontend/src/components/Sidebar.tsx:6:1)
    at <unknown> (https://nextjs.org/docs/messages/module-not-found)
[browser] ./Documents/REMUNERACIONES 2026/frontend/src/components/Sidebar.tsx:6:1
Module not found: Can't resolve '@/lib/utils'
  4 | import Link from 'next/link';
  5 | import { usePathname } from 'next/navigation';
> 6 | import { cn } from "@/lib/utils"; // Assuming lib/utils exists or I'll use a simple classNa...
    | ^^^^^^^^^^^^^^^^^^^^^^^^^^^^^^^^^
  7 |
  8 | export default function Sidebar() {
  9 |   const pathname = usePathname();

Import map: aliased to relative './src/lib/utils' inside of [project]/Documents/REMUNERACIONES 2026/frontend

Import trace:
  Server Component:
    ./Documents/REMUNERACIONES 2026/frontend/src/components/Sidebar.tsx
    ./Documents/REMUNERACIONES 2026/frontend/src/app/layout.tsx

https://nextjs.org/docs/messages/module-not-found 
[browser] ./Documents/REMUNERACIONES 2026/frontend/src/components/Sidebar.tsx:6:1
Module not found: Can't resolve '@/lib/utils'
  4 | import Link from 'next/link';
  5 | import { usePathname } from 'next/navigation';
> 6 | import { cn } from "@/lib/utils"; // Assuming lib/utils exists or I'll use a simple classNa...
    | ^^^^^^^^^^^^^^^^^^^^^^^^^^^^^^^^^
  7 |
  8 | export default function Sidebar() {
  9 |   const pathname = usePathname();

Import map: aliased to relative './src/lib/utils' inside of [project]/Documents/REMUNERACIONES 2026/frontend

Import trace:
  Server Component:
    ./Documents/REMUNERACIONES 2026/frontend/src/components/Sidebar.tsx
    ./Documents/REMUNERACIONES 2026/frontend/src/app/layout.tsx

https://nextjs.org/docs/messages/module-not-found 
[browser] ./Documents/REMUNERACIONES 2026/frontend/src/components/Sidebar.tsx:6:1
Module not found: Can't resolve '@/lib/utils'
  4 | import Link from 'next/link';
  5 | import { usePathname } from 'next/navigation';
> 6 | import { cn } from "@/lib/utils"; // Assuming lib/utils exists or I'll use a simple classNa...
    | ^^^^^^^^^^^^^^^^^^^^^^^^^^^^^^^^^
  7 |
  8 | export default function Sidebar() {
  9 |   const pathname = usePathname();

Import map: aliased to relative './src/lib/utils' inside of [project]/Documents/REMUNERACIONES 2026/frontend

Import trace:
  Server Component:
    ./Documents/REMUNERACIONES 2026/frontend/src/components/Sidebar.tsx
    ./Documents/REMUNERACIONES 2026/frontend/src/app/layout.tsx

https://nextjs.org/docs/messages/module-not-found 
[browser] ./Documents/REMUNERACIONES 2026/frontend/src/components/Sidebar.tsx:6:1
Module not found: Can't resolve '@/lib/utils'
  4 | import Link from 'next/link';
  5 | import { usePathname } from 'next/navigation';
> 6 | import { cn } from "@/lib/utils"; // Assuming lib/utils exists or I'll use a simple classNa...
    | ^^^^^^^^^^^^^^^^^^^^^^^^^^^^^^^^^
  7 |
  8 | export default function Sidebar() {
  9 |   const pathname = usePathname();

Import map: aliased to relative './src/lib/utils' inside of [project]/Documents/REMUNERACIONES 2026/frontend

Import trace:
  Server Component:
    ./Documents/REMUNERACIONES 2026/frontend/src/components/Sidebar.tsx
    ./Documents/REMUNERACIONES 2026/frontend/src/app/layout.tsx

https://nextjs.org/docs/messages/module-not-found 
[browser] ./Documents/REMUNERACIONES 2026/frontend/src/components/Sidebar.tsx:6:1
Module not found: Can't resolve '@/lib/utils'
  4 | import Link from 'next/link';
  5 | import { usePathname } from 'next/navigation';
> 6 | import { cn } from "@/lib/utils"; // Assuming lib/utils exists or I'll use a simple classNa...
    | ^^^^^^^^^^^^^^^^^^^^^^^^^^^^^^^^^
  7 |
  8 | export default function Sidebar() {
  9 |   const pathname = usePathname();

Import map: aliased to relative './src/lib/utils' inside of [project]/Documents/REMUNERACIONES 2026/frontend

Import trace:
  Server Component:
    ./Documents/REMUNERACIONES 2026/frontend/src/components/Sidebar.tsx
    ./Documents/REMUNERACIONES 2026/frontend/src/app/layout.tsx

https://nextjs.org/docs/messages/module-not-found 
[browser] ./Documents/REMUNERACIONES 2026/frontend/src/components/Sidebar.tsx:6:1
Module not found: Can't resolve '@/lib/utils'
  4 | import Link from 'next/link';
  5 | import { usePathname } from 'next/navigation';
> 6 | import { cn } from "@/lib/utils"; // Assuming lib/utils exists or I'll use a simple classNa...
    | ^^^^^^^^^^^^^^^^^^^^^^^^^^^^^^^^^
  7 |
  8 | export default function Sidebar() {
  9 |   const pathname = usePathname();

Import map: aliased to relative './src/lib/utils' inside of [project]/Documents/REMUNERACIONES 2026/frontend

Import trace:
  Server Component:
    ./Documents/REMUNERACIONES 2026/frontend/src/components/Sidebar.tsx
    ./Documents/REMUNERACIONES 2026/frontend/src/app/layout.tsx

https://nextjs.org/docs/messages/module-not-found 
[browser] Uncaught Error: ./Documents/REMUNERACIONES 2026/frontend/src/components/Sidebar.tsx:6:1
Module not found: Can't resolve '@/lib/utils'
  4 | import Link from 'next/link';
  5 | import { usePathname } from 'next/navigation';
> 6 | import { cn } from "@/lib/utils"; // Assuming lib/utils exists or I'll use a simple classNa...
    | ^^^^^^^^^^^^^^^^^^^^^^^^^^^^^^^^^
  7 |
  8 | export default function Sidebar() {
  9 |   const pathname = usePathname();

Import map: aliased to relative './src/lib/utils' inside of [project]/Documents/REMUNERACIONES 2026/frontend


Import trace:
  Server Component:
    ./Documents/REMUNERACIONES 2026/frontend/src/components/Sidebar.tsx
    ./Documents/REMUNERACIONES 2026/frontend/src/app/layout.tsx

https://nextjs.org/docs/messages/module-not-found


    at <unknown> (Error: ./Documents/REMUNERACIONES 2026/frontend/src/components/Sidebar.tsx:6:1)
    at <unknown> (https://nextjs.org/docs/messages/module-not-found)
    at <unknown> (Error: (./Documents/REMUNERACIONES 2026/frontend/src/components/Sidebar.tsx:6:1)
    at <unknown> (https://nextjs.org/docs/messages/module-not-found)
[browser] ./Documents/REMUNERACIONES 2026/frontend/src/components/Sidebar.tsx:6:1
Module not found: Can't resolve '@/lib/utils'
  4 | import Link from 'next/link';
  5 | import { usePathname } from 'next/navigation';
> 6 | import { cn } from "@/lib/utils"; // Assuming lib/utils exists or I'll use a simple classNa...
    | ^^^^^^^^^^^^^^^^^^^^^^^^^^^^^^^^^
  7 |
  8 | export default function Sidebar() {
  9 |   const pathname = usePathname();

Import map: aliased to relative './src/lib/utils' inside of [project]/Documents/REMUNERACIONES 2026/frontend

Import trace:
  Server Component:
    ./Documents/REMUNERACIONES 2026/frontend/src/components/Sidebar.tsx
    ./Documents/REMUNERACIONES 2026/frontend/src/app/layout.tsx

https://nextjs.org/docs/messages/module-not-found 
✓ Compiled in 327ms
 GET /consolidados/2 200 in 300ms (next.js: 68ms, application-code: 232ms)
 GET /consolidados/1 200 in 299ms (next.js: 277ms, application-code: 21ms)
✓ Compiled in 580ms
 GET /consolidados/1 200 in 259ms (next.js: 114ms, application-code: 145ms)
 GET /consolidados/2 200 in 256ms (next.js: 181ms, application-code: 75ms)
 GET /consolidados/1 200 in 64ms (next.js: 1743µs, application-code: 62ms)
 GET /consolidados/2 200 in 64ms (next.js: 15ms, application-code: 50ms)
 GET /consolidados/1 200 in 31ms (next.js: 3ms, application-code: 28ms)
 GET /consolidados/2 200 in 31ms (next.js: 13ms, application-code: 18ms)
 GET /consolidados/1 200 in 348ms (next.js: 48ms, application-code: 300ms)
 GET / 200 in 119ms (next.js: 78ms, application-code: 41ms)
 GET /consolidados 200 in 62ms (next.js: 30ms, application-code: 31ms)
 GET /consolidados/1 200 in 42ms (next.js: 13ms, application-code: 29ms)
 GET /configuracion 404 in 686ms (next.js: 572ms, application-code: 114ms)
 GET /configuracion 404 in 42ms (next.js: 11ms, application-code: 31ms)
 GET /configuracion 404 in 94ms (next.js: 7ms, application-code: 87ms)
✓ Compiled in 775ms
 GET /configuracion 404 in 1041ms (next.js: 273ms, application-code: 768ms)
 GET /consolidados/2 200 in 609ms (next.js: 201ms, application-code: 408ms)
 GET /consolidados/1 200 in 610ms (next.js: 123ms, application-code: 487ms)
 GET /configuracion 404 in 611ms (next.js: 265ms, application-code: 346ms)
 GET /configuracion 404 in 85ms (next.js: 50ms, application-code: 34ms)
 GET /consolidados/1 200 in 138ms (next.js: 1017µs, application-code: 137ms)
 GET /configuracion 404 in 733ms (next.js: 312ms, application-code: 421ms)
 GET /consolidados/2 200 in 156ms (next.js: 20ms, application-code: 136ms)
 GET /consolidados/1 200 in 79ms (next.js: 5ms, application-code: 74ms)
 GET /consolidados/2 200 in 39ms (next.js: 7ms, application-code: 32ms)
 GET / 200 in 243ms (next.js: 74ms, application-code: 169ms)
 GET /consolidados 200 in 157ms (next.js: 54ms, application-code: 103ms)
 GET / 200 in 317ms (next.js: 143ms, application-code: 174ms)
 GET / 200 in 67ms (next.js: 26ms, application-code: 41ms)
 GET / 200 in 32ms (next.js: 9ms, application-code: 23ms)
 GET /reportes 404 in 75ms (next.js: 31ms, application-code: 44ms)
 GET /reportes 404 in 47ms (next.js: 4ms, application-code: 43ms)
 GET /importar 200 in 60ms (next.js: 41ms, application-code: 19ms)
 GET /importar 200 in 152ms (next.js: 1047µs, application-code: 151ms)
 GET /configuracion 404 in 23ms (next.js: 7ms, application-code: 16ms)
 GET /configuracion 404 in 23ms (next.js: 1205µs, application-code: 22ms)
 GET /configuracion 404 in 36ms (next.js: 11ms, application-code: 26ms)
 GET /configuracion 404 in 46ms (next.js: 15ms, application-code: 31ms)
 GET /consolidados 200 in 23ms (next.js: 5ms, application-code: 18ms)
 GET /consolidados 200 in 77ms (next.js: 8ms, application-code: 68ms)
 GET /consolidados 200 in 24ms (next.js: 2ms, application-code: 22ms)
 GET /consolidados 200 in 41ms (next.js: 8ms, application-code: 33ms)
 GET /consolidados/1 200 in 36ms (next.js: 15ms, application-code: 21ms)
 GET /configuracion 404 in 32ms (next.js: 13ms, application-code: 19ms)
 GET /configuracion 404 in 73ms (next.js: 9ms, application-code: 64ms)
 GET /configuracion 404 in 17ms (next.js: 7ms, application-code: 11ms)
 GET /configuracion 404 in 34ms (next.js: 4ms, application-code: 30ms)
✓ Compiled in 1134ms
 GET /consolidados/1 200 in 945ms (next.js: 654ms, application-code: 291ms)
 GET /configuracion 404 in 960ms (next.js: 851ms, application-code: 110ms)
 GET /consolidados/2 200 in 952ms (next.js: 782ms, application-code: 170ms)
 GET /consolidados/1 200 in 127ms (next.js: 11ms, application-code: 116ms)
 GET /consolidados/2 200 in 159ms (next.js: 28ms, application-code: 131ms)
 GET /consolidados/1 200 in 188ms (next.js: 8ms, application-code: 179ms)
 GET /consolidados/2 200 in 188ms (next.js: 43ms, application-code: 145ms)
 GET /consolidados/1 200 in 201ms (next.js: 10ms, application-code: 191ms)
 GET /consolidados/2 200 in 131ms (next.js: 6ms, application-code: 125ms)
 GET /consolidados/1 200 in 110ms (next.js: 3ms, application-code: 107ms)
 GET /consolidados/2 200 in 90ms (next.js: 6ms, application-code: 84ms)
 GET /consolidados/1 200 in 51ms (next.js: 2ms, application-code: 49ms)
 GET /consolidados/2 200 in 67ms (next.js: 4ms, application-code: 64ms)
 GET /consolidados/1 200 in 55ms (next.js: 4ms, application-code: 51ms)
 GET /consolidados/2 200 in 65ms (next.js: 18ms, application-code: 47ms)
 GET /consolidados/1 200 in 40ms (next.js: 2ms, application-code: 38ms)
 GET /consolidados/2 200 in 66ms (next.js: 1675µs, application-code: 64ms)
 GET /consolidados/1 200 in 62ms (next.js: 5ms, application-code: 56ms)
 GET /consolidados/2 200 in 61ms (next.js: 22ms, application-code: 39ms)
 GET /consolidados/1 200 in 46ms (next.js: 3ms, application-code: 43ms)
 GET /consolidados/2 200 in 60ms (next.js: 4ms, application-code: 56ms)
 GET /consolidados/1 200 in 46ms (next.js: 3ms, application-code: 43ms)
 GET /consolidados/2 200 in 33ms (next.js: 3ms, application-code: 31ms)
 GET /consolidados/1 200 in 43ms (next.js: 1412µs, application-code: 42ms)
 GET /consolidados/2 200 in 46ms (next.js: 3ms, application-code: 43ms)
 GET /consolidados/1 200 in 47ms (next.js: 1234µs, application-code: 46ms)
 GET /consolidados/2 200 in 36ms (next.js: 4ms, application-code: 33ms)
 GET /consolidados/1 200 in 42ms (next.js: 1762µs, application-code: 40ms)
 GET /consolidados/2 200 in 40ms (next.js: 3ms, application-code: 37ms)
 GET /consolidados/1 200 in 40ms (next.js: 2ms, application-code: 37ms)
 GET /consolidados/2 200 in 30ms (next.js: 1596µs, application-code: 29ms)
 GET /consolidados/1 200 in 27ms (next.js: 1536µs, application-code: 26ms)
 GET /consolidados/2 200 in 15ms (next.js: 2ms, application-code: 13ms)
 GET /configuracion 200 in 2.7s (next.js: 2.4s, application-code: 246ms)
 GET /configuracion 200 in 33ms (next.js: 3ms, application-code: 30ms)
 GET /configuracion 200 in 2.6s (next.js: 2.4s, application-code: 229ms)
 GET /configuracion 200 in 65ms (next.js: 16ms, application-code: 49ms)
 GET /reportes 404 in 82ms (next.js: 32ms, application-code: 50ms)
 GET /reportes 404 in 43ms (next.js: 4ms, application-code: 39ms)
 GET /funcionarios 200 in 88ms (next.js: 61ms, application-code: 26ms)
 GET /consolidados 200 in 55ms (next.js: 36ms, application-code: 19ms)
 GET /funcionarios 200 in 39ms (next.js: 12ms, application-code: 26ms)
 GET /consolidados 200 in 26ms (next.js: 6ms, application-code: 20ms)
 GET / 200 in 63ms (next.js: 39ms, application-code: 24ms)
 GET /consolidados 200 in 22ms (next.js: 4ms, application-code: 18ms)
 GET /consolidados/1 200 in 201ms (next.js: 31ms, application-code: 170ms)
 GET / 200 in 138ms (next.js: 19ms, application-code: 119ms)
✓ Compiled in 456ms
✓ Compiled in 233ms
✓ Compiled in 156ms
 GET /consolidados/1 200 in 382ms (next.js: 139ms, application-code: 243ms)
 GET / 200 in 420ms (next.js: 183ms, application-code: 237ms)
 GET /consolidados/1 200 in 554ms (next.js: 30ms, application-code: 523ms)
 GET /configuracion 200 in 162ms (next.js: 97ms, application-code: 65ms)
 GET /reportes 404 in 73ms (next.js: 31ms, application-code: 42ms)
 GET /reportes 404 in 75ms (next.js: 6ms, application-code: 69ms)
 GET /consolidados 200 in 56ms (next.js: 29ms, application-code: 27ms)
 GET /funcionarios 200 in 44ms (next.js: 27ms, application-code: 17ms)
 GET /consolidados 200 in 32ms (next.js: 6ms, application-code: 26ms)
 GET /consolidados/1 200 in 43ms (next.js: 15ms, application-code: 28ms)
 GET / 200 in 113ms (next.js: 30ms, application-code: 83ms)
 GET /audit-console 404 in 263ms (next.js: 86ms, application-code: 177ms)
 GET /console 404 in 723ms (next.js: 372ms, application-code: 351ms)
[browser] A tree hydrated but some attributes of the server rendered HTML didn't match the client properties. This won't be patched up. This can happen if a SSR-ed Client Component used:

- A server/client branch `if (typeof window !== 'undefined')`.
- Variable input such as `Date.now()` or `Math.random()` which changes each time it's called.
- Date formatting in a user's locale which doesn't match the server.
- External changing data without sending a snapshot of it along with the HTML.
- Invalid HTML tag nesting.

It can also happen if the client has a browser extension installed which messes with the HTML before React loaded.

https://react.dev/link/hydration-mismatch

  ...
    <HotReload globalError={[...]} webSocket={WebSocket} staticIndicatorState={{pathname:null, ...}}>
      <AppDevOverlayErrorBoundary globalError={[...]}>
        <ReplaySsrOnlyErrors>
        <DevRootHTTPAccessFallbackBoundary>
          <HTTPAccessFallbackBoundary notFound={<NotAllowedRootHTTPFallbackError>}>
            <HTTPAccessFallbackErrorBoundary pathname="/console" notFound={<NotAllowedRootHTTPFallbackError>} ...>
              <RedirectBoundary>
                <RedirectErrorBoundary router={{...}}>
                  <Head>
                  <__next_root_layout_boundary__>
                    <SegmentViewNode type="layout" pagePath="layout.tsx">
                      <SegmentTrieNode>
                      <link>
                      <script>
                      <script>
                      <script>
                      <RootLayout>
                        <html lang="es" className="h-full dark">
                          <head>
                          <body
+                           className="inter_5901b7c6-module__ec5Qua__variable manrope_b7d5735e-module__suUhcW__variab..."
-                           className="inter_5901b7c6-module__ec5Qua__variable manrope_b7d5735e-module__suUhcW__variab..."
                          >
                  ...
 
 GET /configuracion 200 in 188ms (next.js: 63ms, application-code: 125ms)
 GET /reportes 404 in 400ms (next.js: 62ms, application-code: 338ms)
 GET /funcionarios 200 in 361ms (next.js: 59ms, application-code: 302ms)
 GET /consolidados 200 in 348ms (next.js: 72ms, application-code: 276ms)
 GET /importar 200 in 2.4s (next.js: 1626ms, application-code: 761ms)
 GET /consolidados/1 200 in 189ms (next.js: 79ms, application-code: 110ms)
 GET /consolidados 200 in 174ms (next.js: 82ms, application-code: 93ms)
 GET /consolidados/1 200 in 53ms (next.js: 27ms, application-code: 26ms)
✓ Compiled in 616ms
✓ Compiled in 296ms
✓ Compiled in 2.4s
✓ Compiled in 0ms
 GET / 200 in 1882ms (next.js: 822ms, application-code: 1060ms)
 GET /consolidados/1 200 in 1855ms (next.js: 418ms, application-code: 1437ms)
 GET /consolidados 200 in 1867ms (next.js: 680ms, application-code: 1187ms)
 GET /configuracion 200 in 1867ms (next.js: 589ms, application-code: 1278ms)
 GET /audit-console 404 in 1886ms (next.js: 1559ms, application-code: 327ms)
 GET /consolidados/2 200 in 566ms (next.js: 49ms, application-code: 518ms)
[browser] Error fetching dashboard: AxiosError: Request failed with status code 500 (../../REMUNERACIONES 2026/frontend/src/app/page.tsx:18:17)
 GET /funcionarios 200 in 1285ms (next.js: 84ms, application-code: 1200ms)
 GET /reportes 404 in 1297ms (next.js: 159ms, application-code: 1138ms)
 GET /console 404 in 1299ms (next.js: 225ms, application-code: 1075ms)
 GET /consolidados/1 200 in 903ms (next.js: 46ms, application-code: 857ms)
 GET /audit-console 404 in 914ms (next.js: 143ms, application-code: 771ms)
 GET /consolidados 200 in 403ms (next.js: 172ms, application-code: 231ms)
 GET /configuracion 200 in 407ms (next.js: 78ms, application-code: 329ms)
 GET / 200 in 176ms (next.js: 46ms, application-code: 131ms)
 GET /reportes 404 in 696ms (next.js: 432ms, application-code: 264ms)
 GET /console 404 in 467ms (next.js: 232ms, application-code: 235ms)
 GET /consolidados/2 200 in 257ms (next.js: 13ms, application-code: 244ms)
 GET /funcionarios 200 in 205ms (next.js: 4ms, application-code: 201ms)
 GET /console 404 in 237ms (next.js: 10ms, application-code: 227ms)
 GET /configuracion 200 in 237ms (next.js: 40ms, application-code: 197ms)
 GET /consolidados/1 200 in 208ms (next.js: 42ms, application-code: 165ms)
 GET /consolidados 200 in 214ms (next.js: 80ms, application-code: 135ms)
 GET / 200 in 247ms (next.js: 7ms, application-code: 240ms)
 GET /consolidados/2 200 in 314ms (next.js: 14ms, application-code: 300ms)
 GET /funcionarios 200 in 197ms (next.js: 11ms, application-code: 187ms)
 GET /configuracion 200 in 194ms (next.js: 37ms, application-code: 157ms)
 GET / 200 in 114ms (next.js: 38ms, application-code: 76ms)
 GET /console 404 in 165ms (next.js: 22ms, application-code: 144ms)
 GET /consolidados/1 200 in 121ms (next.js: 22ms, application-code: 99ms)
 GET / 200 in 403ms (next.js: 29ms, application-code: 374ms)
 GET /configuracion 200 in 415ms (next.js: 10ms, application-code: 405ms)
 GET /configuracion 200 in 389ms (next.js: 10ms, application-code: 380ms)
 GET / 200 in 363ms (next.js: 33ms, application-code: 330ms)
 GET /consolidados/1 200 in 380ms (next.js: 7ms, application-code: 373ms)
 GET /consolidados/1 200 in 148ms (next.js: 23ms, application-code: 124ms)
 GET /consolidados/1 200 in 120ms (next.js: 5ms, application-code: 115ms)
 GET /consolidados/1 200 in 149ms (next.js: 3ms, application-code: 146ms)
 GET /consolidados/1 200 in 298ms (next.js: 9ms, application-code: 288ms)
 GET /consolidados/1 200 in 293ms (next.js: 24ms, application-code: 269ms)
 GET /consolidados/1 200 in 198ms (next.js: 35ms, application-code: 163ms)
 GET /consolidados/1 200 in 73ms (next.js: 7ms, application-code: 66ms)
✓ Compiled in 178ms
✓ Compiled in 238ms
✓ Compiled in 222ms
 GET / 200 in 616ms (next.js: 154ms, application-code: 462ms)
 GET /consolidados 200 in 1040ms (next.js: 366ms, application-code: 674ms)
 GET / 200 in 509ms (next.js: 114ms, application-code: 395ms)
[browser] Error fetching dashboard: AxiosError: Request failed with status code 500 (../../REMUNERACIONES 2026/frontend/src/app/page.tsx:18:17)
 GET /consolidados 200 in 513ms (next.js: 81ms, application-code: 432ms)
 GET /consolidados/1 200 in 333ms (next.js: 204ms, application-code: 129ms)
 GET /funcionarios 200 in 341ms (next.js: 200ms, application-code: 141ms)
 GET /importar 200 in 198ms (next.js: 135ms, application-code: 63ms)
 GET /funcionarios 200 in 49ms (next.js: 7ms, application-code: 42ms)
 GET /consolidados 200 in 35ms (next.js: 17ms, application-code: 18ms)
 GET /consolidados/1 200 in 124ms (next.js: 59ms, application-code: 65ms)
 GET / 200 in 50ms (next.js: 23ms, application-code: 27ms)
[browser] Error fetching dashboard: AxiosError: Request failed with status code 500 (../../REMUNERACIONES 2026/frontend/src/app/page.tsx:18:17)
[browser] Error fetching dashboard: AxiosError: Request failed with status code 500 (../../REMUNERACIONES 2026/frontend/src/app/page.tsx:18:17)
 GET /funcionarios 200 in 25ms (next.js: 8ms, application-code: 17ms)
 GET /consolidados 200 in 52ms (next.js: 16ms, application-code: 36ms)
 GET / 200 in 26ms (next.js: 7ms, application-code: 18ms)
[browser] Error fetching dashboard: AxiosError: Request failed with status code 500 (../../REMUNERACIONES 2026/frontend/src/app/page.tsx:18:17)
[browser] Error fetching dashboard: AxiosError: Request failed with status code 500 (../../REMUNERACIONES 2026/frontend/src/app/page.tsx:18:17)
 GET /configuracion 200 in 67ms (next.js: 47ms, application-code: 20ms)
 GET /reportes 404 in 60ms (next.js: 24ms, application-code: 36ms)
 GET /reportes 404 in 56ms (next.js: 6ms, application-code: 50ms)
 GET /funcionarios 200 in 23ms (next.js: 5ms, application-code: 18ms)
 GET /consolidados 200 in 24ms (next.js: 7ms, application-code: 17ms)
 GET /consolidados 200 in 25ms (next.js: 7ms, application-code: 19ms)
 GET / 200 in 57ms (next.js: 9ms, application-code: 48ms)
[browser] Error fetching dashboard: AxiosError: Request failed with status code 500 (../../REMUNERACIONES 2026/frontend/src/app/page.tsx:18:17)
[browser] Error fetching dashboard: AxiosError: Request failed with status code 500 (../../REMUNERACIONES 2026/frontend/src/app/page.tsx:18:17)
 GET /consolidados 200 in 428ms (next.js: 234ms, application-code: 194ms)
 GET /consolidados/1 200 in 73ms (next.js: 35ms, application-code: 38ms)
✓ Compiled in 1533ms
[browser] ./Documents/REMUNERACIONES 2026/frontend/src/app/consolidados/[id]/page.tsx:529:5
Expression expected
  527 |   );
  528 | }
> 529 |     </div>
      |     ^
  530 |   );
  531 | }
  532 |

Parsing ecmascript source code failed

Import traces:
  Client Component Browser:
    ./Documents/REMUNERACIONES 2026/frontend/src/app/consolidados/[id]/page.tsx [Client Component Browser]
    ./Documents/REMUNERACIONES 2026/frontend/src/app/consolidados/[id]/page.tsx [Server Component]

  Client Component SSR:
    ./Documents/REMUNERACIONES 2026/frontend/src/app/consolidados/[id]/page.tsx [Client Component SSR]
    ./Documents/REMUNERACIONES 2026/frontend/src/app/consolidados/[id]/page.tsx [Server Component] 
[browser] ./Documents/REMUNERACIONES 2026/frontend/src/app/consolidados/[id]/page.tsx:529:6
Unterminated regexp literal
  527 |   );
  528 | }
> 529 |     </div>
      |      ^^^^^
  530 |   );
  531 | }
  532 |

Parsing ecmascript source code failed

Import traces:
  Client Component Browser:
    ./Documents/REMUNERACIONES 2026/frontend/src/app/consolidados/[id]/page.tsx [Client Component Browser]
    ./Documents/REMUNERACIONES 2026/frontend/src/app/consolidados/[id]/page.tsx [Server Component]

  Client Component SSR:
    ./Documents/REMUNERACIONES 2026/frontend/src/app/consolidados/[id]/page.tsx [Client Component SSR]
    ./Documents/REMUNERACIONES 2026/frontend/src/app/consolidados/[id]/page.tsx [Server Component] 
[browser] ./Documents/REMUNERACIONES 2026/frontend/src/app/consolidados/[id]/page.tsx:529:5
Expression expected
  527 |   );
  528 | }
> 529 |     </div>
      |     ^
  530 |   );
  531 | }
  532 |

Parsing ecmascript source code failed

Import traces:
  Client Component Browser:
    ./Documents/REMUNERACIONES 2026/frontend/src/app/consolidados/[id]/page.tsx [Client Component Browser]
    ./Documents/REMUNERACIONES 2026/frontend/src/app/consolidados/[id]/page.tsx [Server Component]

  Client Component SSR:
    ./Documents/REMUNERACIONES 2026/frontend/src/app/consolidados/[id]/page.tsx [Client Component SSR]
    ./Documents/REMUNERACIONES 2026/frontend/src/app/consolidados/[id]/page.tsx [Server Component] 
[browser] ./Documents/REMUNERACIONES 2026/frontend/src/app/consolidados/[id]/page.tsx:529:6
Unterminated regexp literal
  527 |   );
  528 | }
> 529 |     </div>
      |      ^^^^^
  530 |   );
  531 | }
  532 |

Parsing ecmascript source code failed

Import traces:
  Client Component Browser:
    ./Documents/REMUNERACIONES 2026/frontend/src/app/consolidados/[id]/page.tsx [Client Component Browser]
    ./Documents/REMUNERACIONES 2026/frontend/src/app/consolidados/[id]/page.tsx [Server Component]

  Client Component SSR:
    ./Documents/REMUNERACIONES 2026/frontend/src/app/consolidados/[id]/page.tsx [Client Component SSR]
    ./Documents/REMUNERACIONES 2026/frontend/src/app/consolidados/[id]/page.tsx [Server Component] 
[browser] ./Documents/REMUNERACIONES 2026/frontend/src/app/consolidados/[id]/page.tsx:529:5
Expression expected
  527 |   );
  528 | }
> 529 |     </div>
      |     ^
  530 |   );
  531 | }
  532 |

Parsing ecmascript source code failed

Import traces:
  Client Component Browser:
    ./Documents/REMUNERACIONES 2026/frontend/src/app/consolidados/[id]/page.tsx [Client Component Browser]
    ./Documents/REMUNERACIONES 2026/frontend/src/app/consolidados/[id]/page.tsx [Server Component]

  Client Component SSR:
    ./Documents/REMUNERACIONES 2026/frontend/src/app/consolidados/[id]/page.tsx [Client Component SSR]
    ./Documents/REMUNERACIONES 2026/frontend/src/app/consolidados/[id]/page.tsx [Server Component] 
[browser] ./Documents/REMUNERACIONES 2026/frontend/src/app/consolidados/[id]/page.tsx:529:6
Unterminated regexp literal
  527 |   );
  528 | }
> 529 |     </div>
      |      ^^^^^
  530 |   );
  531 | }
  532 |

Parsing ecmascript source code failed

Import traces:
  Client Component Browser:
    ./Documents/REMUNERACIONES 2026/frontend/src/app/consolidados/[id]/page.tsx [Client Component Browser]
    ./Documents/REMUNERACIONES 2026/frontend/src/app/consolidados/[id]/page.tsx [Server Component]

  Client Component SSR:
    ./Documents/REMUNERACIONES 2026/frontend/src/app/consolidados/[id]/page.tsx [Client Component SSR]
    ./Documents/REMUNERACIONES 2026/frontend/src/app/consolidados/[id]/page.tsx [Server Component] 
[browser] ./Documents/REMUNERACIONES 2026/frontend/src/app/consolidados/[id]/page.tsx:529:5
Expression expected
  527 |   );
  528 | }
> 529 |     </div>
      |     ^
  530 |   );
  531 | }
  532 |

Parsing ecmascript source code failed

Import traces:
  Client Component Browser:
    ./Documents/REMUNERACIONES 2026/frontend/src/app/consolidados/[id]/page.tsx [Client Component Browser]
    ./Documents/REMUNERACIONES 2026/frontend/src/app/consolidados/[id]/page.tsx [Server Component]

  Client Component SSR:
    ./Documents/REMUNERACIONES 2026/frontend/src/app/consolidados/[id]/page.tsx [Client Component SSR]
    ./Documents/REMUNERACIONES 2026/frontend/src/app/consolidados/[id]/page.tsx [Server Component] 
[browser] ./Documents/REMUNERACIONES 2026/frontend/src/app/consolidados/[id]/page.tsx:529:6
Unterminated regexp literal
  527 |   );
  528 | }
> 529 |     </div>
      |      ^^^^^
  530 |   );
  531 | }
  532 |

Parsing ecmascript source code failed

Import traces:
  Client Component Browser:
    ./Documents/REMUNERACIONES 2026/frontend/src/app/consolidados/[id]/page.tsx [Client Component Browser]
    ./Documents/REMUNERACIONES 2026/frontend/src/app/consolidados/[id]/page.tsx [Server Component]

  Client Component SSR:
    ./Documents/REMUNERACIONES 2026/frontend/src/app/consolidados/[id]/page.tsx [Client Component SSR]
    ./Documents/REMUNERACIONES 2026/frontend/src/app/consolidados/[id]/page.tsx [Server Component] 
[browser] ./Documents/REMUNERACIONES 2026/frontend/src/app/consolidados/[id]/page.tsx:529:5
Expression expected
  527 |   );
  528 | }
> 529 |     </div>
      |     ^
  530 |   );
  531 | }
  532 |

Parsing ecmascript source code failed

Import traces:
  Client Component Browser:
    ./Documents/REMUNERACIONES 2026/frontend/src/app/consolidados/[id]/page.tsx [Client Component Browser]
    ./Documents/REMUNERACIONES 2026/frontend/src/app/consolidados/[id]/page.tsx [Server Component]

  Client Component SSR:
    ./Documents/REMUNERACIONES 2026/frontend/src/app/consolidados/[id]/page.tsx [Client Component SSR]
    ./Documents/REMUNERACIONES 2026/frontend/src/app/consolidados/[id]/page.tsx [Server Component] 
[browser] ./Documents/REMUNERACIONES 2026/frontend/src/app/consolidados/[id]/page.tsx:529:6
Unterminated regexp literal
  527 |   );
  528 | }
> 529 |     </div>
      |      ^^^^^
  530 |   );
  531 | }
  532 |

Parsing ecmascript source code failed

Import traces:
  Client Component Browser:
    ./Documents/REMUNERACIONES 2026/frontend/src/app/consolidados/[id]/page.tsx [Client Component Browser]
    ./Documents/REMUNERACIONES 2026/frontend/src/app/consolidados/[id]/page.tsx [Server Component]

  Client Component SSR:
    ./Documents/REMUNERACIONES 2026/frontend/src/app/consolidados/[id]/page.tsx [Client Component SSR]
    ./Documents/REMUNERACIONES 2026/frontend/src/app/consolidados/[id]/page.tsx [Server Component] 
[browser] ./Documents/REMUNERACIONES 2026/frontend/src/app/consolidados/[id]/page.tsx:529:5
Expression expected
  527 |   );
  528 | }
> 529 |     </div>
      |     ^
  530 |   );
  531 | }
  532 |

Parsing ecmascript source code failed

Import traces:
  Client Component Browser:
    ./Documents/REMUNERACIONES 2026/frontend/src/app/consolidados/[id]/page.tsx [Client Component Browser]
    ./Documents/REMUNERACIONES 2026/frontend/src/app/consolidados/[id]/page.tsx [Server Component]

  Client Component SSR:
    ./Documents/REMUNERACIONES 2026/frontend/src/app/consolidados/[id]/page.tsx [Client Component SSR]
    ./Documents/REMUNERACIONES 2026/frontend/src/app/consolidados/[id]/page.tsx [Server Component] 
[browser] ./Documents/REMUNERACIONES 2026/frontend/src/app/consolidados/[id]/page.tsx:529:6
Unterminated regexp literal
  527 |   );
  528 | }
> 529 |     </div>
      |      ^^^^^
  530 |   );
  531 | }
  532 |

Parsing ecmascript source code failed

Import traces:
  Client Component Browser:
    ./Documents/REMUNERACIONES 2026/frontend/src/app/consolidados/[id]/page.tsx [Client Component Browser]
    ./Documents/REMUNERACIONES 2026/frontend/src/app/consolidados/[id]/page.tsx [Server Component]

  Client Component SSR:
    ./Documents/REMUNERACIONES 2026/frontend/src/app/consolidados/[id]/page.tsx [Client Component SSR]
    ./Documents/REMUNERACIONES 2026/frontend/src/app/consolidados/[id]/page.tsx [Server Component] 
[browser] ./Documents/REMUNERACIONES 2026/frontend/src/app/consolidados/[id]/page.tsx:529:5
Expression expected
  527 |   );
  528 | }
> 529 |     </div>
      |     ^
  530 |   );
  531 | }
  532 |

Parsing ecmascript source code failed

Import traces:
  Client Component Browser:
    ./Documents/REMUNERACIONES 2026/frontend/src/app/consolidados/[id]/page.tsx [Client Component Browser]
    ./Documents/REMUNERACIONES 2026/frontend/src/app/consolidados/[id]/page.tsx [Server Component]

  Client Component SSR:
    ./Documents/REMUNERACIONES 2026/frontend/src/app/consolidados/[id]/page.tsx [Client Component SSR]
    ./Documents/REMUNERACIONES 2026/frontend/src/app/consolidados/[id]/page.tsx [Server Component] 
[browser] ./Documents/REMUNERACIONES 2026/frontend/src/app/consolidados/[id]/page.tsx:529:6
Unterminated regexp literal
  527 |   );
  528 | }
> 529 |     </div>
      |      ^^^^^
  530 |   );
  531 | }
  532 |

Parsing ecmascript source code failed

Import traces:
  Client Component Browser:
    ./Documents/REMUNERACIONES 2026/frontend/src/app/consolidados/[id]/page.tsx [Client Component Browser]
    ./Documents/REMUNERACIONES 2026/frontend/src/app/consolidados/[id]/page.tsx [Server Component]

  Client Component SSR:
    ./Documents/REMUNERACIONES 2026/frontend/src/app/consolidados/[id]/page.tsx [Client Component SSR]
    ./Documents/REMUNERACIONES 2026/frontend/src/app/consolidados/[id]/page.tsx [Server Component] 
[browser] ./Documents/REMUNERACIONES 2026/frontend/src/app/consolidados/[id]/page.tsx:529:5
Expression expected
  527 |   );
  528 | }
> 529 |     </div>
      |     ^
  530 |   );
  531 | }
  532 |

Parsing ecmascript source code failed

Import traces:
  Client Component Browser:
    ./Documents/REMUNERACIONES 2026/frontend/src/app/consolidados/[id]/page.tsx [Client Component Browser]
    ./Documents/REMUNERACIONES 2026/frontend/src/app/consolidados/[id]/page.tsx [Server Component]

  Client Component SSR:
    ./Documents/REMUNERACIONES 2026/frontend/src/app/consolidados/[id]/page.tsx [Client Component SSR]
    ./Documents/REMUNERACIONES 2026/frontend/src/app/consolidados/[id]/page.tsx [Server Component] 
[browser] ./Documents/REMUNERACIONES 2026/frontend/src/app/consolidados/[id]/page.tsx:529:6
Unterminated regexp literal
  527 |   );
  528 | }
> 529 |     </div>
      |      ^^^^^
  530 |   );
  531 | }
  532 |

Parsing ecmascript source code failed

Import traces:
  Client Component Browser:
    ./Documents/REMUNERACIONES 2026/frontend/src/app/consolidados/[id]/page.tsx [Client Component Browser]
    ./Documents/REMUNERACIONES 2026/frontend/src/app/consolidados/[id]/page.tsx [Server Component]

  Client Component SSR:
    ./Documents/REMUNERACIONES 2026/frontend/src/app/consolidados/[id]/page.tsx [Client Component SSR]
    ./Documents/REMUNERACIONES 2026/frontend/src/app/consolidados/[id]/page.tsx [Server Component] 
[browser] ./Documents/REMUNERACIONES 2026/frontend/src/app/consolidados/[id]/page.tsx:529:5
Expression expected
  527 |   );
  528 | }
> 529 |     </div>
      |     ^
  530 |   );
  531 | }
  532 |

Parsing ecmascript source code failed

Import traces:
  Client Component Browser:
    ./Documents/REMUNERACIONES 2026/frontend/src/app/consolidados/[id]/page.tsx [Client Component Browser]
    ./Documents/REMUNERACIONES 2026/frontend/src/app/consolidados/[id]/page.tsx [Server Component]

  Client Component SSR:
    ./Documents/REMUNERACIONES 2026/frontend/src/app/consolidados/[id]/page.tsx [Client Component SSR]
    ./Documents/REMUNERACIONES 2026/frontend/src/app/consolidados/[id]/page.tsx [Server Component] 
[browser] ./Documents/REMUNERACIONES 2026/frontend/src/app/consolidados/[id]/page.tsx:529:6
Unterminated regexp literal
  527 |   );
  528 | }
> 529 |     </div>
      |      ^^^^^
  530 |   );
  531 | }
  532 |

Parsing ecmascript source code failed

Import traces:
  Client Component Browser:
    ./Documents/REMUNERACIONES 2026/frontend/src/app/consolidados/[id]/page.tsx [Client Component Browser]
    ./Documents/REMUNERACIONES 2026/frontend/src/app/consolidados/[id]/page.tsx [Server Component]

  Client Component SSR:
    ./Documents/REMUNERACIONES 2026/frontend/src/app/consolidados/[id]/page.tsx [Client Component SSR]
    ./Documents/REMUNERACIONES 2026/frontend/src/app/consolidados/[id]/page.tsx [Server Component] 
[browser] ./Documents/REMUNERACIONES 2026/frontend/src/app/consolidados/[id]/page.tsx:529:5
Expression expected
  527 |   );
  528 | }
> 529 |     </div>
      |     ^
  530 |   );
  531 | }
  532 |

Parsing ecmascript source code failed

Import traces:
  Client Component Browser:
    ./Documents/REMUNERACIONES 2026/frontend/src/app/consolidados/[id]/page.tsx [Client Component Browser]
    ./Documents/REMUNERACIONES 2026/frontend/src/app/consolidados/[id]/page.tsx [Server Component]

  Client Component SSR:
    ./Documents/REMUNERACIONES 2026/frontend/src/app/consolidados/[id]/page.tsx [Client Component SSR]
    ./Documents/REMUNERACIONES 2026/frontend/src/app/consolidados/[id]/page.tsx [Server Component] 
[browser] ./Documents/REMUNERACIONES 2026/frontend/src/app/consolidados/[id]/page.tsx:529:6
Unterminated regexp literal
  527 |   );
  528 | }
> 529 |     </div>
      |      ^^^^^
  530 |   );
  531 | }
  532 |

Parsing ecmascript source code failed

Import traces:
  Client Component Browser:
    ./Documents/REMUNERACIONES 2026/frontend/src/app/consolidados/[id]/page.tsx [Client Component Browser]
    ./Documents/REMUNERACIONES 2026/frontend/src/app/consolidados/[id]/page.tsx [Server Component]

  Client Component SSR:
    ./Documents/REMUNERACIONES 2026/frontend/src/app/consolidados/[id]/page.tsx [Client Component SSR]
    ./Documents/REMUNERACIONES 2026/frontend/src/app/consolidados/[id]/page.tsx [Server Component] 
[browser] ./Documents/REMUNERACIONES 2026/frontend/src/app/consolidados/[id]/page.tsx:529:5
Expression expected
  527 |   );
  528 | }
> 529 |     </div>
      |     ^
  530 |   );
  531 | }
  532 |

Parsing ecmascript source code failed

Import traces:
  Client Component Browser:
    ./Documents/REMUNERACIONES 2026/frontend/src/app/consolidados/[id]/page.tsx [Client Component Browser]
    ./Documents/REMUNERACIONES 2026/frontend/src/app/consolidados/[id]/page.tsx [Server Component]

  Client Component SSR:
    ./Documents/REMUNERACIONES 2026/frontend/src/app/consolidados/[id]/page.tsx [Client Component SSR]
    ./Documents/REMUNERACIONES 2026/frontend/src/app/consolidados/[id]/page.tsx [Server Component] 
[browser] ./Documents/REMUNERACIONES 2026/frontend/src/app/consolidados/[id]/page.tsx:529:6
Unterminated regexp literal
  527 |   );
  528 | }
> 529 |     </div>
      |      ^^^^^
  530 |   );
  531 | }
  532 |

Parsing ecmascript source code failed

Import traces:
  Client Component Browser:
    ./Documents/REMUNERACIONES 2026/frontend/src/app/consolidados/[id]/page.tsx [Client Component Browser]
    ./Documents/REMUNERACIONES 2026/frontend/src/app/consolidados/[id]/page.tsx [Server Component]

  Client Component SSR:
    ./Documents/REMUNERACIONES 2026/frontend/src/app/consolidados/[id]/page.tsx [Client Component SSR]
    ./Documents/REMUNERACIONES 2026/frontend/src/app/consolidados/[id]/page.tsx [Server Component] 
[browser] ./Documents/REMUNERACIONES 2026/frontend/src/app/consolidados/[id]/page.tsx:529:5
Expression expected
  527 |   );
  528 | }
> 529 |     </div>
      |     ^
  530 |   );
  531 | }
  532 |

Parsing ecmascript source code failed

Import traces:
  Client Component Browser:
    ./Documents/REMUNERACIONES 2026/frontend/src/app/consolidados/[id]/page.tsx [Client Component Browser]
    ./Documents/REMUNERACIONES 2026/frontend/src/app/consolidados/[id]/page.tsx [Server Component]

  Client Component SSR:
    ./Documents/REMUNERACIONES 2026/frontend/src/app/consolidados/[id]/page.tsx [Client Component SSR]
    ./Documents/REMUNERACIONES 2026/frontend/src/app/consolidados/[id]/page.tsx [Server Component] 
[browser] ./Documents/REMUNERACIONES 2026/frontend/src/app/consolidados/[id]/page.tsx:529:6
Unterminated regexp literal
  527 |   );
  528 | }
> 529 |     </div>
      |      ^^^^^
  530 |   );
  531 | }
  532 |

Parsing ecmascript source code failed

Import traces:
  Client Component Browser:
    ./Documents/REMUNERACIONES 2026/frontend/src/app/consolidados/[id]/page.tsx [Client Component Browser]
    ./Documents/REMUNERACIONES 2026/frontend/src/app/consolidados/[id]/page.tsx [Server Component]

  Client Component SSR:
    ./Documents/REMUNERACIONES 2026/frontend/src/app/consolidados/[id]/page.tsx [Client Component SSR]
    ./Documents/REMUNERACIONES 2026/frontend/src/app/consolidados/[id]/page.tsx [Server Component] 
[browser] ./Documents/REMUNERACIONES 2026/frontend/src/app/consolidados/[id]/page.tsx:529:5
Expression expected
  527 |   );
  528 | }
> 529 |     </div>
      |     ^
  530 |   );
  531 | }
  532 |

Parsing ecmascript source code failed

Import traces:
  Client Component Browser:
    ./Documents/REMUNERACIONES 2026/frontend/src/app/consolidados/[id]/page.tsx [Client Component Browser]
    ./Documents/REMUNERACIONES 2026/frontend/src/app/consolidados/[id]/page.tsx [Server Component]

  Client Component SSR:
    ./Documents/REMUNERACIONES 2026/frontend/src/app/consolidados/[id]/page.tsx [Client Component SSR]
    ./Documents/REMUNERACIONES 2026/frontend/src/app/consolidados/[id]/page.tsx [Server Component] 
[browser] ./Documents/REMUNERACIONES 2026/frontend/src/app/consolidados/[id]/page.tsx:529:6
Unterminated regexp literal
  527 |   );
  528 | }
> 529 |     </div>
      |      ^^^^^
  530 |   );
  531 | }
  532 |

Parsing ecmascript source code failed

Import traces:
  Client Component Browser:
    ./Documents/REMUNERACIONES 2026/frontend/src/app/consolidados/[id]/page.tsx [Client Component Browser]
    ./Documents/REMUNERACIONES 2026/frontend/src/app/consolidados/[id]/page.tsx [Server Component]

  Client Component SSR:
    ./Documents/REMUNERACIONES 2026/frontend/src/app/consolidados/[id]/page.tsx [Client Component SSR]
    ./Documents/REMUNERACIONES 2026/frontend/src/app/consolidados/[id]/page.tsx [Server Component] 
✓ Compiled in 814ms
⨯ ./Documents/REMUNERACIONES 2026/frontend/src/app/consolidados/[id]/page.tsx:529:5
Expression expected
  [90m527 |[0m   );
  [90m528 |[0m }
[31m[1m>[0m [90m529 |[0m     </div>
  [90m    |[0m     [31m[1m^[0m
  [90m530 |[0m   );
  [90m531 |[0m }
  [90m532 |[0m

Parsing ecmascript source code failed

Import traces:
  Client Component Browser:
    ./Documents/REMUNERACIONES 2026/frontend/src/app/consolidados/[id]/page.tsx [Client Component Browser]
    ./Documents/REMUNERACIONES 2026/frontend/src/app/consolidados/[id]/page.tsx [Server Component]

  Client Component SSR:
    ./Documents/REMUNERACIONES 2026/frontend/src/app/consolidados/[id]/page.tsx [Client Component SSR]
    ./Documents/REMUNERACIONES 2026/frontend/src/app/consolidados/[id]/page.tsx [Server Component]



./Documents/REMUNERACIONES 2026/frontend/src/app/consolidados/[id]/page.tsx:529:6
Unterminated regexp literal
  [90m527 |[0m   );
  [90m528 |[0m }
[31m[1m>[0m [90m529 |[0m     </div>
  [90m    |[0m      [31m[1m^^^^^[0m
  [90m530 |[0m   );
  [90m531 |[0m }
  [90m532 |[0m

Parsing ecmascript source code failed

Import traces:
  Client Component Browser:
    ./Documents/REMUNERACIONES 2026/frontend/src/app/consolidados/[id]/page.tsx [Client Component Browser]
    ./Documents/REMUNERACIONES 2026/frontend/src/app/consolidados/[id]/page.tsx [Server Component]

  Client Component SSR:
    ./Documents/REMUNERACIONES 2026/frontend/src/app/consolidados/[id]/page.tsx [Client Component SSR]
    ./Documents/REMUNERACIONES 2026/frontend/src/app/consolidados/[id]/page.tsx [Server Component]


[browser] ./Documents/REMUNERACIONES 2026/frontend/src/app/consolidados/[id]/page.tsx:529:5
Expression expected
  527 |   );
  528 | }
> 529 |     </div>
      |     ^
  530 |   );
  531 | }
  532 |

Parsing ecmascript source code failed

Import traces:
  Client Component Browser:
    ./Documents/REMUNERACIONES 2026/frontend/src/app/consolidados/[id]/page.tsx [Client Component Browser]
    ./Documents/REMUNERACIONES 2026/frontend/src/app/consolidados/[id]/page.tsx [Server Component]

  Client Component SSR:
    ./Documents/REMUNERACIONES 2026/frontend/src/app/consolidados/[id]/page.tsx [Client Component SSR]
    ./Documents/REMUNERACIONES 2026/frontend/src/app/consolidados/[id]/page.tsx [Server Component] 
[browser] ./Documents/REMUNERACIONES 2026/frontend/src/app/consolidados/[id]/page.tsx:529:6
Unterminated regexp literal
  527 |   );
  528 | }
> 529 |     </div>
      |      ^^^^^
  530 |   );
  531 | }
  532 |

Parsing ecmascript source code failed

Import traces:
  Client Component Browser:
    ./Documents/REMUNERACIONES 2026/frontend/src/app/consolidados/[id]/page.tsx [Client Component Browser]
    ./Documents/REMUNERACIONES 2026/frontend/src/app/consolidados/[id]/page.tsx [Server Component]

  Client Component SSR:
    ./Documents/REMUNERACIONES 2026/frontend/src/app/consolidados/[id]/page.tsx [Client Component SSR]
    ./Documents/REMUNERACIONES 2026/frontend/src/app/consolidados/[id]/page.tsx [Server Component] 
[browser] ./Documents/REMUNERACIONES 2026/frontend/src/app/consolidados/[id]/page.tsx:529:5
Expression expected
  527 |   );
  528 | }
> 529 |     </div>
      |     ^
  530 |   );
  531 | }
  532 |

Parsing ecmascript source code failed

Import traces:
  Client Component Browser:
    ./Documents/REMUNERACIONES 2026/frontend/src/app/consolidados/[id]/page.tsx [Client Component Browser]
    ./Documents/REMUNERACIONES 2026/frontend/src/app/consolidados/[id]/page.tsx [Server Component]

  Client Component SSR:
    ./Documents/REMUNERACIONES 2026/frontend/src/app/consolidados/[id]/page.tsx [Client Component SSR]
    ./Documents/REMUNERACIONES 2026/frontend/src/app/consolidados/[id]/page.tsx [Server Component] 
[browser] ./Documents/REMUNERACIONES 2026/frontend/src/app/consolidados/[id]/page.tsx:529:6
Unterminated regexp literal
  527 |   );
  528 | }
> 529 |     </div>
      |      ^^^^^
  530 |   );
  531 | }
  532 |

Parsing ecmascript source code failed

Import traces:
  Client Component Browser:
    ./Documents/REMUNERACIONES 2026/frontend/src/app/consolidados/[id]/page.tsx [Client Component Browser]
    ./Documents/REMUNERACIONES 2026/frontend/src/app/consolidados/[id]/page.tsx [Server Component]

  Client Component SSR:
    ./Documents/REMUNERACIONES 2026/frontend/src/app/consolidados/[id]/page.tsx [Client Component SSR]
    ./Documents/REMUNERACIONES 2026/frontend/src/app/consolidados/[id]/page.tsx [Server Component] 
[browser] ./Documents/REMUNERACIONES 2026/frontend/src/app/consolidados/[id]/page.tsx:529:5
Expression expected
  527 |   );
  528 | }
> 529 |     </div>
      |     ^
  530 |   );
  531 | }
  532 |

Parsing ecmascript source code failed

Import traces:
  Client Component Browser:
    ./Documents/REMUNERACIONES 2026/frontend/src/app/consolidados/[id]/page.tsx [Client Component Browser]
    ./Documents/REMUNERACIONES 2026/frontend/src/app/consolidados/[id]/page.tsx [Server Component]

  Client Component SSR:
    ./Documents/REMUNERACIONES 2026/frontend/src/app/consolidados/[id]/page.tsx [Client Component SSR]
    ./Documents/REMUNERACIONES 2026/frontend/src/app/consolidados/[id]/page.tsx [Server Component] 
[browser] ./Documents/REMUNERACIONES 2026/frontend/src/app/consolidados/[id]/page.tsx:529:6
Unterminated regexp literal
  527 |   );
  528 | }
> 529 |     </div>
      |      ^^^^^
  530 |   );
  531 | }
  532 |

Parsing ecmascript source code failed

Import traces:
  Client Component Browser:
    ./Documents/REMUNERACIONES 2026/frontend/src/app/consolidados/[id]/page.tsx [Client Component Browser]
    ./Documents/REMUNERACIONES 2026/frontend/src/app/consolidados/[id]/page.tsx [Server Component]

  Client Component SSR:
    ./Documents/REMUNERACIONES 2026/frontend/src/app/consolidados/[id]/page.tsx [Client Component SSR]
    ./Documents/REMUNERACIONES 2026/frontend/src/app/consolidados/[id]/page.tsx [Server Component] 
[browser] ./Documents/REMUNERACIONES 2026/frontend/src/app/consolidados/[id]/page.tsx:529:5
Expression expected
  527 |   );
  528 | }
> 529 |     </div>
      |     ^
  530 |   );
  531 | }
  532 |

Parsing ecmascript source code failed

Import traces:
  Client Component Browser:
    ./Documents/REMUNERACIONES 2026/frontend/src/app/consolidados/[id]/page.tsx [Client Component Browser]
    ./Documents/REMUNERACIONES 2026/frontend/src/app/consolidados/[id]/page.tsx [Server Component]

  Client Component SSR:
    ./Documents/REMUNERACIONES 2026/frontend/src/app/consolidados/[id]/page.tsx [Client Component SSR]
    ./Documents/REMUNERACIONES 2026/frontend/src/app/consolidados/[id]/page.tsx [Server Component] 
[browser] ./Documents/REMUNERACIONES 2026/frontend/src/app/consolidados/[id]/page.tsx:529:6
Unterminated regexp literal
  527 |   );
  528 | }
> 529 |     </div>
      |      ^^^^^
  530 |   );
  531 | }
  532 |

Parsing ecmascript source code failed

Import traces:
  Client Component Browser:
    ./Documents/REMUNERACIONES 2026/frontend/src/app/consolidados/[id]/page.tsx [Client Component Browser]
    ./Documents/REMUNERACIONES 2026/frontend/src/app/consolidados/[id]/page.tsx [Server Component]

  Client Component SSR:
    ./Documents/REMUNERACIONES 2026/frontend/src/app/consolidados/[id]/page.tsx [Client Component SSR]
    ./Documents/REMUNERACIONES 2026/frontend/src/app/consolidados/[id]/page.tsx [Server Component] 
[browser] ./Documents/REMUNERACIONES 2026/frontend/src/app/consolidados/[id]/page.tsx:529:5
Expression expected
  527 |   );
  528 | }
> 529 |     </div>
      |     ^
  530 |   );
  531 | }
  532 |

Parsing ecmascript source code failed

Import traces:
  Client Component Browser:
    ./Documents/REMUNERACIONES 2026/frontend/src/app/consolidados/[id]/page.tsx [Client Component Browser]
    ./Documents/REMUNERACIONES 2026/frontend/src/app/consolidados/[id]/page.tsx [Server Component]

  Client Component SSR:
    ./Documents/REMUNERACIONES 2026/frontend/src/app/consolidados/[id]/page.tsx [Client Component SSR]
    ./Documents/REMUNERACIONES 2026/frontend/src/app/consolidados/[id]/page.tsx [Server Component] 
[browser] ./Documents/REMUNERACIONES 2026/frontend/src/app/consolidados/[id]/page.tsx:529:6
Unterminated regexp literal
  527 |   );
  528 | }
> 529 |     </div>
      |      ^^^^^
  530 |   );
  531 | }
  532 |

Parsing ecmascript source code failed

Import traces:
  Client Component Browser:
    ./Documents/REMUNERACIONES 2026/frontend/src/app/consolidados/[id]/page.tsx [Client Component Browser]
    ./Documents/REMUNERACIONES 2026/frontend/src/app/consolidados/[id]/page.tsx [Server Component]

  Client Component SSR:
    ./Documents/REMUNERACIONES 2026/frontend/src/app/consolidados/[id]/page.tsx [Client Component SSR]
    ./Documents/REMUNERACIONES 2026/frontend/src/app/consolidados/[id]/page.tsx [Server Component] 
[browser] ./Documents/REMUNERACIONES 2026/frontend/src/app/consolidados/[id]/page.tsx:529:5
Expression expected
  527 |   );
  528 | }
> 529 |     </div>
      |     ^
  530 |   );
  531 | }
  532 |

Parsing ecmascript source code failed

Import traces:
  Client Component Browser:
    ./Documents/REMUNERACIONES 2026/frontend/src/app/consolidados/[id]/page.tsx [Client Component Browser]
    ./Documents/REMUNERACIONES 2026/frontend/src/app/consolidados/[id]/page.tsx [Server Component]

  Client Component SSR:
    ./Documents/REMUNERACIONES 2026/frontend/src/app/consolidados/[id]/page.tsx [Client Component SSR]
    ./Documents/REMUNERACIONES 2026/frontend/src/app/consolidados/[id]/page.tsx [Server Component] 
[browser] ./Documents/REMUNERACIONES 2026/frontend/src/app/consolidados/[id]/page.tsx:529:6
Unterminated regexp literal
  527 |   );
  528 | }
> 529 |     </div>
      |      ^^^^^
  530 |   );
  531 | }
  532 |

Parsing ecmascript source code failed

Import traces:
  Client Component Browser:
    ./Documents/REMUNERACIONES 2026/frontend/src/app/consolidados/[id]/page.tsx [Client Component Browser]
    ./Documents/REMUNERACIONES 2026/frontend/src/app/consolidados/[id]/page.tsx [Server Component]

  Client Component SSR:
    ./Documents/REMUNERACIONES 2026/frontend/src/app/consolidados/[id]/page.tsx [Client Component SSR]
    ./Documents/REMUNERACIONES 2026/frontend/src/app/consolidados/[id]/page.tsx [Server Component] 
[browser] ./Documents/REMUNERACIONES 2026/frontend/src/app/consolidados/[id]/page.tsx:529:5
Expression expected
  527 |   );
  528 | }
> 529 |     </div>
      |     ^
  530 |   );
  531 | }
  532 |

Parsing ecmascript source code failed

Import traces:
  Client Component Browser:
    ./Documents/REMUNERACIONES 2026/frontend/src/app/consolidados/[id]/page.tsx [Client Component Browser]
    ./Documents/REMUNERACIONES 2026/frontend/src/app/consolidados/[id]/page.tsx [Server Component]

  Client Component SSR:
    ./Documents/REMUNERACIONES 2026/frontend/src/app/consolidados/[id]/page.tsx [Client Component SSR]
    ./Documents/REMUNERACIONES 2026/frontend/src/app/consolidados/[id]/page.tsx [Server Component] 
[browser] ./Documents/REMUNERACIONES 2026/frontend/src/app/consolidados/[id]/page.tsx:529:6
Unterminated regexp literal
  527 |   );
  528 | }
> 529 |     </div>
      |      ^^^^^
  530 |   );
  531 | }
  532 |

Parsing ecmascript source code failed

Import traces:
  Client Component Browser:
    ./Documents/REMUNERACIONES 2026/frontend/src/app/consolidados/[id]/page.tsx [Client Component Browser]
    ./Documents/REMUNERACIONES 2026/frontend/src/app/consolidados/[id]/page.tsx [Server Component]

  Client Component SSR:
    ./Documents/REMUNERACIONES 2026/frontend/src/app/consolidados/[id]/page.tsx [Client Component SSR]
    ./Documents/REMUNERACIONES 2026/frontend/src/app/consolidados/[id]/page.tsx [Server Component] 
[browser] ./Documents/REMUNERACIONES 2026/frontend/src/app/consolidados/[id]/page.tsx:529:5
Expression expected
  527 |   );
  528 | }
> 529 |     </div>
      |     ^
  530 |   );
  531 | }
  532 |

Parsing ecmascript source code failed

Import traces:
  Client Component Browser:
    ./Documents/REMUNERACIONES 2026/frontend/src/app/consolidados/[id]/page.tsx [Client Component Browser]
    ./Documents/REMUNERACIONES 2026/frontend/src/app/consolidados/[id]/page.tsx [Server Component]

  Client Component SSR:
    ./Documents/REMUNERACIONES 2026/frontend/src/app/consolidados/[id]/page.tsx [Client Component SSR]
    ./Documents/REMUNERACIONES 2026/frontend/src/app/consolidados/[id]/page.tsx [Server Component] 
[browser] ./Documents/REMUNERACIONES 2026/frontend/src/app/consolidados/[id]/page.tsx:529:6
Unterminated regexp literal
  527 |   );
  528 | }
> 529 |     </div>
      |      ^^^^^
  530 |   );
  531 | }
  532 |

Parsing ecmascript source code failed

Import traces:
  Client Component Browser:
    ./Documents/REMUNERACIONES 2026/frontend/src/app/consolidados/[id]/page.tsx [Client Component Browser]
    ./Documents/REMUNERACIONES 2026/frontend/src/app/consolidados/[id]/page.tsx [Server Component]

  Client Component SSR:
    ./Documents/REMUNERACIONES 2026/frontend/src/app/consolidados/[id]/page.tsx [Client Component SSR]
    ./Documents/REMUNERACIONES 2026/frontend/src/app/consolidados/[id]/page.tsx [Server Component] 
[browser] ./Documents/REMUNERACIONES 2026/frontend/src/app/consolidados/[id]/page.tsx:529:5
Expression expected
  527 |   );
  528 | }
> 529 |     </div>
      |     ^
  530 |   );
  531 | }
  532 |

Parsing ecmascript source code failed

Import traces:
  Client Component Browser:
    ./Documents/REMUNERACIONES 2026/frontend/src/app/consolidados/[id]/page.tsx [Client Component Browser]
    ./Documents/REMUNERACIONES 2026/frontend/src/app/consolidados/[id]/page.tsx [Server Component]

  Client Component SSR:
    ./Documents/REMUNERACIONES 2026/frontend/src/app/consolidados/[id]/page.tsx [Client Component SSR]
    ./Documents/REMUNERACIONES 2026/frontend/src/app/consolidados/[id]/page.tsx [Server Component] 
[browser] ./Documents/REMUNERACIONES 2026/frontend/src/app/consolidados/[id]/page.tsx:529:6
Unterminated regexp literal
  527 |   );
  528 | }
> 529 |     </div>
      |      ^^^^^
  530 |   );
  531 | }
  532 |

Parsing ecmascript source code failed

Import traces:
  Client Component Browser:
    ./Documents/REMUNERACIONES 2026/frontend/src/app/consolidados/[id]/page.tsx [Client Component Browser]
    ./Documents/REMUNERACIONES 2026/frontend/src/app/consolidados/[id]/page.tsx [Server Component]

  Client Component SSR:
    ./Documents/REMUNERACIONES 2026/frontend/src/app/consolidados/[id]/page.tsx [Client Component SSR]
    ./Documents/REMUNERACIONES 2026/frontend/src/app/consolidados/[id]/page.tsx [Server Component] 
[browser] ./Documents/REMUNERACIONES 2026/frontend/src/app/consolidados/[id]/page.tsx:529:5
Expression expected
  527 |   );
  528 | }
> 529 |     </div>
      |     ^
  530 |   );
  531 | }
  532 |

Parsing ecmascript source code failed

Import traces:
  Client Component Browser:
    ./Documents/REMUNERACIONES 2026/frontend/src/app/consolidados/[id]/page.tsx [Client Component Browser]
    ./Documents/REMUNERACIONES 2026/frontend/src/app/consolidados/[id]/page.tsx [Server Component]

  Client Component SSR:
    ./Documents/REMUNERACIONES 2026/frontend/src/app/consolidados/[id]/page.tsx [Client Component SSR]
    ./Documents/REMUNERACIONES 2026/frontend/src/app/consolidados/[id]/page.tsx [Server Component] 
[browser] ./Documents/REMUNERACIONES 2026/frontend/src/app/consolidados/[id]/page.tsx:529:6
Unterminated regexp literal
  527 |   );
  528 | }
> 529 |     </div>
      |      ^^^^^
  530 |   );
  531 | }
  532 |

Parsing ecmascript source code failed

Import traces:
  Client Component Browser:
    ./Documents/REMUNERACIONES 2026/frontend/src/app/consolidados/[id]/page.tsx [Client Component Browser]
    ./Documents/REMUNERACIONES 2026/frontend/src/app/consolidados/[id]/page.tsx [Server Component]

  Client Component SSR:
    ./Documents/REMUNERACIONES 2026/frontend/src/app/consolidados/[id]/page.tsx [Client Component SSR]
    ./Documents/REMUNERACIONES 2026/frontend/src/app/consolidados/[id]/page.tsx [Server Component] 
[browser] ./Documents/REMUNERACIONES 2026/frontend/src/app/consolidados/[id]/page.tsx:529:5
Expression expected
  527 |   );
  528 | }
> 529 |     </div>
      |     ^
  530 |   );
  531 | }
  532 |

Parsing ecmascript source code failed

Import traces:
  Client Component Browser:
    ./Documents/REMUNERACIONES 2026/frontend/src/app/consolidados/[id]/page.tsx [Client Component Browser]
    ./Documents/REMUNERACIONES 2026/frontend/src/app/consolidados/[id]/page.tsx [Server Component]

  Client Component SSR:
    ./Documents/REMUNERACIONES 2026/frontend/src/app/consolidados/[id]/page.tsx [Client Component SSR]
    ./Documents/REMUNERACIONES 2026/frontend/src/app/consolidados/[id]/page.tsx [Server Component] 
[browser] ./Documents/REMUNERACIONES 2026/frontend/src/app/consolidados/[id]/page.tsx:529:6
Unterminated regexp literal
  527 |   );
  528 | }
> 529 |     </div>
      |      ^^^^^
  530 |   );
  531 | }
  532 |

Parsing ecmascript source code failed

Import traces:
  Client Component Browser:
    ./Documents/REMUNERACIONES 2026/frontend/src/app/consolidados/[id]/page.tsx [Client Component Browser]
    ./Documents/REMUNERACIONES 2026/frontend/src/app/consolidados/[id]/page.tsx [Server Component]

  Client Component SSR:
    ./Documents/REMUNERACIONES 2026/frontend/src/app/consolidados/[id]/page.tsx [Client Component SSR]
    ./Documents/REMUNERACIONES 2026/frontend/src/app/consolidados/[id]/page.tsx [Server Component] 
[browser] ./Documents/REMUNERACIONES 2026/frontend/src/app/consolidados/[id]/page.tsx:529:5
Expression expected
  527 |   );
  528 | }
> 529 |     </div>
      |     ^
  530 |   );
  531 | }
  532 |

Parsing ecmascript source code failed

Import traces:
  Client Component Browser:
    ./Documents/REMUNERACIONES 2026/frontend/src/app/consolidados/[id]/page.tsx [Client Component Browser]
    ./Documents/REMUNERACIONES 2026/frontend/src/app/consolidados/[id]/page.tsx [Server Component]

  Client Component SSR:
    ./Documents/REMUNERACIONES 2026/frontend/src/app/consolidados/[id]/page.tsx [Client Component SSR]
    ./Documents/REMUNERACIONES 2026/frontend/src/app/consolidados/[id]/page.tsx [Server Component] 
[browser] ./Documents/REMUNERACIONES 2026/frontend/src/app/consolidados/[id]/page.tsx:529:6
Unterminated regexp literal
  527 |   );
  528 | }
> 529 |     </div>
      |      ^^^^^
  530 |   );
  531 | }
  532 |

Parsing ecmascript source code failed

Import traces:
  Client Component Browser:
    ./Documents/REMUNERACIONES 2026/frontend/src/app/consolidados/[id]/page.tsx [Client Component Browser]
    ./Documents/REMUNERACIONES 2026/frontend/src/app/consolidados/[id]/page.tsx [Server Component]

  Client Component SSR:
    ./Documents/REMUNERACIONES 2026/frontend/src/app/consolidados/[id]/page.tsx [Client Component SSR]
    ./Documents/REMUNERACIONES 2026/frontend/src/app/consolidados/[id]/page.tsx [Server Component] 
[browser] ./Documents/REMUNERACIONES 2026/frontend/src/app/consolidados/[id]/page.tsx:529:5
Expression expected
  527 |   );
  528 | }
> 529 |     </div>
      |     ^
  530 |   );
  531 | }
  532 |

Parsing ecmascript source code failed

Import traces:
  Client Component Browser:
    ./Documents/REMUNERACIONES 2026/frontend/src/app/consolidados/[id]/page.tsx [Client Component Browser]
    ./Documents/REMUNERACIONES 2026/frontend/src/app/consolidados/[id]/page.tsx [Server Component]

  Client Component SSR:
    ./Documents/REMUNERACIONES 2026/frontend/src/app/consolidados/[id]/page.tsx [Client Component SSR]
    ./Documents/REMUNERACIONES 2026/frontend/src/app/consolidados/[id]/page.tsx [Server Component] 
[browser] ./Documents/REMUNERACIONES 2026/frontend/src/app/consolidados/[id]/page.tsx:529:6
Unterminated regexp literal
  527 |   );
  528 | }
> 529 |     </div>
      |      ^^^^^
  530 |   );
  531 | }
  532 |

Parsing ecmascript source code failed

Import traces:
  Client Component Browser:
    ./Documents/REMUNERACIONES 2026/frontend/src/app/consolidados/[id]/page.tsx [Client Component Browser]
    ./Documents/REMUNERACIONES 2026/frontend/src/app/consolidados/[id]/page.tsx [Server Component]

  Client Component SSR:
    ./Documents/REMUNERACIONES 2026/frontend/src/app/consolidados/[id]/page.tsx [Client Component SSR]
    ./Documents/REMUNERACIONES 2026/frontend/src/app/consolidados/[id]/page.tsx [Server Component] 
[browser] ./Documents/REMUNERACIONES 2026/frontend/src/app/consolidados/[id]/page.tsx:529:5
Expression expected
  527 |   );
  528 | }
> 529 |     </div>
      |     ^
  530 |   );
  531 | }
  532 |

Parsing ecmascript source code failed

Import traces:
  Client Component Browser:
    ./Documents/REMUNERACIONES 2026/frontend/src/app/consolidados/[id]/page.tsx [Client Component Browser]
    ./Documents/REMUNERACIONES 2026/frontend/src/app/consolidados/[id]/page.tsx [Server Component]

  Client Component SSR:
    ./Documents/REMUNERACIONES 2026/frontend/src/app/consolidados/[id]/page.tsx [Client Component SSR]
    ./Documents/REMUNERACIONES 2026/frontend/src/app/consolidados/[id]/page.tsx [Server Component] 
[browser] ./Documents/REMUNERACIONES 2026/frontend/src/app/consolidados/[id]/page.tsx:529:6
Unterminated regexp literal
  527 |   );
  528 | }
> 529 |     </div>
      |      ^^^^^
  530 |   );
  531 | }
  532 |

Parsing ecmascript source code failed

Import traces:
  Client Component Browser:
    ./Documents/REMUNERACIONES 2026/frontend/src/app/consolidados/[id]/page.tsx [Client Component Browser]
    ./Documents/REMUNERACIONES 2026/frontend/src/app/consolidados/[id]/page.tsx [Server Component]

  Client Component SSR:
    ./Documents/REMUNERACIONES 2026/frontend/src/app/consolidados/[id]/page.tsx [Client Component SSR]
    ./Documents/REMUNERACIONES 2026/frontend/src/app/consolidados/[id]/page.tsx [Server Component] 
[browser] ./Documents/REMUNERACIONES 2026/frontend/src/app/consolidados/[id]/page.tsx:529:5
Expression expected
  527 |   );
  528 | }
> 529 |     </div>
      |     ^
  530 |   );
  531 | }
  532 |

Parsing ecmascript source code failed

Import traces:
  Client Component Browser:
    ./Documents/REMUNERACIONES 2026/frontend/src/app/consolidados/[id]/page.tsx [Client Component Browser]
    ./Documents/REMUNERACIONES 2026/frontend/src/app/consolidados/[id]/page.tsx [Server Component]

  Client Component SSR:
    ./Documents/REMUNERACIONES 2026/frontend/src/app/consolidados/[id]/page.tsx [Client Component SSR]
    ./Documents/REMUNERACIONES 2026/frontend/src/app/consolidados/[id]/page.tsx [Server Component] 
[browser] ./Documents/REMUNERACIONES 2026/frontend/src/app/consolidados/[id]/page.tsx:529:6
Unterminated regexp literal
  527 |   );
  528 | }
> 529 |     </div>
      |      ^^^^^
  530 |   );
  531 | }
  532 |

Parsing ecmascript source code failed

Import traces:
  Client Component Browser:
    ./Documents/REMUNERACIONES 2026/frontend/src/app/consolidados/[id]/page.tsx [Client Component Browser]
    ./Documents/REMUNERACIONES 2026/frontend/src/app/consolidados/[id]/page.tsx [Server Component]

  Client Component SSR:
    ./Documents/REMUNERACIONES 2026/frontend/src/app/consolidados/[id]/page.tsx [Client Component SSR]
    ./Documents/REMUNERACIONES 2026/frontend/src/app/consolidados/[id]/page.tsx [Server Component] 
[browser] ./Documents/REMUNERACIONES 2026/frontend/src/app/consolidados/[id]/page.tsx:529:5
Expression expected
  527 |   );
  528 | }
> 529 |     </div>
      |     ^
  530 |   );
  531 | }
  532 |

Parsing ecmascript source code failed

Import traces:
  Client Component Browser:
    ./Documents/REMUNERACIONES 2026/frontend/src/app/consolidados/[id]/page.tsx [Client Component Browser]
    ./Documents/REMUNERACIONES 2026/frontend/src/app/consolidados/[id]/page.tsx [Server Component]

  Client Component SSR:
    ./Documents/REMUNERACIONES 2026/frontend/src/app/consolidados/[id]/page.tsx [Client Component SSR]
    ./Documents/REMUNERACIONES 2026/frontend/src/app/consolidados/[id]/page.tsx [Server Component] 
[browser] ./Documents/REMUNERACIONES 2026/frontend/src/app/consolidados/[id]/page.tsx:529:6
Unterminated regexp literal
  527 |   );
  528 | }
> 529 |     </div>
      |      ^^^^^
  530 |   );
  531 | }
  532 |

Parsing ecmascript source code failed

Import traces:
  Client Component Browser:
    ./Documents/REMUNERACIONES 2026/frontend/src/app/consolidados/[id]/page.tsx [Client Component Browser]
    ./Documents/REMUNERACIONES 2026/frontend/src/app/consolidados/[id]/page.tsx [Server Component]

  Client Component SSR:
    ./Documents/REMUNERACIONES 2026/frontend/src/app/consolidados/[id]/page.tsx [Client Component SSR]
    ./Documents/REMUNERACIONES 2026/frontend/src/app/consolidados/[id]/page.tsx [Server Component] 
[browser] ./Documents/REMUNERACIONES 2026/frontend/src/app/consolidados/[id]/page.tsx:529:5
Expression expected
  527 |   );
  528 | }
> 529 |     </div>
      |     ^
  530 |   );
  531 | }
  532 |

Parsing ecmascript source code failed

Import traces:
  Client Component Browser:
    ./Documents/REMUNERACIONES 2026/frontend/src/app/consolidados/[id]/page.tsx [Client Component Browser]
    ./Documents/REMUNERACIONES 2026/frontend/src/app/consolidados/[id]/page.tsx [Server Component]

  Client Component SSR:
    ./Documents/REMUNERACIONES 2026/frontend/src/app/consolidados/[id]/page.tsx [Client Component SSR]
    ./Documents/REMUNERACIONES 2026/frontend/src/app/consolidados/[id]/page.tsx [Server Component] 
[browser] ./Documents/REMUNERACIONES 2026/frontend/src/app/consolidados/[id]/page.tsx:529:6
Unterminated regexp literal
  527 |   );
  528 | }
> 529 |     </div>
      |      ^^^^^
  530 |   );
  531 | }
  532 |

Parsing ecmascript source code failed

Import traces:
  Client Component Browser:
    ./Documents/REMUNERACIONES 2026/frontend/src/app/consolidados/[id]/page.tsx [Client Component Browser]
    ./Documents/REMUNERACIONES 2026/frontend/src/app/consolidados/[id]/page.tsx [Server Component]

  Client Component SSR:
    ./Documents/REMUNERACIONES 2026/frontend/src/app/consolidados/[id]/page.tsx [Client Component SSR]
    ./Documents/REMUNERACIONES 2026/frontend/src/app/consolidados/[id]/page.tsx [Server Component] 
[browser] ./Documents/REMUNERACIONES 2026/frontend/src/app/consolidados/[id]/page.tsx:529:5
Expression expected
  527 |   );
  528 | }
> 529 |     </div>
      |     ^
  530 |   );
  531 | }
  532 |

Parsing ecmascript source code failed

Import traces:
  Client Component Browser:
    ./Documents/REMUNERACIONES 2026/frontend/src/app/consolidados/[id]/page.tsx [Client Component Browser]
    ./Documents/REMUNERACIONES 2026/frontend/src/app/consolidados/[id]/page.tsx [Server Component]

  Client Component SSR:
    ./Documents/REMUNERACIONES 2026/frontend/src/app/consolidados/[id]/page.tsx [Client Component SSR]
    ./Documents/REMUNERACIONES 2026/frontend/src/app/consolidados/[id]/page.tsx [Server Component] 
[browser] ./Documents/REMUNERACIONES 2026/frontend/src/app/consolidados/[id]/page.tsx:529:6
Unterminated regexp literal
  527 |   );
  528 | }
> 529 |     </div>
      |      ^^^^^
  530 |   );
  531 | }
  532 |

Parsing ecmascript source code failed

Import traces:
  Client Component Browser:
    ./Documents/REMUNERACIONES 2026/frontend/src/app/consolidados/[id]/page.tsx [Client Component Browser]
    ./Documents/REMUNERACIONES 2026/frontend/src/app/consolidados/[id]/page.tsx [Server Component]

  Client Component SSR:
    ./Documents/REMUNERACIONES 2026/frontend/src/app/consolidados/[id]/page.tsx [Client Component SSR]
    ./Documents/REMUNERACIONES 2026/frontend/src/app/consolidados/[id]/page.tsx [Server Component] 
[browser] ./Documents/REMUNERACIONES 2026/frontend/src/app/consolidados/[id]/page.tsx:529:5
Expression expected
  527 |   );
  528 | }
> 529 |     </div>
      |     ^
  530 |   );
  531 | }
  532 |

Parsing ecmascript source code failed

Import traces:
  Client Component Browser:
    ./Documents/REMUNERACIONES 2026/frontend/src/app/consolidados/[id]/page.tsx [Client Component Browser]
    ./Documents/REMUNERACIONES 2026/frontend/src/app/consolidados/[id]/page.tsx [Server Component]

  Client Component SSR:
    ./Documents/REMUNERACIONES 2026/frontend/src/app/consolidados/[id]/page.tsx [Client Component SSR]
    ./Documents/REMUNERACIONES 2026/frontend/src/app/consolidados/[id]/page.tsx [Server Component] 
[browser] ./Documents/REMUNERACIONES 2026/frontend/src/app/consolidados/[id]/page.tsx:529:6
Unterminated regexp literal
  527 |   );
  528 | }
> 529 |     </div>
      |      ^^^^^
  530 |   );
  531 | }
  532 |

Parsing ecmascript source code failed

Import traces:
  Client Component Browser:
    ./Documents/REMUNERACIONES 2026/frontend/src/app/consolidados/[id]/page.tsx [Client Component Browser]
    ./Documents/REMUNERACIONES 2026/frontend/src/app/consolidados/[id]/page.tsx [Server Component]

  Client Component SSR:
    ./Documents/REMUNERACIONES 2026/frontend/src/app/consolidados/[id]/page.tsx [Client Component SSR]
    ./Documents/REMUNERACIONES 2026/frontend/src/app/consolidados/[id]/page.tsx [Server Component] 
[browser] ./Documents/REMUNERACIONES 2026/frontend/src/app/consolidados/[id]/page.tsx:529:5
Expression expected
  527 |   );
  528 | }
> 529 |     </div>
      |     ^
  530 |   );
  531 | }
  532 |

Parsing ecmascript source code failed

Import traces:
  Client Component Browser:
    ./Documents/REMUNERACIONES 2026/frontend/src/app/consolidados/[id]/page.tsx [Client Component Browser]
    ./Documents/REMUNERACIONES 2026/frontend/src/app/consolidados/[id]/page.tsx [Server Component]

  Client Component SSR:
    ./Documents/REMUNERACIONES 2026/frontend/src/app/consolidados/[id]/page.tsx [Client Component SSR]
    ./Documents/REMUNERACIONES 2026/frontend/src/app/consolidados/[id]/page.tsx [Server Component] 
[browser] ./Documents/REMUNERACIONES 2026/frontend/src/app/consolidados/[id]/page.tsx:529:6
Unterminated regexp literal
  527 |   );
  528 | }
> 529 |     </div>
      |      ^^^^^
  530 |   );
  531 | }
  532 |

Parsing ecmascript source code failed

Import traces:
  Client Component Browser:
    ./Documents/REMUNERACIONES 2026/frontend/src/app/consolidados/[id]/page.tsx [Client Component Browser]
    ./Documents/REMUNERACIONES 2026/frontend/src/app/consolidados/[id]/page.tsx [Server Component]

  Client Component SSR:
    ./Documents/REMUNERACIONES 2026/frontend/src/app/consolidados/[id]/page.tsx [Client Component SSR]
    ./Documents/REMUNERACIONES 2026/frontend/src/app/consolidados/[id]/page.tsx [Server Component] 
[browser] ./Documents/REMUNERACIONES 2026/frontend/src/app/consolidados/[id]/page.tsx:529:5
Expression expected
  527 |   );
  528 | }
> 529 |     </div>
      |     ^
  530 |   );
  531 | }
  532 |

Parsing ecmascript source code failed

Import traces:
  Client Component Browser:
    ./Documents/REMUNERACIONES 2026/frontend/src/app/consolidados/[id]/page.tsx [Client Component Browser]
    ./Documents/REMUNERACIONES 2026/frontend/src/app/consolidados/[id]/page.tsx [Server Component]

  Client Component SSR:
    ./Documents/REMUNERACIONES 2026/frontend/src/app/consolidados/[id]/page.tsx [Client Component SSR]
    ./Documents/REMUNERACIONES 2026/frontend/src/app/consolidados/[id]/page.tsx [Server Component] 
[browser] ./Documents/REMUNERACIONES 2026/frontend/src/app/consolidados/[id]/page.tsx:529:6
Unterminated regexp literal
  527 |   );
  528 | }
> 529 |     </div>
      |      ^^^^^
  530 |   );
  531 | }
  532 |

Parsing ecmascript source code failed

Import traces:
  Client Component Browser:
    ./Documents/REMUNERACIONES 2026/frontend/src/app/consolidados/[id]/page.tsx [Client Component Browser]
    ./Documents/REMUNERACIONES 2026/frontend/src/app/consolidados/[id]/page.tsx [Server Component]

  Client Component SSR:
    ./Documents/REMUNERACIONES 2026/frontend/src/app/consolidados/[id]/page.tsx [Client Component SSR]
    ./Documents/REMUNERACIONES 2026/frontend/src/app/consolidados/[id]/page.tsx [Server Component] 
[browser] ./Documents/REMUNERACIONES 2026/frontend/src/app/consolidados/[id]/page.tsx:529:5
Expression expected
  527 |   );
  528 | }
> 529 |     </div>
      |     ^
  530 |   );
  531 | }
  532 |

Parsing ecmascript source code failed

Import traces:
  Client Component Browser:
    ./Documents/REMUNERACIONES 2026/frontend/src/app/consolidados/[id]/page.tsx [Client Component Browser]
    ./Documents/REMUNERACIONES 2026/frontend/src/app/consolidados/[id]/page.tsx [Server Component]

  Client Component SSR:
    ./Documents/REMUNERACIONES 2026/frontend/src/app/consolidados/[id]/page.tsx [Client Component SSR]
    ./Documents/REMUNERACIONES 2026/frontend/src/app/consolidados/[id]/page.tsx [Server Component] 
[browser] ./Documents/REMUNERACIONES 2026/frontend/src/app/consolidados/[id]/page.tsx:529:6
Unterminated regexp literal
  527 |   );
  528 | }
> 529 |     </div>
      |      ^^^^^
  530 |   );
  531 | }
  532 |

Parsing ecmascript source code failed

Import traces:
  Client Component Browser:
    ./Documents/REMUNERACIONES 2026/frontend/src/app/consolidados/[id]/page.tsx [Client Component Browser]
    ./Documents/REMUNERACIONES 2026/frontend/src/app/consolidados/[id]/page.tsx [Server Component]

  Client Component SSR:
    ./Documents/REMUNERACIONES 2026/frontend/src/app/consolidados/[id]/page.tsx [Client Component SSR]
    ./Documents/REMUNERACIONES 2026/frontend/src/app/consolidados/[id]/page.tsx [Server Component] 
[browser] ./Documents/REMUNERACIONES 2026/frontend/src/app/consolidados/[id]/page.tsx:529:5
Expression expected
  527 |   );
  528 | }
> 529 |     </div>
      |     ^
  530 |   );
  531 | }
  532 |

Parsing ecmascript source code failed

Import traces:
  Client Component Browser:
    ./Documents/REMUNERACIONES 2026/frontend/src/app/consolidados/[id]/page.tsx [Client Component Browser]
    ./Documents/REMUNERACIONES 2026/frontend/src/app/consolidados/[id]/page.tsx [Server Component]

  Client Component SSR:
    ./Documents/REMUNERACIONES 2026/frontend/src/app/consolidados/[id]/page.tsx [Client Component SSR]
    ./Documents/REMUNERACIONES 2026/frontend/src/app/consolidados/[id]/page.tsx [Server Component] 
[browser] ./Documents/REMUNERACIONES 2026/frontend/src/app/consolidados/[id]/page.tsx:529:6
Unterminated regexp literal
  527 |   );
  528 | }
> 529 |     </div>
      |      ^^^^^
  530 |   );
  531 | }
  532 |

Parsing ecmascript source code failed

Import traces:
  Client Component Browser:
    ./Documents/REMUNERACIONES 2026/frontend/src/app/consolidados/[id]/page.tsx [Client Component Browser]
    ./Documents/REMUNERACIONES 2026/frontend/src/app/consolidados/[id]/page.tsx [Server Component]

  Client Component SSR:
    ./Documents/REMUNERACIONES 2026/frontend/src/app/consolidados/[id]/page.tsx [Client Component SSR]
    ./Documents/REMUNERACIONES 2026/frontend/src/app/consolidados/[id]/page.tsx [Server Component] 
[browser] ./Documents/REMUNERACIONES 2026/frontend/src/app/consolidados/[id]/page.tsx:529:5
Expression expected
  527 |   );
  528 | }
> 529 |     </div>
      |     ^
  530 |   );
  531 | }
  532 |

Parsing ecmascript source code failed

Import traces:
  Client Component Browser:
    ./Documents/REMUNERACIONES 2026/frontend/src/app/consolidados/[id]/page.tsx [Client Component Browser]
    ./Documents/REMUNERACIONES 2026/frontend/src/app/consolidados/[id]/page.tsx [Server Component]

  Client Component SSR:
    ./Documents/REMUNERACIONES 2026/frontend/src/app/consolidados/[id]/page.tsx [Client Component SSR]
    ./Documents/REMUNERACIONES 2026/frontend/src/app/consolidados/[id]/page.tsx [Server Component] 
[browser] ./Documents/REMUNERACIONES 2026/frontend/src/app/consolidados/[id]/page.tsx:529:6
Unterminated regexp literal
  527 |   );
  528 | }
> 529 |     </div>
      |      ^^^^^
  530 |   );
  531 | }
  532 |

Parsing ecmascript source code failed

Import traces:
  Client Component Browser:
    ./Documents/REMUNERACIONES 2026/frontend/src/app/consolidados/[id]/page.tsx [Client Component Browser]
    ./Documents/REMUNERACIONES 2026/frontend/src/app/consolidados/[id]/page.tsx [Server Component]

  Client Component SSR:
    ./Documents/REMUNERACIONES 2026/frontend/src/app/consolidados/[id]/page.tsx [Client Component SSR]
    ./Documents/REMUNERACIONES 2026/frontend/src/app/consolidados/[id]/page.tsx [Server Component] 
[browser] ./Documents/REMUNERACIONES 2026/frontend/src/app/consolidados/[id]/page.tsx:529:5
Expression expected
  527 |   );
  528 | }
> 529 |     </div>
      |     ^
  530 |   );
  531 | }
  532 |

Parsing ecmascript source code failed

Import traces:
  Client Component Browser:
    ./Documents/REMUNERACIONES 2026/frontend/src/app/consolidados/[id]/page.tsx [Client Component Browser]
    ./Documents/REMUNERACIONES 2026/frontend/src/app/consolidados/[id]/page.tsx [Server Component]

  Client Component SSR:
    ./Documents/REMUNERACIONES 2026/frontend/src/app/consolidados/[id]/page.tsx [Client Component SSR]
    ./Documents/REMUNERACIONES 2026/frontend/src/app/consolidados/[id]/page.tsx [Server Component] 
[browser] ./Documents/REMUNERACIONES 2026/frontend/src/app/consolidados/[id]/page.tsx:529:6
Unterminated regexp literal
  527 |   );
  528 | }
> 529 |     </div>
      |      ^^^^^
  530 |   );
  531 | }
  532 |

Parsing ecmascript source code failed

Import traces:
  Client Component Browser:
    ./Documents/REMUNERACIONES 2026/frontend/src/app/consolidados/[id]/page.tsx [Client Component Browser]
    ./Documents/REMUNERACIONES 2026/frontend/src/app/consolidados/[id]/page.tsx [Server Component]

  Client Component SSR:
    ./Documents/REMUNERACIONES 2026/frontend/src/app/consolidados/[id]/page.tsx [Client Component SSR]
    ./Documents/REMUNERACIONES 2026/frontend/src/app/consolidados/[id]/page.tsx [Server Component] 
 GET /consolidados/1 500 in 1510ms (next.js: 1320ms, application-code: 190ms)
[browser] ./Documents/REMUNERACIONES 2026/frontend/src/app/consolidados/[id]/page.tsx:529:5
Expression expected
  527 |   );
  528 | }
> 529 |     </div>
      |     ^
  530 |   );
  531 | }
  532 |

Parsing ecmascript source code failed

Import traces:
  Client Component Browser:
    ./Documents/REMUNERACIONES 2026/frontend/src/app/consolidados/[id]/page.tsx [Client Component Browser]
    ./Documents/REMUNERACIONES 2026/frontend/src/app/consolidados/[id]/page.tsx [Server Component]

  Client Component SSR:
    ./Documents/REMUNERACIONES 2026/frontend/src/app/consolidados/[id]/page.tsx [Client Component SSR]
    ./Documents/REMUNERACIONES 2026/frontend/src/app/consolidados/[id]/page.tsx [Server Component] 
[browser] ./Documents/REMUNERACIONES 2026/frontend/src/app/consolidados/[id]/page.tsx:529:6
Unterminated regexp literal
  527 |   );
  528 | }
> 529 |     </div>
      |      ^^^^^
  530 |   );
  531 | }
  532 |

Parsing ecmascript source code failed

Import traces:
  Client Component Browser:
    ./Documents/REMUNERACIONES 2026/frontend/src/app/consolidados/[id]/page.tsx [Client Component Browser]
    ./Documents/REMUNERACIONES 2026/frontend/src/app/consolidados/[id]/page.tsx [Server Component]

  Client Component SSR:
    ./Documents/REMUNERACIONES 2026/frontend/src/app/consolidados/[id]/page.tsx [Client Component SSR]
    ./Documents/REMUNERACIONES 2026/frontend/src/app/consolidados/[id]/page.tsx [Server Component] 
[browser] Uncaught Error: ./Documents/REMUNERACIONES 2026/frontend/src/app/consolidados/[id]/page.tsx:529:5
Expression expected
  527 |   );
  528 | }
> 529 |     </div>
      |     ^
  530 |   );
  531 | }
  532 |

Parsing ecmascript source code failed

Import traces:
  Client Component Browser:
    ./Documents/REMUNERACIONES 2026/frontend/src/app/consolidados/[id]/page.tsx [Client Component Browser]
    ./Documents/REMUNERACIONES 2026/frontend/src/app/consolidados/[id]/page.tsx [Server Component]

  Client Component SSR:
    ./Documents/REMUNERACIONES 2026/frontend/src/app/consolidados/[id]/page.tsx [Client Component SSR]
    ./Documents/REMUNERACIONES 2026/frontend/src/app/consolidados/[id]/page.tsx [Server Component]


    at <unknown> (Error: ./Documents/REMUNERACIONES 2026/frontend/src/app/consolidados/[id]/page.tsx:529:5)
    at <unknown> (Error: (./Documents/REMUNERACIONES 2026/frontend/src/app/consolidados/[id]/page.tsx:529:5)
[browser] ./Documents/REMUNERACIONES 2026/frontend/src/app/consolidados/[id]/page.tsx:529:5
Expression expected
  527 |   );
  528 | }
> 529 |     </div>
      |     ^
  530 |   );
  531 | }
  532 |

Parsing ecmascript source code failed

Import traces:
  Client Component Browser:
    ./Documents/REMUNERACIONES 2026/frontend/src/app/consolidados/[id]/page.tsx [Client Component Browser]
    ./Documents/REMUNERACIONES 2026/frontend/src/app/consolidados/[id]/page.tsx [Server Component]

  Client Component SSR:
    ./Documents/REMUNERACIONES 2026/frontend/src/app/consolidados/[id]/page.tsx [Client Component SSR]
    ./Documents/REMUNERACIONES 2026/frontend/src/app/consolidados/[id]/page.tsx [Server Component] 
[browser] ./Documents/REMUNERACIONES 2026/frontend/src/app/consolidados/[id]/page.tsx:529:6
Unterminated regexp literal
  527 |   );
  528 | }
> 529 |     </div>
      |      ^^^^^
  530 |   );
  531 | }
  532 |

Parsing ecmascript source code failed

Import traces:
  Client Component Browser:
    ./Documents/REMUNERACIONES 2026/frontend/src/app/consolidados/[id]/page.tsx [Client Component Browser]
    ./Documents/REMUNERACIONES 2026/frontend/src/app/consolidados/[id]/page.tsx [Server Component]

  Client Component SSR:
    ./Documents/REMUNERACIONES 2026/frontend/src/app/consolidados/[id]/page.tsx [Client Component SSR]
    ./Documents/REMUNERACIONES 2026/frontend/src/app/consolidados/[id]/page.tsx [Server Component] 
[browser] ./Documents/REMUNERACIONES 2026/frontend/src/app/consolidados/[id]/page.tsx:529:5
Expression expected
  527 |   );
  528 | }
> 529 |     </div>
      |     ^
  530 |   );
  531 | }
  532 |

Parsing ecmascript source code failed

Import traces:
  Client Component Browser:
    ./Documents/REMUNERACIONES 2026/frontend/src/app/consolidados/[id]/page.tsx [Client Component Browser]
    ./Documents/REMUNERACIONES 2026/frontend/src/app/consolidados/[id]/page.tsx [Server Component]

  Client Component SSR:
    ./Documents/REMUNERACIONES 2026/frontend/src/app/consolidados/[id]/page.tsx [Client Component SSR]
    ./Documents/REMUNERACIONES 2026/frontend/src/app/consolidados/[id]/page.tsx [Server Component] 
[browser] ./Documents/REMUNERACIONES 2026/frontend/src/app/consolidados/[id]/page.tsx:529:6
Unterminated regexp literal
  527 |   );
  528 | }
> 529 |     </div>
      |      ^^^^^
  530 |   );
  531 | }
  532 |

Parsing ecmascript source code failed

Import traces:
  Client Component Browser:
    ./Documents/REMUNERACIONES 2026/frontend/src/app/consolidados/[id]/page.tsx [Client Component Browser]
    ./Documents/REMUNERACIONES 2026/frontend/src/app/consolidados/[id]/page.tsx [Server Component]

  Client Component SSR:
    ./Documents/REMUNERACIONES 2026/frontend/src/app/consolidados/[id]/page.tsx [Client Component SSR]
    ./Documents/REMUNERACIONES 2026/frontend/src/app/consolidados/[id]/page.tsx [Server Component] 
[browser] ./Documents/REMUNERACIONES 2026/frontend/src/app/consolidados/[id]/page.tsx:529:5
Expression expected
  527 |   );
  528 | }
> 529 |     </div>
      |     ^
  530 |   );
  531 | }
  532 |

Parsing ecmascript source code failed

Import traces:
  Client Component Browser:
    ./Documents/REMUNERACIONES 2026/frontend/src/app/consolidados/[id]/page.tsx [Client Component Browser]
    ./Documents/REMUNERACIONES 2026/frontend/src/app/consolidados/[id]/page.tsx [Server Component]

  Client Component SSR:
    ./Documents/REMUNERACIONES 2026/frontend/src/app/consolidados/[id]/page.tsx [Client Component SSR]
    ./Documents/REMUNERACIONES 2026/frontend/src/app/consolidados/[id]/page.tsx [Server Component] 
[browser] ./Documents/REMUNERACIONES 2026/frontend/src/app/consolidados/[id]/page.tsx:529:6
Unterminated regexp literal
  527 |   );
  528 | }
> 529 |     </div>
      |      ^^^^^
  530 |   );
  531 | }
  532 |

Parsing ecmascript source code failed

Import traces:
  Client Component Browser:
    ./Documents/REMUNERACIONES 2026/frontend/src/app/consolidados/[id]/page.tsx [Client Component Browser]
    ./Documents/REMUNERACIONES 2026/frontend/src/app/consolidados/[id]/page.tsx [Server Component]

  Client Component SSR:
    ./Documents/REMUNERACIONES 2026/frontend/src/app/consolidados/[id]/page.tsx [Client Component SSR]
    ./Documents/REMUNERACIONES 2026/frontend/src/app/consolidados/[id]/page.tsx [Server Component] 
[browser] ./Documents/REMUNERACIONES 2026/frontend/src/app/consolidados/[id]/page.tsx:529:5
Expression expected
  527 |   );
  528 | }
> 529 |     </div>
      |     ^
  530 |   );
  531 | }
  532 |

Parsing ecmascript source code failed

Import traces:
  Client Component Browser:
    ./Documents/REMUNERACIONES 2026/frontend/src/app/consolidados/[id]/page.tsx [Client Component Browser]
    ./Documents/REMUNERACIONES 2026/frontend/src/app/consolidados/[id]/page.tsx [Server Component]

  Client Component SSR:
    ./Documents/REMUNERACIONES 2026/frontend/src/app/consolidados/[id]/page.tsx [Client Component SSR]
    ./Documents/REMUNERACIONES 2026/frontend/src/app/consolidados/[id]/page.tsx [Server Component] 
[browser] ./Documents/REMUNERACIONES 2026/frontend/src/app/consolidados/[id]/page.tsx:529:6
Unterminated regexp literal
  527 |   );
  528 | }
> 529 |     </div>
      |      ^^^^^
  530 |   );
  531 | }
  532 |

Parsing ecmascript source code failed

Import traces:
  Client Component Browser:
    ./Documents/REMUNERACIONES 2026/frontend/src/app/consolidados/[id]/page.tsx [Client Component Browser]
    ./Documents/REMUNERACIONES 2026/frontend/src/app/consolidados/[id]/page.tsx [Server Component]

  Client Component SSR:
    ./Documents/REMUNERACIONES 2026/frontend/src/app/consolidados/[id]/page.tsx [Client Component SSR]
    ./Documents/REMUNERACIONES 2026/frontend/src/app/consolidados/[id]/page.tsx [Server Component] 
[browser] ./Documents/REMUNERACIONES 2026/frontend/src/app/consolidados/[id]/page.tsx:529:5
Expression expected
  527 |   );
  528 | }
> 529 |     </div>
      |     ^
  530 |   );
  531 | }
  532 |

Parsing ecmascript source code failed

Import traces:
  Client Component Browser:
    ./Documents/REMUNERACIONES 2026/frontend/src/app/consolidados/[id]/page.tsx [Client Component Browser]
    ./Documents/REMUNERACIONES 2026/frontend/src/app/consolidados/[id]/page.tsx [Server Component]

  Client Component SSR:
    ./Documents/REMUNERACIONES 2026/frontend/src/app/consolidados/[id]/page.tsx [Client Component SSR]
    ./Documents/REMUNERACIONES 2026/frontend/src/app/consolidados/[id]/page.tsx [Server Component] 
[browser] ./Documents/REMUNERACIONES 2026/frontend/src/app/consolidados/[id]/page.tsx:529:6
Unterminated regexp literal
  527 |   );
  528 | }
> 529 |     </div>
      |      ^^^^^
  530 |   );
  531 | }
  532 |

Parsing ecmascript source code failed

Import traces:
  Client Component Browser:
    ./Documents/REMUNERACIONES 2026/frontend/src/app/consolidados/[id]/page.tsx [Client Component Browser]
    ./Documents/REMUNERACIONES 2026/frontend/src/app/consolidados/[id]/page.tsx [Server Component]

  Client Component SSR:
    ./Documents/REMUNERACIONES 2026/frontend/src/app/consolidados/[id]/page.tsx [Client Component SSR]
    ./Documents/REMUNERACIONES 2026/frontend/src/app/consolidados/[id]/page.tsx [Server Component] 
[browser] ./Documents/REMUNERACIONES 2026/frontend/src/app/consolidados/[id]/page.tsx:529:5
Expression expected
  527 |   );
  528 | }
> 529 |     </div>
      |     ^
  530 |   );
  531 | }
  532 |

Parsing ecmascript source code failed

Import traces:
  Client Component Browser:
    ./Documents/REMUNERACIONES 2026/frontend/src/app/consolidados/[id]/page.tsx [Client Component Browser]
    ./Documents/REMUNERACIONES 2026/frontend/src/app/consolidados/[id]/page.tsx [Server Component]

  Client Component SSR:
    ./Documents/REMUNERACIONES 2026/frontend/src/app/consolidados/[id]/page.tsx [Client Component SSR]
    ./Documents/REMUNERACIONES 2026/frontend/src/app/consolidados/[id]/page.tsx [Server Component] 
[browser] ./Documents/REMUNERACIONES 2026/frontend/src/app/consolidados/[id]/page.tsx:529:6
Unterminated regexp literal
  527 |   );
  528 | }
> 529 |     </div>
      |      ^^^^^
  530 |   );
  531 | }
  532 |

Parsing ecmascript source code failed

Import traces:
  Client Component Browser:
    ./Documents/REMUNERACIONES 2026/frontend/src/app/consolidados/[id]/page.tsx [Client Component Browser]
    ./Documents/REMUNERACIONES 2026/frontend/src/app/consolidados/[id]/page.tsx [Server Component]

  Client Component SSR:
    ./Documents/REMUNERACIONES 2026/frontend/src/app/consolidados/[id]/page.tsx [Client Component SSR]
    ./Documents/REMUNERACIONES 2026/frontend/src/app/consolidados/[id]/page.tsx [Server Component] 
[browser] ./Documents/REMUNERACIONES 2026/frontend/src/app/consolidados/[id]/page.tsx:529:5
Expression expected
  527 |   );
  528 | }
> 529 |     </div>
      |     ^
  530 |   );
  531 | }
  532 |

Parsing ecmascript source code failed

Import traces:
  Client Component Browser:
    ./Documents/REMUNERACIONES 2026/frontend/src/app/consolidados/[id]/page.tsx [Client Component Browser]
    ./Documents/REMUNERACIONES 2026/frontend/src/app/consolidados/[id]/page.tsx [Server Component]

  Client Component SSR:
    ./Documents/REMUNERACIONES 2026/frontend/src/app/consolidados/[id]/page.tsx [Client Component SSR]
    ./Documents/REMUNERACIONES 2026/frontend/src/app/consolidados/[id]/page.tsx [Server Component] 
[browser] ./Documents/REMUNERACIONES 2026/frontend/src/app/consolidados/[id]/page.tsx:529:6
Unterminated regexp literal
  527 |   );
  528 | }
> 529 |     </div>
      |      ^^^^^
  530 |   );
  531 | }
  532 |

Parsing ecmascript source code failed

Import traces:
  Client Component Browser:
    ./Documents/REMUNERACIONES 2026/frontend/src/app/consolidados/[id]/page.tsx [Client Component Browser]
    ./Documents/REMUNERACIONES 2026/frontend/src/app/consolidados/[id]/page.tsx [Server Component]

  Client Component SSR:
    ./Documents/REMUNERACIONES 2026/frontend/src/app/consolidados/[id]/page.tsx [Client Component SSR]
    ./Documents/REMUNERACIONES 2026/frontend/src/app/consolidados/[id]/page.tsx [Server Component] 
[browser] ./Documents/REMUNERACIONES 2026/frontend/src/app/consolidados/[id]/page.tsx:529:5
Expression expected
  527 |   );
  528 | }
> 529 |     </div>
      |     ^
  530 |   );
  531 | }
  532 |

Parsing ecmascript source code failed

Import traces:
  Client Component Browser:
    ./Documents/REMUNERACIONES 2026/frontend/src/app/consolidados/[id]/page.tsx [Client Component Browser]
    ./Documents/REMUNERACIONES 2026/frontend/src/app/consolidados/[id]/page.tsx [Server Component]

  Client Component SSR:
    ./Documents/REMUNERACIONES 2026/frontend/src/app/consolidados/[id]/page.tsx [Client Component SSR]
    ./Documents/REMUNERACIONES 2026/frontend/src/app/consolidados/[id]/page.tsx [Server Component] 
[browser] ./Documents/REMUNERACIONES 2026/frontend/src/app/consolidados/[id]/page.tsx:529:6
Unterminated regexp literal
  527 |   );
  528 | }
> 529 |     </div>
      |      ^^^^^
  530 |   );
  531 | }
  532 |

Parsing ecmascript source code failed

Import traces:
  Client Component Browser:
    ./Documents/REMUNERACIONES 2026/frontend/src/app/consolidados/[id]/page.tsx [Client Component Browser]
    ./Documents/REMUNERACIONES 2026/frontend/src/app/consolidados/[id]/page.tsx [Server Component]

  Client Component SSR:
    ./Documents/REMUNERACIONES 2026/frontend/src/app/consolidados/[id]/page.tsx [Client Component SSR]
    ./Documents/REMUNERACIONES 2026/frontend/src/app/consolidados/[id]/page.tsx [Server Component] 
[browser] ./Documents/REMUNERACIONES 2026/frontend/src/app/consolidados/[id]/page.tsx:529:5
Expression expected
  527 |   );
  528 | }
> 529 |     </div>
      |     ^
  530 |   );
  531 | }
  532 |

Parsing ecmascript source code failed

Import traces:
  Client Component Browser:
    ./Documents/REMUNERACIONES 2026/frontend/src/app/consolidados/[id]/page.tsx [Client Component Browser]
    ./Documents/REMUNERACIONES 2026/frontend/src/app/consolidados/[id]/page.tsx [Server Component]

  Client Component SSR:
    ./Documents/REMUNERACIONES 2026/frontend/src/app/consolidados/[id]/page.tsx [Client Component SSR]
    ./Documents/REMUNERACIONES 2026/frontend/src/app/consolidados/[id]/page.tsx [Server Component] 
[browser] ./Documents/REMUNERACIONES 2026/frontend/src/app/consolidados/[id]/page.tsx:529:6
Unterminated regexp literal
  527 |   );
  528 | }
> 529 |     </div>
      |      ^^^^^
  530 |   );
  531 | }
  532 |

Parsing ecmascript source code failed

Import traces:
  Client Component Browser:
    ./Documents/REMUNERACIONES 2026/frontend/src/app/consolidados/[id]/page.tsx [Client Component Browser]
    ./Documents/REMUNERACIONES 2026/frontend/src/app/consolidados/[id]/page.tsx [Server Component]

  Client Component SSR:
    ./Documents/REMUNERACIONES 2026/frontend/src/app/consolidados/[id]/page.tsx [Client Component SSR]
    ./Documents/REMUNERACIONES 2026/frontend/src/app/consolidados/[id]/page.tsx [Server Component] 
[browser] ./Documents/REMUNERACIONES 2026/frontend/src/app/consolidados/[id]/page.tsx:529:5
Expression expected
  527 |   );
  528 | }
> 529 |     </div>
      |     ^
  530 |   );
  531 | }
  532 |

Parsing ecmascript source code failed

Import traces:
  Client Component Browser:
    ./Documents/REMUNERACIONES 2026/frontend/src/app/consolidados/[id]/page.tsx [Client Component Browser]
    ./Documents/REMUNERACIONES 2026/frontend/src/app/consolidados/[id]/page.tsx [Server Component]

  Client Component SSR:
    ./Documents/REMUNERACIONES 2026/frontend/src/app/consolidados/[id]/page.tsx [Client Component SSR]
    ./Documents/REMUNERACIONES 2026/frontend/src/app/consolidados/[id]/page.tsx [Server Component] 
[browser] ./Documents/REMUNERACIONES 2026/frontend/src/app/consolidados/[id]/page.tsx:529:6
Unterminated regexp literal
  527 |   );
  528 | }
> 529 |     </div>
      |      ^^^^^
  530 |   );
  531 | }
  532 |

Parsing ecmascript source code failed

Import traces:
  Client Component Browser:
    ./Documents/REMUNERACIONES 2026/frontend/src/app/consolidados/[id]/page.tsx [Client Component Browser]
    ./Documents/REMUNERACIONES 2026/frontend/src/app/consolidados/[id]/page.tsx [Server Component]

  Client Component SSR:
    ./Documents/REMUNERACIONES 2026/frontend/src/app/consolidados/[id]/page.tsx [Client Component SSR]
    ./Documents/REMUNERACIONES 2026/frontend/src/app/consolidados/[id]/page.tsx [Server Component] 
[browser] ./Documents/REMUNERACIONES 2026/frontend/src/app/consolidados/[id]/page.tsx:529:5
Expression expected
  527 |   );
  528 | }
> 529 |     </div>
      |     ^
  530 |   );
  531 | }
  532 |

Parsing ecmascript source code failed

Import traces:
  Client Component Browser:
    ./Documents/REMUNERACIONES 2026/frontend/src/app/consolidados/[id]/page.tsx [Client Component Browser]
    ./Documents/REMUNERACIONES 2026/frontend/src/app/consolidados/[id]/page.tsx [Server Component]

  Client Component SSR:
    ./Documents/REMUNERACIONES 2026/frontend/src/app/consolidados/[id]/page.tsx [Client Component SSR]
    ./Documents/REMUNERACIONES 2026/frontend/src/app/consolidados/[id]/page.tsx [Server Component] 
[browser] ./Documents/REMUNERACIONES 2026/frontend/src/app/consolidados/[id]/page.tsx:529:6
Unterminated regexp literal
  527 |   );
  528 | }
> 529 |     </div>
      |      ^^^^^
  530 |   );
  531 | }
  532 |

Parsing ecmascript source code failed

Import traces:
  Client Component Browser:
    ./Documents/REMUNERACIONES 2026/frontend/src/app/consolidados/[id]/page.tsx [Client Component Browser]
    ./Documents/REMUNERACIONES 2026/frontend/src/app/consolidados/[id]/page.tsx [Server Component]

  Client Component SSR:
    ./Documents/REMUNERACIONES 2026/frontend/src/app/consolidados/[id]/page.tsx [Client Component SSR]
    ./Documents/REMUNERACIONES 2026/frontend/src/app/consolidados/[id]/page.tsx [Server Component] 
[browser] ./Documents/REMUNERACIONES 2026/frontend/src/app/consolidados/[id]/page.tsx:529:5
Expression expected
  527 |   );
  528 | }
> 529 |     </div>
      |     ^
  530 |   );
  531 | }
  532 |

Parsing ecmascript source code failed

Import traces:
  Client Component Browser:
    ./Documents/REMUNERACIONES 2026/frontend/src/app/consolidados/[id]/page.tsx [Client Component Browser]
    ./Documents/REMUNERACIONES 2026/frontend/src/app/consolidados/[id]/page.tsx [Server Component]

  Client Component SSR:
    ./Documents/REMUNERACIONES 2026/frontend/src/app/consolidados/[id]/page.tsx [Client Component SSR]
    ./Documents/REMUNERACIONES 2026/frontend/src/app/consolidados/[id]/page.tsx [Server Component] 
[browser] ./Documents/REMUNERACIONES 2026/frontend/src/app/consolidados/[id]/page.tsx:529:6
Unterminated regexp literal
  527 |   );
  528 | }
> 529 |     </div>
      |      ^^^^^
  530 |   );
  531 | }
  532 |

Parsing ecmascript source code failed

Import traces:
  Client Component Browser:
    ./Documents/REMUNERACIONES 2026/frontend/src/app/consolidados/[id]/page.tsx [Client Component Browser]
    ./Documents/REMUNERACIONES 2026/frontend/src/app/consolidados/[id]/page.tsx [Server Component]

  Client Component SSR:
    ./Documents/REMUNERACIONES 2026/frontend/src/app/consolidados/[id]/page.tsx [Client Component SSR]
    ./Documents/REMUNERACIONES 2026/frontend/src/app/consolidados/[id]/page.tsx [Server Component] 
[browser] ./Documents/REMUNERACIONES 2026/frontend/src/app/consolidados/[id]/page.tsx:529:5
Expression expected
  527 |   );
  528 | }
> 529 |     </div>
      |     ^
  530 |   );
  531 | }
  532 |

Parsing ecmascript source code failed

Import traces:
  Client Component Browser:
    ./Documents/REMUNERACIONES 2026/frontend/src/app/consolidados/[id]/page.tsx [Client Component Browser]
    ./Documents/REMUNERACIONES 2026/frontend/src/app/consolidados/[id]/page.tsx [Server Component]

  Client Component SSR:
    ./Documents/REMUNERACIONES 2026/frontend/src/app/consolidados/[id]/page.tsx [Client Component SSR]
    ./Documents/REMUNERACIONES 2026/frontend/src/app/consolidados/[id]/page.tsx [Server Component] 
[browser] ./Documents/REMUNERACIONES 2026/frontend/src/app/consolidados/[id]/page.tsx:529:6
Unterminated regexp literal
  527 |   );
  528 | }
> 529 |     </div>
      |      ^^^^^
  530 |   );
  531 | }
  532 |

Parsing ecmascript source code failed

Import traces:
  Client Component Browser:
    ./Documents/REMUNERACIONES 2026/frontend/src/app/consolidados/[id]/page.tsx [Client Component Browser]
    ./Documents/REMUNERACIONES 2026/frontend/src/app/consolidados/[id]/page.tsx [Server Component]

  Client Component SSR:
    ./Documents/REMUNERACIONES 2026/frontend/src/app/consolidados/[id]/page.tsx [Client Component SSR]
    ./Documents/REMUNERACIONES 2026/frontend/src/app/consolidados/[id]/page.tsx [Server Component] 
[browser] ./Documents/REMUNERACIONES 2026/frontend/src/app/consolidados/[id]/page.tsx:529:5
Expression expected
  527 |   );
  528 | }
> 529 |     </div>
      |     ^
  530 |   );
  531 | }
  532 |

Parsing ecmascript source code failed

Import traces:
  Client Component Browser:
    ./Documents/REMUNERACIONES 2026/frontend/src/app/consolidados/[id]/page.tsx [Client Component Browser]
    ./Documents/REMUNERACIONES 2026/frontend/src/app/consolidados/[id]/page.tsx [Server Component]

  Client Component SSR:
    ./Documents/REMUNERACIONES 2026/frontend/src/app/consolidados/[id]/page.tsx [Client Component SSR]
    ./Documents/REMUNERACIONES 2026/frontend/src/app/consolidados/[id]/page.tsx [Server Component] 
[browser] ./Documents/REMUNERACIONES 2026/frontend/src/app/consolidados/[id]/page.tsx:529:6
Unterminated regexp literal
  527 |   );
  528 | }
> 529 |     </div>
      |      ^^^^^
  530 |   );
  531 | }
  532 |

Parsing ecmascript source code failed

Import traces:
  Client Component Browser:
    ./Documents/REMUNERACIONES 2026/frontend/src/app/consolidados/[id]/page.tsx [Client Component Browser]
    ./Documents/REMUNERACIONES 2026/frontend/src/app/consolidados/[id]/page.tsx [Server Component]

  Client Component SSR:
    ./Documents/REMUNERACIONES 2026/frontend/src/app/consolidados/[id]/page.tsx [Client Component SSR]
    ./Documents/REMUNERACIONES 2026/frontend/src/app/consolidados/[id]/page.tsx [Server Component] 
[browser] ./Documents/REMUNERACIONES 2026/frontend/src/app/consolidados/[id]/page.tsx:529:5
Expression expected
  527 |   );
  528 | }
> 529 |     </div>
      |     ^
  530 |   );
  531 | }
  532 |

Parsing ecmascript source code failed

Import traces:
  Client Component Browser:
    ./Documents/REMUNERACIONES 2026/frontend/src/app/consolidados/[id]/page.tsx [Client Component Browser]
    ./Documents/REMUNERACIONES 2026/frontend/src/app/consolidados/[id]/page.tsx [Server Component]

  Client Component SSR:
    ./Documents/REMUNERACIONES 2026/frontend/src/app/consolidados/[id]/page.tsx [Client Component SSR]
    ./Documents/REMUNERACIONES 2026/frontend/src/app/consolidados/[id]/page.tsx [Server Component] 
[browser] ./Documents/REMUNERACIONES 2026/frontend/src/app/consolidados/[id]/page.tsx:529:6
Unterminated regexp literal
  527 |   );
  528 | }
> 529 |     </div>
      |      ^^^^^
  530 |   );
  531 | }
  532 |

Parsing ecmascript source code failed

Import traces:
  Client Component Browser:
    ./Documents/REMUNERACIONES 2026/frontend/src/app/consolidados/[id]/page.tsx [Client Component Browser]
    ./Documents/REMUNERACIONES 2026/frontend/src/app/consolidados/[id]/page.tsx [Server Component]

  Client Component SSR:
    ./Documents/REMUNERACIONES 2026/frontend/src/app/consolidados/[id]/page.tsx [Client Component SSR]
    ./Documents/REMUNERACIONES 2026/frontend/src/app/consolidados/[id]/page.tsx [Server Component] 
[browser] ./Documents/REMUNERACIONES 2026/frontend/src/app/consolidados/[id]/page.tsx:529:5
Expression expected
  527 |   );
  528 | }
> 529 |     </div>
      |     ^
  530 |   );
  531 | }
  532 |

Parsing ecmascript source code failed

Import traces:
  Client Component Browser:
    ./Documents/REMUNERACIONES 2026/frontend/src/app/consolidados/[id]/page.tsx [Client Component Browser]
    ./Documents/REMUNERACIONES 2026/frontend/src/app/consolidados/[id]/page.tsx [Server Component]

  Client Component SSR:
    ./Documents/REMUNERACIONES 2026/frontend/src/app/consolidados/[id]/page.tsx [Client Component SSR]
    ./Documents/REMUNERACIONES 2026/frontend/src/app/consolidados/[id]/page.tsx [Server Component] 
[browser] ./Documents/REMUNERACIONES 2026/frontend/src/app/consolidados/[id]/page.tsx:529:5
Expression expected
  527 |   );
  528 | }
> 529 |     </div>
      |     ^
  530 |   );
  531 | }
  532 |

Parsing ecmascript source code failed

Import traces:
  Client Component Browser:
    ./Documents/REMUNERACIONES 2026/frontend/src/app/consolidados/[id]/page.tsx [Client Component Browser]
    ./Documents/REMUNERACIONES 2026/frontend/src/app/consolidados/[id]/page.tsx [Server Component]

  Client Component SSR:
    ./Documents/REMUNERACIONES 2026/frontend/src/app/consolidados/[id]/page.tsx [Client Component SSR]
    ./Documents/REMUNERACIONES 2026/frontend/src/app/consolidados/[id]/page.tsx [Server Component] 
[browser] ./Documents/REMUNERACIONES 2026/frontend/src/app/consolidados/[id]/page.tsx:529:5
Expression expected
  527 |   );
  528 | }
> 529 |     </div>
      |     ^
  530 |   );
  531 | }
  532 |

Parsing ecmascript source code failed

Import traces:
  Client Component Browser:
    ./Documents/REMUNERACIONES 2026/frontend/src/app/consolidados/[id]/page.tsx [Client Component Browser]
    ./Documents/REMUNERACIONES 2026/frontend/src/app/consolidados/[id]/page.tsx [Server Component]

  Client Component SSR:
    ./Documents/REMUNERACIONES 2026/frontend/src/app/consolidados/[id]/page.tsx [Client Component SSR]
    ./Documents/REMUNERACIONES 2026/frontend/src/app/consolidados/[id]/page.tsx [Server Component] 
[browser] ./Documents/REMUNERACIONES 2026/frontend/src/app/consolidados/[id]/page.tsx:529:6
Unterminated regexp literal
  527 |   );
  528 | }
> 529 |     </div>
      |      ^^^^^
  530 |   );
  531 | }
  532 |

Parsing ecmascript source code failed

Import traces:
  Client Component Browser:
    ./Documents/REMUNERACIONES 2026/frontend/src/app/consolidados/[id]/page.tsx [Client Component Browser]
    ./Documents/REMUNERACIONES 2026/frontend/src/app/consolidados/[id]/page.tsx [Server Component]

  Client Component SSR:
    ./Documents/REMUNERACIONES 2026/frontend/src/app/consolidados/[id]/page.tsx [Client Component SSR]
    ./Documents/REMUNERACIONES 2026/frontend/src/app/consolidados/[id]/page.tsx [Server Component] 
[browser] ./Documents/REMUNERACIONES 2026/frontend/src/app/consolidados/[id]/page.tsx:529:6
Unterminated regexp literal
  527 |   );
  528 | }
> 529 |     </div>
      |      ^^^^^
  530 |   );
  531 | }
  532 |

Parsing ecmascript source code failed

Import traces:
  Client Component Browser:
    ./Documents/REMUNERACIONES 2026/frontend/src/app/consolidados/[id]/page.tsx [Client Component Browser]
    ./Documents/REMUNERACIONES 2026/frontend/src/app/consolidados/[id]/page.tsx [Server Component]

  Client Component SSR:
    ./Documents/REMUNERACIONES 2026/frontend/src/app/consolidados/[id]/page.tsx [Client Component SSR]
    ./Documents/REMUNERACIONES 2026/frontend/src/app/consolidados/[id]/page.tsx [Server Component] 
[browser] ./Documents/REMUNERACIONES 2026/frontend/src/app/consolidados/[id]/page.tsx:529:6
Unterminated regexp literal
  527 |   );
  528 | }
> 529 |     </div>
      |      ^^^^^
  530 |   );
  531 | }
  532 |

Parsing ecmascript source code failed

Import traces:
  Client Component Browser:
    ./Documents/REMUNERACIONES 2026/frontend/src/app/consolidados/[id]/page.tsx [Client Component Browser]
    ./Documents/REMUNERACIONES 2026/frontend/src/app/consolidados/[id]/page.tsx [Server Component]

  Client Component SSR:
    ./Documents/REMUNERACIONES 2026/frontend/src/app/consolidados/[id]/page.tsx [Client Component SSR]
    ./Documents/REMUNERACIONES 2026/frontend/src/app/consolidados/[id]/page.tsx [Server Component] 
[browser] ./Documents/REMUNERACIONES 2026/frontend/src/app/consolidados/[id]/page.tsx:529:5
Expression expected
  527 |   );
  528 | }
> 529 |     </div>
      |     ^
  530 |   );
  531 | }
  532 |

Parsing ecmascript source code failed

Import traces:
  Client Component Browser:
    ./Documents/REMUNERACIONES 2026/frontend/src/app/consolidados/[id]/page.tsx [Client Component Browser]
    ./Documents/REMUNERACIONES 2026/frontend/src/app/consolidados/[id]/page.tsx [Server Component]

  Client Component SSR:
    ./Documents/REMUNERACIONES 2026/frontend/src/app/consolidados/[id]/page.tsx [Client Component SSR]
    ./Documents/REMUNERACIONES 2026/frontend/src/app/consolidados/[id]/page.tsx [Server Component] 
[browser] ./Documents/REMUNERACIONES 2026/frontend/src/app/consolidados/[id]/page.tsx:529:5
Expression expected
  527 |   );
  528 | }
> 529 |     </div>
      |     ^
  530 |   );
  531 | }
  532 |

Parsing ecmascript source code failed

Import traces:
  Client Component Browser:
    ./Documents/REMUNERACIONES 2026/frontend/src/app/consolidados/[id]/page.tsx [Client Component Browser]
    ./Documents/REMUNERACIONES 2026/frontend/src/app/consolidados/[id]/page.tsx [Server Component]

  Client Component SSR:
    ./Documents/REMUNERACIONES 2026/frontend/src/app/consolidados/[id]/page.tsx [Client Component SSR]
    ./Documents/REMUNERACIONES 2026/frontend/src/app/consolidados/[id]/page.tsx [Server Component] 
[browser] ./Documents/REMUNERACIONES 2026/frontend/src/app/consolidados/[id]/page.tsx:529:5
Expression expected
  527 |   );
  528 | }
> 529 |     </div>
      |     ^
  530 |   );
  531 | }
  532 |

Parsing ecmascript source code failed

Import traces:
  Client Component Browser:
    ./Documents/REMUNERACIONES 2026/frontend/src/app/consolidados/[id]/page.tsx [Client Component Browser]
    ./Documents/REMUNERACIONES 2026/frontend/src/app/consolidados/[id]/page.tsx [Server Component]

  Client Component SSR:
    ./Documents/REMUNERACIONES 2026/frontend/src/app/consolidados/[id]/page.tsx [Client Component SSR]
    ./Documents/REMUNERACIONES 2026/frontend/src/app/consolidados/[id]/page.tsx [Server Component] 
[browser] ./Documents/REMUNERACIONES 2026/frontend/src/app/consolidados/[id]/page.tsx:529:6
Unterminated regexp literal
  527 |   );
  528 | }
> 529 |     </div>
      |      ^^^^^
  530 |   );
  531 | }
  532 |

Parsing ecmascript source code failed

Import traces:
  Client Component Browser:
    ./Documents/REMUNERACIONES 2026/frontend/src/app/consolidados/[id]/page.tsx [Client Component Browser]
    ./Documents/REMUNERACIONES 2026/frontend/src/app/consolidados/[id]/page.tsx [Server Component]

  Client Component SSR:
    ./Documents/REMUNERACIONES 2026/frontend/src/app/consolidados/[id]/page.tsx [Client Component SSR]
    ./Documents/REMUNERACIONES 2026/frontend/src/app/consolidados/[id]/page.tsx [Server Component] 
[browser] ./Documents/REMUNERACIONES 2026/frontend/src/app/consolidados/[id]/page.tsx:529:6
Unterminated regexp literal
  527 |   );
  528 | }
> 529 |     </div>
      |      ^^^^^
  530 |   );
  531 | }
  532 |

Parsing ecmascript source code failed

Import traces:
  Client Component Browser:
    ./Documents/REMUNERACIONES 2026/frontend/src/app/consolidados/[id]/page.tsx [Client Component Browser]
    ./Documents/REMUNERACIONES 2026/frontend/src/app/consolidados/[id]/page.tsx [Server Component]

  Client Component SSR:
    ./Documents/REMUNERACIONES 2026/frontend/src/app/consolidados/[id]/page.tsx [Client Component SSR]
    ./Documents/REMUNERACIONES 2026/frontend/src/app/consolidados/[id]/page.tsx [Server Component] 
[browser] ./Documents/REMUNERACIONES 2026/frontend/src/app/consolidados/[id]/page.tsx:529:6
Unterminated regexp literal
  527 |   );
  528 | }
> 529 |     </div>
      |      ^^^^^
  530 |   );
  531 | }
  532 |

Parsing ecmascript source code failed

Import traces:
  Client Component Browser:
    ./Documents/REMUNERACIONES 2026/frontend/src/app/consolidados/[id]/page.tsx [Client Component Browser]
    ./Documents/REMUNERACIONES 2026/frontend/src/app/consolidados/[id]/page.tsx [Server Component]

  Client Component SSR:
    ./Documents/REMUNERACIONES 2026/frontend/src/app/consolidados/[id]/page.tsx [Client Component SSR]
    ./Documents/REMUNERACIONES 2026/frontend/src/app/consolidados/[id]/page.tsx [Server Component] 
[browser] ./Documents/REMUNERACIONES 2026/frontend/src/app/consolidados/[id]/page.tsx:529:5
Expression expected
  527 |   );
  528 | }
> 529 |     </div>
      |     ^
  530 |   );
  531 | }
  532 |

Parsing ecmascript source code failed

Import traces:
  Client Component Browser:
    ./Documents/REMUNERACIONES 2026/frontend/src/app/consolidados/[id]/page.tsx [Client Component Browser]
    ./Documents/REMUNERACIONES 2026/frontend/src/app/consolidados/[id]/page.tsx [Server Component]

  Client Component SSR:
    ./Documents/REMUNERACIONES 2026/frontend/src/app/consolidados/[id]/page.tsx [Client Component SSR]
    ./Documents/REMUNERACIONES 2026/frontend/src/app/consolidados/[id]/page.tsx [Server Component] 
[browser] ./Documents/REMUNERACIONES 2026/frontend/src/app/consolidados/[id]/page.tsx:529:5
Expression expected
  527 |   );
  528 | }
> 529 |     </div>
      |     ^
  530 |   );
  531 | }
  532 |

Parsing ecmascript source code failed

Import traces:
  Client Component Browser:
    ./Documents/REMUNERACIONES 2026/frontend/src/app/consolidados/[id]/page.tsx [Client Component Browser]
    ./Documents/REMUNERACIONES 2026/frontend/src/app/consolidados/[id]/page.tsx [Server Component]

  Client Component SSR:
    ./Documents/REMUNERACIONES 2026/frontend/src/app/consolidados/[id]/page.tsx [Client Component SSR]
    ./Documents/REMUNERACIONES 2026/frontend/src/app/consolidados/[id]/page.tsx [Server Component] 
[browser] ./Documents/REMUNERACIONES 2026/frontend/src/app/consolidados/[id]/page.tsx:529:5
Expression expected
  527 |   );
  528 | }
> 529 |     </div>
      |     ^
  530 |   );
  531 | }
  532 |

Parsing ecmascript source code failed

Import traces:
  Client Component Browser:
    ./Documents/REMUNERACIONES 2026/frontend/src/app/consolidados/[id]/page.tsx [Client Component Browser]
    ./Documents/REMUNERACIONES 2026/frontend/src/app/consolidados/[id]/page.tsx [Server Component]

  Client Component SSR:
    ./Documents/REMUNERACIONES 2026/frontend/src/app/consolidados/[id]/page.tsx [Client Component SSR]
    ./Documents/REMUNERACIONES 2026/frontend/src/app/consolidados/[id]/page.tsx [Server Component] 
[browser] ./Documents/REMUNERACIONES 2026/frontend/src/app/consolidados/[id]/page.tsx:529:6
Unterminated regexp literal
  527 |   );
  528 | }
> 529 |     </div>
      |      ^^^^^
  530 |   );
  531 | }
  532 |

Parsing ecmascript source code failed

Import traces:
  Client Component Browser:
    ./Documents/REMUNERACIONES 2026/frontend/src/app/consolidados/[id]/page.tsx [Client Component Browser]
    ./Documents/REMUNERACIONES 2026/frontend/src/app/consolidados/[id]/page.tsx [Server Component]

  Client Component SSR:
    ./Documents/REMUNERACIONES 2026/frontend/src/app/consolidados/[id]/page.tsx [Client Component SSR]
    ./Documents/REMUNERACIONES 2026/frontend/src/app/consolidados/[id]/page.tsx [Server Component] 
[browser] ./Documents/REMUNERACIONES 2026/frontend/src/app/consolidados/[id]/page.tsx:529:6
Unterminated regexp literal
  527 |   );
  528 | }
> 529 |     </div>
      |      ^^^^^
  530 |   );
  531 | }
  532 |

Parsing ecmascript source code failed

Import traces:
  Client Component Browser:
    ./Documents/REMUNERACIONES 2026/frontend/src/app/consolidados/[id]/page.tsx [Client Component Browser]
    ./Documents/REMUNERACIONES 2026/frontend/src/app/consolidados/[id]/page.tsx [Server Component]

  Client Component SSR:
    ./Documents/REMUNERACIONES 2026/frontend/src/app/consolidados/[id]/page.tsx [Client Component SSR]
    ./Documents/REMUNERACIONES 2026/frontend/src/app/consolidados/[id]/page.tsx [Server Component] 
[browser] ./Documents/REMUNERACIONES 2026/frontend/src/app/consolidados/[id]/page.tsx:529:6
Unterminated regexp literal
  527 |   );
  528 | }
> 529 |     </div>
      |      ^^^^^
  530 |   );
  531 | }
  532 |

Parsing ecmascript source code failed

Import traces:
  Client Component Browser:
    ./Documents/REMUNERACIONES 2026/frontend/src/app/consolidados/[id]/page.tsx [Client Component Browser]
    ./Documents/REMUNERACIONES 2026/frontend/src/app/consolidados/[id]/page.tsx [Server Component]

  Client Component SSR:
    ./Documents/REMUNERACIONES 2026/frontend/src/app/consolidados/[id]/page.tsx [Client Component SSR]
    ./Documents/REMUNERACIONES 2026/frontend/src/app/consolidados/[id]/page.tsx [Server Component] 
[browser] ./Documents/REMUNERACIONES 2026/frontend/src/app/consolidados/[id]/page.tsx:529:5
Expression expected
  527 |   );
  528 | }
> 529 |     </div>
      |     ^
  530 |   );
  531 | }
  532 |

Parsing ecmascript source code failed

Import traces:
  Client Component Browser:
    ./Documents/REMUNERACIONES 2026/frontend/src/app/consolidados/[id]/page.tsx [Client Component Browser]
    ./Documents/REMUNERACIONES 2026/frontend/src/app/consolidados/[id]/page.tsx [Server Component]

  Client Component SSR:
    ./Documents/REMUNERACIONES 2026/frontend/src/app/consolidados/[id]/page.tsx [Client Component SSR]
    ./Documents/REMUNERACIONES 2026/frontend/src/app/consolidados/[id]/page.tsx [Server Component] 
[browser] ./Documents/REMUNERACIONES 2026/frontend/src/app/consolidados/[id]/page.tsx:529:5
Expression expected
  527 |   );
  528 | }
> 529 |     </div>
      |     ^
  530 |   );
  531 | }
  532 |

Parsing ecmascript source code failed

Import traces:
  Client Component Browser:
    ./Documents/REMUNERACIONES 2026/frontend/src/app/consolidados/[id]/page.tsx [Client Component Browser]
    ./Documents/REMUNERACIONES 2026/frontend/src/app/consolidados/[id]/page.tsx [Server Component]

  Client Component SSR:
    ./Documents/REMUNERACIONES 2026/frontend/src/app/consolidados/[id]/page.tsx [Client Component SSR]
    ./Documents/REMUNERACIONES 2026/frontend/src/app/consolidados/[id]/page.tsx [Server Component] 
[browser] ./Documents/REMUNERACIONES 2026/frontend/src/app/consolidados/[id]/page.tsx:529:5
Expression expected
  527 |   );
  528 | }
> 529 |     </div>
      |     ^
  530 |   );
  531 | }
  532 |

Parsing ecmascript source code failed

Import traces:
  Client Component Browser:
    ./Documents/REMUNERACIONES 2026/frontend/src/app/consolidados/[id]/page.tsx [Client Component Browser]
    ./Documents/REMUNERACIONES 2026/frontend/src/app/consolidados/[id]/page.tsx [Server Component]

  Client Component SSR:
    ./Documents/REMUNERACIONES 2026/frontend/src/app/consolidados/[id]/page.tsx [Client Component SSR]
    ./Documents/REMUNERACIONES 2026/frontend/src/app/consolidados/[id]/page.tsx [Server Component] 
[browser] ./Documents/REMUNERACIONES 2026/frontend/src/app/consolidados/[id]/page.tsx:529:6
Unterminated regexp literal
  527 |   );
  528 | }
> 529 |     </div>
      |      ^^^^^
  530 |   );
  531 | }
  532 |

Parsing ecmascript source code failed

Import traces:
  Client Component Browser:
    ./Documents/REMUNERACIONES 2026/frontend/src/app/consolidados/[id]/page.tsx [Client Component Browser]
    ./Documents/REMUNERACIONES 2026/frontend/src/app/consolidados/[id]/page.tsx [Server Component]

  Client Component SSR:
    ./Documents/REMUNERACIONES 2026/frontend/src/app/consolidados/[id]/page.tsx [Client Component SSR]
    ./Documents/REMUNERACIONES 2026/frontend/src/app/consolidados/[id]/page.tsx [Server Component] 
[browser] ./Documents/REMUNERACIONES 2026/frontend/src/app/consolidados/[id]/page.tsx:529:6
Unterminated regexp literal
  527 |   );
  528 | }
> 529 |     </div>
      |      ^^^^^
  530 |   );
  531 | }
  532 |

Parsing ecmascript source code failed

Import traces:
  Client Component Browser:
    ./Documents/REMUNERACIONES 2026/frontend/src/app/consolidados/[id]/page.tsx [Client Component Browser]
    ./Documents/REMUNERACIONES 2026/frontend/src/app/consolidados/[id]/page.tsx [Server Component]

  Client Component SSR:
    ./Documents/REMUNERACIONES 2026/frontend/src/app/consolidados/[id]/page.tsx [Client Component SSR]
    ./Documents/REMUNERACIONES 2026/frontend/src/app/consolidados/[id]/page.tsx [Server Component] 
[browser] ./Documents/REMUNERACIONES 2026/frontend/src/app/consolidados/[id]/page.tsx:529:6
Unterminated regexp literal
  527 |   );
  528 | }
> 529 |     </div>
      |      ^^^^^
  530 |   );
  531 | }
  532 |

Parsing ecmascript source code failed

Import traces:
  Client Component Browser:
    ./Documents/REMUNERACIONES 2026/frontend/src/app/consolidados/[id]/page.tsx [Client Component Browser]
    ./Documents/REMUNERACIONES 2026/frontend/src/app/consolidados/[id]/page.tsx [Server Component]

  Client Component SSR:
    ./Documents/REMUNERACIONES 2026/frontend/src/app/consolidados/[id]/page.tsx [Client Component SSR]
    ./Documents/REMUNERACIONES 2026/frontend/src/app/consolidados/[id]/page.tsx [Server Component] 
[browser] ./Documents/REMUNERACIONES 2026/frontend/src/app/consolidados/[id]/page.tsx:529:5
Expression expected
  527 |   );
  528 | }
> 529 |     </div>
      |     ^
  530 |   );
  531 | }
  532 |

Parsing ecmascript source code failed

Import traces:
  Client Component Browser:
    ./Documents/REMUNERACIONES 2026/frontend/src/app/consolidados/[id]/page.tsx [Client Component Browser]
    ./Documents/REMUNERACIONES 2026/frontend/src/app/consolidados/[id]/page.tsx [Server Component]

  Client Component SSR:
    ./Documents/REMUNERACIONES 2026/frontend/src/app/consolidados/[id]/page.tsx [Client Component SSR]
    ./Documents/REMUNERACIONES 2026/frontend/src/app/consolidados/[id]/page.tsx [Server Component] 
[browser] ./Documents/REMUNERACIONES 2026/frontend/src/app/consolidados/[id]/page.tsx:529:5
Expression expected
  527 |   );
  528 | }
> 529 |     </div>
      |     ^
  530 |   );
  531 | }
  532 |

Parsing ecmascript source code failed

Import traces:
  Client Component Browser:
    ./Documents/REMUNERACIONES 2026/frontend/src/app/consolidados/[id]/page.tsx [Client Component Browser]
    ./Documents/REMUNERACIONES 2026/frontend/src/app/consolidados/[id]/page.tsx [Server Component]

  Client Component SSR:
    ./Documents/REMUNERACIONES 2026/frontend/src/app/consolidados/[id]/page.tsx [Client Component SSR]
    ./Documents/REMUNERACIONES 2026/frontend/src/app/consolidados/[id]/page.tsx [Server Component] 
[browser] ./Documents/REMUNERACIONES 2026/frontend/src/app/consolidados/[id]/page.tsx:529:5
Expression expected
  527 |   );
  528 | }
> 529 |     </div>
      |     ^
  530 |   );
  531 | }
  532 |

Parsing ecmascript source code failed

Import traces:
  Client Component Browser:
    ./Documents/REMUNERACIONES 2026/frontend/src/app/consolidados/[id]/page.tsx [Client Component Browser]
    ./Documents/REMUNERACIONES 2026/frontend/src/app/consolidados/[id]/page.tsx [Server Component]

  Client Component SSR:
    ./Documents/REMUNERACIONES 2026/frontend/src/app/consolidados/[id]/page.tsx [Client Component SSR]
    ./Documents/REMUNERACIONES 2026/frontend/src/app/consolidados/[id]/page.tsx [Server Component] 
[browser] ./Documents/REMUNERACIONES 2026/frontend/src/app/consolidados/[id]/page.tsx:529:6
Unterminated regexp literal
  527 |   );
  528 | }
> 529 |     </div>
      |      ^^^^^
  530 |   );
  531 | }
  532 |

Parsing ecmascript source code failed

Import traces:
  Client Component Browser:
    ./Documents/REMUNERACIONES 2026/frontend/src/app/consolidados/[id]/page.tsx [Client Component Browser]
    ./Documents/REMUNERACIONES 2026/frontend/src/app/consolidados/[id]/page.tsx [Server Component]

  Client Component SSR:
    ./Documents/REMUNERACIONES 2026/frontend/src/app/consolidados/[id]/page.tsx [Client Component SSR]
    ./Documents/REMUNERACIONES 2026/frontend/src/app/consolidados/[id]/page.tsx [Server Component] 
[browser] ./Documents/REMUNERACIONES 2026/frontend/src/app/consolidados/[id]/page.tsx:529:6
Unterminated regexp literal
  527 |   );
  528 | }
> 529 |     </div>
      |      ^^^^^
  530 |   );
  531 | }
  532 |

Parsing ecmascript source code failed

Import traces:
  Client Component Browser:
    ./Documents/REMUNERACIONES 2026/frontend/src/app/consolidados/[id]/page.tsx [Client Component Browser]
    ./Documents/REMUNERACIONES 2026/frontend/src/app/consolidados/[id]/page.tsx [Server Component]

  Client Component SSR:
    ./Documents/REMUNERACIONES 2026/frontend/src/app/consolidados/[id]/page.tsx [Client Component SSR]
    ./Documents/REMUNERACIONES 2026/frontend/src/app/consolidados/[id]/page.tsx [Server Component] 
[browser] ./Documents/REMUNERACIONES 2026/frontend/src/app/consolidados/[id]/page.tsx:529:6
Unterminated regexp literal
  527 |   );
  528 | }
> 529 |     </div>
      |      ^^^^^
  530 |   );
  531 | }
  532 |

Parsing ecmascript source code failed

Import traces:
  Client Component Browser:
    ./Documents/REMUNERACIONES 2026/frontend/src/app/consolidados/[id]/page.tsx [Client Component Browser]
    ./Documents/REMUNERACIONES 2026/frontend/src/app/consolidados/[id]/page.tsx [Server Component]

  Client Component SSR:
    ./Documents/REMUNERACIONES 2026/frontend/src/app/consolidados/[id]/page.tsx [Client Component SSR]
    ./Documents/REMUNERACIONES 2026/frontend/src/app/consolidados/[id]/page.tsx [Server Component] 
[browser] ./Documents/REMUNERACIONES 2026/frontend/src/app/consolidados/[id]/page.tsx:529:5
Expression expected
  527 |   );
  528 | }
> 529 |     </div>
      |     ^
  530 |   );
  531 | }
  532 |

Parsing ecmascript source code failed

Import traces:
  Client Component Browser:
    ./Documents/REMUNERACIONES 2026/frontend/src/app/consolidados/[id]/page.tsx [Client Component Browser]
    ./Documents/REMUNERACIONES 2026/frontend/src/app/consolidados/[id]/page.tsx [Server Component]

  Client Component SSR:
    ./Documents/REMUNERACIONES 2026/frontend/src/app/consolidados/[id]/page.tsx [Client Component SSR]
    ./Documents/REMUNERACIONES 2026/frontend/src/app/consolidados/[id]/page.tsx [Server Component] 
[browser] ./Documents/REMUNERACIONES 2026/frontend/src/app/consolidados/[id]/page.tsx:529:5
Expression expected
  527 |   );
  528 | }
> 529 |     </div>
      |     ^
  530 |   );
  531 | }
  532 |

Parsing ecmascript source code failed

Import traces:
  Client Component Browser:
    ./Documents/REMUNERACIONES 2026/frontend/src/app/consolidados/[id]/page.tsx [Client Component Browser]
    ./Documents/REMUNERACIONES 2026/frontend/src/app/consolidados/[id]/page.tsx [Server Component]

  Client Component SSR:
    ./Documents/REMUNERACIONES 2026/frontend/src/app/consolidados/[id]/page.tsx [Client Component SSR]
    ./Documents/REMUNERACIONES 2026/frontend/src/app/consolidados/[id]/page.tsx [Server Component] 
[browser] ./Documents/REMUNERACIONES 2026/frontend/src/app/consolidados/[id]/page.tsx:529:5
Expression expected
  527 |   );
  528 | }
> 529 |     </div>
      |     ^
  530 |   );
  531 | }
  532 |

Parsing ecmascript source code failed

Import traces:
  Client Component Browser:
    ./Documents/REMUNERACIONES 2026/frontend/src/app/consolidados/[id]/page.tsx [Client Component Browser]
    ./Documents/REMUNERACIONES 2026/frontend/src/app/consolidados/[id]/page.tsx [Server Component]

  Client Component SSR:
    ./Documents/REMUNERACIONES 2026/frontend/src/app/consolidados/[id]/page.tsx [Client Component SSR]
    ./Documents/REMUNERACIONES 2026/frontend/src/app/consolidados/[id]/page.tsx [Server Component] 
[browser] ./Documents/REMUNERACIONES 2026/frontend/src/app/consolidados/[id]/page.tsx:529:6
Unterminated regexp literal
  527 |   );
  528 | }
> 529 |     </div>
      |      ^^^^^
  530 |   );
  531 | }
  532 |

Parsing ecmascript source code failed

Import traces:
  Client Component Browser:
    ./Documents/REMUNERACIONES 2026/frontend/src/app/consolidados/[id]/page.tsx [Client Component Browser]
    ./Documents/REMUNERACIONES 2026/frontend/src/app/consolidados/[id]/page.tsx [Server Component]

  Client Component SSR:
    ./Documents/REMUNERACIONES 2026/frontend/src/app/consolidados/[id]/page.tsx [Client Component SSR]
    ./Documents/REMUNERACIONES 2026/frontend/src/app/consolidados/[id]/page.tsx [Server Component] 
[browser] ./Documents/REMUNERACIONES 2026/frontend/src/app/consolidados/[id]/page.tsx:529:6
Unterminated regexp literal
  527 |   );
  528 | }
> 529 |     </div>
      |      ^^^^^
  530 |   );
  531 | }
  532 |

Parsing ecmascript source code failed

Import traces:
  Client Component Browser:
    ./Documents/REMUNERACIONES 2026/frontend/src/app/consolidados/[id]/page.tsx [Client Component Browser]
    ./Documents/REMUNERACIONES 2026/frontend/src/app/consolidados/[id]/page.tsx [Server Component]

  Client Component SSR:
    ./Documents/REMUNERACIONES 2026/frontend/src/app/consolidados/[id]/page.tsx [Client Component SSR]
    ./Documents/REMUNERACIONES 2026/frontend/src/app/consolidados/[id]/page.tsx [Server Component] 
[browser] ./Documents/REMUNERACIONES 2026/frontend/src/app/consolidados/[id]/page.tsx:529:6
Unterminated regexp literal
  527 |   );
  528 | }
> 529 |     </div>
      |      ^^^^^
  530 |   );
  531 | }
  532 |

Parsing ecmascript source code failed

Import traces:
  Client Component Browser:
    ./Documents/REMUNERACIONES 2026/frontend/src/app/consolidados/[id]/page.tsx [Client Component Browser]
    ./Documents/REMUNERACIONES 2026/frontend/src/app/consolidados/[id]/page.tsx [Server Component]

  Client Component SSR:
    ./Documents/REMUNERACIONES 2026/frontend/src/app/consolidados/[id]/page.tsx [Client Component SSR]
    ./Documents/REMUNERACIONES 2026/frontend/src/app/consolidados/[id]/page.tsx [Server Component] 
[browser] ./Documents/REMUNERACIONES 2026/frontend/src/app/consolidados/[id]/page.tsx:529:5
Expression expected
  527 |   );
  528 | }
> 529 |     </div>
      |     ^
  530 |   );
  531 | }
  532 |

Parsing ecmascript source code failed

Import traces:
  Client Component Browser:
    ./Documents/REMUNERACIONES 2026/frontend/src/app/consolidados/[id]/page.tsx [Client Component Browser]
    ./Documents/REMUNERACIONES 2026/frontend/src/app/consolidados/[id]/page.tsx [Server Component]

  Client Component SSR:
    ./Documents/REMUNERACIONES 2026/frontend/src/app/consolidados/[id]/page.tsx [Client Component SSR]
    ./Documents/REMUNERACIONES 2026/frontend/src/app/consolidados/[id]/page.tsx [Server Component] 
[browser] ./Documents/REMUNERACIONES 2026/frontend/src/app/consolidados/[id]/page.tsx:529:5
Expression expected
  527 |   );
  528 | }
> 529 |     </div>
      |     ^
  530 |   );
  531 | }
  532 |

Parsing ecmascript source code failed

Import traces:
  Client Component Browser:
    ./Documents/REMUNERACIONES 2026/frontend/src/app/consolidados/[id]/page.tsx [Client Component Browser]
    ./Documents/REMUNERACIONES 2026/frontend/src/app/consolidados/[id]/page.tsx [Server Component]

  Client Component SSR:
    ./Documents/REMUNERACIONES 2026/frontend/src/app/consolidados/[id]/page.tsx [Client Component SSR]
    ./Documents/REMUNERACIONES 2026/frontend/src/app/consolidados/[id]/page.tsx [Server Component] 
[browser] ./Documents/REMUNERACIONES 2026/frontend/src/app/consolidados/[id]/page.tsx:529:5
Expression expected
  527 |   );
  528 | }
> 529 |     </div>
      |     ^
  530 |   );
  531 | }
  532 |

Parsing ecmascript source code failed

Import traces:
  Client Component Browser:
    ./Documents/REMUNERACIONES 2026/frontend/src/app/consolidados/[id]/page.tsx [Client Component Browser]
    ./Documents/REMUNERACIONES 2026/frontend/src/app/consolidados/[id]/page.tsx [Server Component]

  Client Component SSR:
    ./Documents/REMUNERACIONES 2026/frontend/src/app/consolidados/[id]/page.tsx [Client Component SSR]
    ./Documents/REMUNERACIONES 2026/frontend/src/app/consolidados/[id]/page.tsx [Server Component] 
[browser] ./Documents/REMUNERACIONES 2026/frontend/src/app/consolidados/[id]/page.tsx:529:6
Unterminated regexp literal
  527 |   );
  528 | }
> 529 |     </div>
      |      ^^^^^
  530 |   );
  531 | }
  532 |

Parsing ecmascript source code failed

Import traces:
  Client Component Browser:
    ./Documents/REMUNERACIONES 2026/frontend/src/app/consolidados/[id]/page.tsx [Client Component Browser]
    ./Documents/REMUNERACIONES 2026/frontend/src/app/consolidados/[id]/page.tsx [Server Component]

  Client Component SSR:
    ./Documents/REMUNERACIONES 2026/frontend/src/app/consolidados/[id]/page.tsx [Client Component SSR]
    ./Documents/REMUNERACIONES 2026/frontend/src/app/consolidados/[id]/page.tsx [Server Component] 
[browser] ./Documents/REMUNERACIONES 2026/frontend/src/app/consolidados/[id]/page.tsx:529:6
Unterminated regexp literal
  527 |   );
  528 | }
> 529 |     </div>
      |      ^^^^^
  530 |   );
  531 | }
  532 |

Parsing ecmascript source code failed

Import traces:
  Client Component Browser:
    ./Documents/REMUNERACIONES 2026/frontend/src/app/consolidados/[id]/page.tsx [Client Component Browser]
    ./Documents/REMUNERACIONES 2026/frontend/src/app/consolidados/[id]/page.tsx [Server Component]

  Client Component SSR:
    ./Documents/REMUNERACIONES 2026/frontend/src/app/consolidados/[id]/page.tsx [Client Component SSR]
    ./Documents/REMUNERACIONES 2026/frontend/src/app/consolidados/[id]/page.tsx [Server Component] 
[browser] ./Documents/REMUNERACIONES 2026/frontend/src/app/consolidados/[id]/page.tsx:529:6
Unterminated regexp literal
  527 |   );
  528 | }
> 529 |     </div>
      |      ^^^^^
  530 |   );
  531 | }
  532 |

Parsing ecmascript source code failed

Import traces:
  Client Component Browser:
    ./Documents/REMUNERACIONES 2026/frontend/src/app/consolidados/[id]/page.tsx [Client Component Browser]
    ./Documents/REMUNERACIONES 2026/frontend/src/app/consolidados/[id]/page.tsx [Server Component]

  Client Component SSR:
    ./Documents/REMUNERACIONES 2026/frontend/src/app/consolidados/[id]/page.tsx [Client Component SSR]
    ./Documents/REMUNERACIONES 2026/frontend/src/app/consolidados/[id]/page.tsx [Server Component] 
[browser] ./Documents/REMUNERACIONES 2026/frontend/src/app/consolidados/[id]/page.tsx:529:5
Expression expected
  527 |   );
  528 | }
> 529 |     </div>
      |     ^
  530 |   );
  531 | }
  532 |

Parsing ecmascript source code failed

Import traces:
  Client Component Browser:
    ./Documents/REMUNERACIONES 2026/frontend/src/app/consolidados/[id]/page.tsx [Client Component Browser]
    ./Documents/REMUNERACIONES 2026/frontend/src/app/consolidados/[id]/page.tsx [Server Component]

  Client Component SSR:
    ./Documents/REMUNERACIONES 2026/frontend/src/app/consolidados/[id]/page.tsx [Client Component SSR]
    ./Documents/REMUNERACIONES 2026/frontend/src/app/consolidados/[id]/page.tsx [Server Component] 
[browser] ./Documents/REMUNERACIONES 2026/frontend/src/app/consolidados/[id]/page.tsx:529:5
Expression expected
  527 |   );
  528 | }
> 529 |     </div>
      |     ^
  530 |   );
  531 | }
  532 |

Parsing ecmascript source code failed

Import traces:
  Client Component Browser:
    ./Documents/REMUNERACIONES 2026/frontend/src/app/consolidados/[id]/page.tsx [Client Component Browser]
    ./Documents/REMUNERACIONES 2026/frontend/src/app/consolidados/[id]/page.tsx [Server Component]

  Client Component SSR:
    ./Documents/REMUNERACIONES 2026/frontend/src/app/consolidados/[id]/page.tsx [Client Component SSR]
    ./Documents/REMUNERACIONES 2026/frontend/src/app/consolidados/[id]/page.tsx [Server Component] 
[browser] ./Documents/REMUNERACIONES 2026/frontend/src/app/consolidados/[id]/page.tsx:529:5
Expression expected
  527 |   );
  528 | }
> 529 |     </div>
      |     ^
  530 |   );
  531 | }
  532 |

Parsing ecmascript source code failed

Import traces:
  Client Component Browser:
    ./Documents/REMUNERACIONES 2026/frontend/src/app/consolidados/[id]/page.tsx [Client Component Browser]
    ./Documents/REMUNERACIONES 2026/frontend/src/app/consolidados/[id]/page.tsx [Server Component]

  Client Component SSR:
    ./Documents/REMUNERACIONES 2026/frontend/src/app/consolidados/[id]/page.tsx [Client Component SSR]
    ./Documents/REMUNERACIONES 2026/frontend/src/app/consolidados/[id]/page.tsx [Server Component] 
[browser] ./Documents/REMUNERACIONES 2026/frontend/src/app/consolidados/[id]/page.tsx:529:6
Unterminated regexp literal
  527 |   );
  528 | }
> 529 |     </div>
      |      ^^^^^
  530 |   );
  531 | }
  532 |

Parsing ecmascript source code failed

Import traces:
  Client Component Browser:
    ./Documents/REMUNERACIONES 2026/frontend/src/app/consolidados/[id]/page.tsx [Client Component Browser]
    ./Documents/REMUNERACIONES 2026/frontend/src/app/consolidados/[id]/page.tsx [Server Component]

  Client Component SSR:
    ./Documents/REMUNERACIONES 2026/frontend/src/app/consolidados/[id]/page.tsx [Client Component SSR]
    ./Documents/REMUNERACIONES 2026/frontend/src/app/consolidados/[id]/page.tsx [Server Component] 
[browser] ./Documents/REMUNERACIONES 2026/frontend/src/app/consolidados/[id]/page.tsx:529:6
Unterminated regexp literal
  527 |   );
  528 | }
> 529 |     </div>
      |      ^^^^^
  530 |   );
  531 | }
  532 |

Parsing ecmascript source code failed

Import traces:
  Client Component Browser:
    ./Documents/REMUNERACIONES 2026/frontend/src/app/consolidados/[id]/page.tsx [Client Component Browser]
    ./Documents/REMUNERACIONES 2026/frontend/src/app/consolidados/[id]/page.tsx [Server Component]

  Client Component SSR:
    ./Documents/REMUNERACIONES 2026/frontend/src/app/consolidados/[id]/page.tsx [Client Component SSR]
    ./Documents/REMUNERACIONES 2026/frontend/src/app/consolidados/[id]/page.tsx [Server Component] 
[browser] ./Documents/REMUNERACIONES 2026/frontend/src/app/consolidados/[id]/page.tsx:529:6
Unterminated regexp literal
  527 |   );
  528 | }
> 529 |     </div>
      |      ^^^^^
  530 |   );
  531 | }
  532 |

Parsing ecmascript source code failed

Import traces:
  Client Component Browser:
    ./Documents/REMUNERACIONES 2026/frontend/src/app/consolidados/[id]/page.tsx [Client Component Browser]
    ./Documents/REMUNERACIONES 2026/frontend/src/app/consolidados/[id]/page.tsx [Server Component]

  Client Component SSR:
    ./Documents/REMUNERACIONES 2026/frontend/src/app/consolidados/[id]/page.tsx [Client Component SSR]
    ./Documents/REMUNERACIONES 2026/frontend/src/app/consolidados/[id]/page.tsx [Server Component] 
[browser] ./Documents/REMUNERACIONES 2026/frontend/src/app/consolidados/[id]/page.tsx:529:5
Expression expected
  527 |   );
  528 | }
> 529 |     </div>
      |     ^
  530 |   );
  531 | }
  532 |

Parsing ecmascript source code failed

Import traces:
  Client Component Browser:
    ./Documents/REMUNERACIONES 2026/frontend/src/app/consolidados/[id]/page.tsx [Client Component Browser]
    ./Documents/REMUNERACIONES 2026/frontend/src/app/consolidados/[id]/page.tsx [Server Component]

  Client Component SSR:
    ./Documents/REMUNERACIONES 2026/frontend/src/app/consolidados/[id]/page.tsx [Client Component SSR]
    ./Documents/REMUNERACIONES 2026/frontend/src/app/consolidados/[id]/page.tsx [Server Component] 
[browser] ./Documents/REMUNERACIONES 2026/frontend/src/app/consolidados/[id]/page.tsx:529:5
Expression expected
  527 |   );
  528 | }
> 529 |     </div>
      |     ^
  530 |   );
  531 | }
  532 |

Parsing ecmascript source code failed

Import traces:
  Client Component Browser:
    ./Documents/REMUNERACIONES 2026/frontend/src/app/consolidados/[id]/page.tsx [Client Component Browser]
    ./Documents/REMUNERACIONES 2026/frontend/src/app/consolidados/[id]/page.tsx [Server Component]

  Client Component SSR:
    ./Documents/REMUNERACIONES 2026/frontend/src/app/consolidados/[id]/page.tsx [Client Component SSR]
    ./Documents/REMUNERACIONES 2026/frontend/src/app/consolidados/[id]/page.tsx [Server Component] 
[browser] ./Documents/REMUNERACIONES 2026/frontend/src/app/consolidados/[id]/page.tsx:529:5
Expression expected
  527 |   );
  528 | }
> 529 |     </div>
      |     ^
  530 |   );
  531 | }
  532 |

Parsing ecmascript source code failed

Import traces:
  Client Component Browser:
    ./Documents/REMUNERACIONES 2026/frontend/src/app/consolidados/[id]/page.tsx [Client Component Browser]
    ./Documents/REMUNERACIONES 2026/frontend/src/app/consolidados/[id]/page.tsx [Server Component]

  Client Component SSR:
    ./Documents/REMUNERACIONES 2026/frontend/src/app/consolidados/[id]/page.tsx [Client Component SSR]
    ./Documents/REMUNERACIONES 2026/frontend/src/app/consolidados/[id]/page.tsx [Server Component] 
[browser] ./Documents/REMUNERACIONES 2026/frontend/src/app/consolidados/[id]/page.tsx:529:6
Unterminated regexp literal
  527 |   );
  528 | }
> 529 |     </div>
      |      ^^^^^
  530 |   );
  531 | }
  532 |

Parsing ecmascript source code failed

Import traces:
  Client Component Browser:
    ./Documents/REMUNERACIONES 2026/frontend/src/app/consolidados/[id]/page.tsx [Client Component Browser]
    ./Documents/REMUNERACIONES 2026/frontend/src/app/consolidados/[id]/page.tsx [Server Component]

  Client Component SSR:
    ./Documents/REMUNERACIONES 2026/frontend/src/app/consolidados/[id]/page.tsx [Client Component SSR]
    ./Documents/REMUNERACIONES 2026/frontend/src/app/consolidados/[id]/page.tsx [Server Component] 
[browser] ./Documents/REMUNERACIONES 2026/frontend/src/app/consolidados/[id]/page.tsx:529:6
Unterminated regexp literal
  527 |   );
  528 | }
> 529 |     </div>
      |      ^^^^^
  530 |   );
  531 | }
  532 |

Parsing ecmascript source code failed

Import traces:
  Client Component Browser:
    ./Documents/REMUNERACIONES 2026/frontend/src/app/consolidados/[id]/page.tsx [Client Component Browser]
    ./Documents/REMUNERACIONES 2026/frontend/src/app/consolidados/[id]/page.tsx [Server Component]

  Client Component SSR:
    ./Documents/REMUNERACIONES 2026/frontend/src/app/consolidados/[id]/page.tsx [Client Component SSR]
    ./Documents/REMUNERACIONES 2026/frontend/src/app/consolidados/[id]/page.tsx [Server Component] 
[browser] ./Documents/REMUNERACIONES 2026/frontend/src/app/consolidados/[id]/page.tsx:529:6
Unterminated regexp literal
  527 |   );
  528 | }
> 529 |     </div>
      |      ^^^^^
  530 |   );
  531 | }
  532 |

Parsing ecmascript source code failed

Import traces:
  Client Component Browser:
    ./Documents/REMUNERACIONES 2026/frontend/src/app/consolidados/[id]/page.tsx [Client Component Browser]
    ./Documents/REMUNERACIONES 2026/frontend/src/app/consolidados/[id]/page.tsx [Server Component]

  Client Component SSR:
    ./Documents/REMUNERACIONES 2026/frontend/src/app/consolidados/[id]/page.tsx [Client Component SSR]
    ./Documents/REMUNERACIONES 2026/frontend/src/app/consolidados/[id]/page.tsx [Server Component] 
[browser] ./Documents/REMUNERACIONES 2026/frontend/src/app/consolidados/[id]/page.tsx:529:5
Expression expected
  527 |   );
  528 | }
> 529 |     </div>
      |     ^
  530 |   );
  531 | }
  532 |

Parsing ecmascript source code failed

Import traces:
  Client Component Browser:
    ./Documents/REMUNERACIONES 2026/frontend/src/app/consolidados/[id]/page.tsx [Client Component Browser]
    ./Documents/REMUNERACIONES 2026/frontend/src/app/consolidados/[id]/page.tsx [Server Component]

  Client Component SSR:
    ./Documents/REMUNERACIONES 2026/frontend/src/app/consolidados/[id]/page.tsx [Client Component SSR]
    ./Documents/REMUNERACIONES 2026/frontend/src/app/consolidados/[id]/page.tsx [Server Component] 
[browser] ./Documents/REMUNERACIONES 2026/frontend/src/app/consolidados/[id]/page.tsx:529:5
Expression expected
  527 |   );
  528 | }
> 529 |     </div>
      |     ^
  530 |   );
  531 | }
  532 |

Parsing ecmascript source code failed

Import traces:
  Client Component Browser:
    ./Documents/REMUNERACIONES 2026/frontend/src/app/consolidados/[id]/page.tsx [Client Component Browser]
    ./Documents/REMUNERACIONES 2026/frontend/src/app/consolidados/[id]/page.tsx [Server Component]

  Client Component SSR:
    ./Documents/REMUNERACIONES 2026/frontend/src/app/consolidados/[id]/page.tsx [Client Component SSR]
    ./Documents/REMUNERACIONES 2026/frontend/src/app/consolidados/[id]/page.tsx [Server Component] 
[browser] ./Documents/REMUNERACIONES 2026/frontend/src/app/consolidados/[id]/page.tsx:529:5
Expression expected
  527 |   );
  528 | }
> 529 |     </div>
      |     ^
  530 |   );
  531 | }
  532 |

Parsing ecmascript source code failed

Import traces:
  Client Component Browser:
    ./Documents/REMUNERACIONES 2026/frontend/src/app/consolidados/[id]/page.tsx [Client Component Browser]
    ./Documents/REMUNERACIONES 2026/frontend/src/app/consolidados/[id]/page.tsx [Server Component]

  Client Component SSR:
    ./Documents/REMUNERACIONES 2026/frontend/src/app/consolidados/[id]/page.tsx [Client Component SSR]
    ./Documents/REMUNERACIONES 2026/frontend/src/app/consolidados/[id]/page.tsx [Server Component] 
[browser] ./Documents/REMUNERACIONES 2026/frontend/src/app/consolidados/[id]/page.tsx:529:6
Unterminated regexp literal
  527 |   );
  528 | }
> 529 |     </div>
      |      ^^^^^
  530 |   );
  531 | }
  532 |

Parsing ecmascript source code failed

Import traces:
  Client Component Browser:
    ./Documents/REMUNERACIONES 2026/frontend/src/app/consolidados/[id]/page.tsx [Client Component Browser]
    ./Documents/REMUNERACIONES 2026/frontend/src/app/consolidados/[id]/page.tsx [Server Component]

  Client Component SSR:
    ./Documents/REMUNERACIONES 2026/frontend/src/app/consolidados/[id]/page.tsx [Client Component SSR]
    ./Documents/REMUNERACIONES 2026/frontend/src/app/consolidados/[id]/page.tsx [Server Component] 
[browser] ./Documents/REMUNERACIONES 2026/frontend/src/app/consolidados/[id]/page.tsx:529:6
Unterminated regexp literal
  527 |   );
  528 | }
> 529 |     </div>
      |      ^^^^^
  530 |   );
  531 | }
  532 |

Parsing ecmascript source code failed

Import traces:
  Client Component Browser:
    ./Documents/REMUNERACIONES 2026/frontend/src/app/consolidados/[id]/page.tsx [Client Component Browser]
    ./Documents/REMUNERACIONES 2026/frontend/src/app/consolidados/[id]/page.tsx [Server Component]

  Client Component SSR:
    ./Documents/REMUNERACIONES 2026/frontend/src/app/consolidados/[id]/page.tsx [Client Component SSR]
    ./Documents/REMUNERACIONES 2026/frontend/src/app/consolidados/[id]/page.tsx [Server Component] 
[browser] ./Documents/REMUNERACIONES 2026/frontend/src/app/consolidados/[id]/page.tsx:529:6
Unterminated regexp literal
  527 |   );
  528 | }
> 529 |     </div>
      |      ^^^^^
  530 |   );
  531 | }
  532 |

Parsing ecmascript source code failed

Import traces:
  Client Component Browser:
    ./Documents/REMUNERACIONES 2026/frontend/src/app/consolidados/[id]/page.tsx [Client Component Browser]
    ./Documents/REMUNERACIONES 2026/frontend/src/app/consolidados/[id]/page.tsx [Server Component]

  Client Component SSR:
    ./Documents/REMUNERACIONES 2026/frontend/src/app/consolidados/[id]/page.tsx [Client Component SSR]
    ./Documents/REMUNERACIONES 2026/frontend/src/app/consolidados/[id]/page.tsx [Server Component] 
[browser] ./Documents/REMUNERACIONES 2026/frontend/src/app/consolidados/[id]/page.tsx:529:5
Expression expected
  527 |   );
  528 | }
> 529 |     </div>
      |     ^
  530 |   );
  531 | }
  532 |

Parsing ecmascript source code failed

Import traces:
  Client Component Browser:
    ./Documents/REMUNERACIONES 2026/frontend/src/app/consolidados/[id]/page.tsx [Client Component Browser]
    ./Documents/REMUNERACIONES 2026/frontend/src/app/consolidados/[id]/page.tsx [Server Component]

  Client Component SSR:
    ./Documents/REMUNERACIONES 2026/frontend/src/app/consolidados/[id]/page.tsx [Client Component SSR]
    ./Documents/REMUNERACIONES 2026/frontend/src/app/consolidados/[id]/page.tsx [Server Component] 
[browser] ./Documents/REMUNERACIONES 2026/frontend/src/app/consolidados/[id]/page.tsx:529:5
Expression expected
  527 |   );
  528 | }
> 529 |     </div>
      |     ^
  530 |   );
  531 | }
  532 |

Parsing ecmascript source code failed

Import traces:
  Client Component Browser:
    ./Documents/REMUNERACIONES 2026/frontend/src/app/consolidados/[id]/page.tsx [Client Component Browser]
    ./Documents/REMUNERACIONES 2026/frontend/src/app/consolidados/[id]/page.tsx [Server Component]

  Client Component SSR:
    ./Documents/REMUNERACIONES 2026/frontend/src/app/consolidados/[id]/page.tsx [Client Component SSR]
    ./Documents/REMUNERACIONES 2026/frontend/src/app/consolidados/[id]/page.tsx [Server Component] 
[browser] ./Documents/REMUNERACIONES 2026/frontend/src/app/consolidados/[id]/page.tsx:529:5
Expression expected
  527 |   );
  528 | }
> 529 |     </div>
      |     ^
  530 |   );
  531 | }
  532 |

Parsing ecmascript source code failed

Import traces:
  Client Component Browser:
    ./Documents/REMUNERACIONES 2026/frontend/src/app/consolidados/[id]/page.tsx [Client Component Browser]
    ./Documents/REMUNERACIONES 2026/frontend/src/app/consolidados/[id]/page.tsx [Server Component]

  Client Component SSR:
    ./Documents/REMUNERACIONES 2026/frontend/src/app/consolidados/[id]/page.tsx [Client Component SSR]
    ./Documents/REMUNERACIONES 2026/frontend/src/app/consolidados/[id]/page.tsx [Server Component] 
[browser] ./Documents/REMUNERACIONES 2026/frontend/src/app/consolidados/[id]/page.tsx:529:6
Unterminated regexp literal
  527 |   );
  528 | }
> 529 |     </div>
      |      ^^^^^
  530 |   );
  531 | }
  532 |

Parsing ecmascript source code failed

Import traces:
  Client Component Browser:
    ./Documents/REMUNERACIONES 2026/frontend/src/app/consolidados/[id]/page.tsx [Client Component Browser]
    ./Documents/REMUNERACIONES 2026/frontend/src/app/consolidados/[id]/page.tsx [Server Component]

  Client Component SSR:
    ./Documents/REMUNERACIONES 2026/frontend/src/app/consolidados/[id]/page.tsx [Client Component SSR]
    ./Documents/REMUNERACIONES 2026/frontend/src/app/consolidados/[id]/page.tsx [Server Component] 
[browser] ./Documents/REMUNERACIONES 2026/frontend/src/app/consolidados/[id]/page.tsx:529:6
Unterminated regexp literal
  527 |   );
  528 | }
> 529 |     </div>
      |      ^^^^^
  530 |   );
  531 | }
  532 |

Parsing ecmascript source code failed

Import traces:
  Client Component Browser:
    ./Documents/REMUNERACIONES 2026/frontend/src/app/consolidados/[id]/page.tsx [Client Component Browser]
    ./Documents/REMUNERACIONES 2026/frontend/src/app/consolidados/[id]/page.tsx [Server Component]

  Client Component SSR:
    ./Documents/REMUNERACIONES 2026/frontend/src/app/consolidados/[id]/page.tsx [Client Component SSR]
    ./Documents/REMUNERACIONES 2026/frontend/src/app/consolidados/[id]/page.tsx [Server Component] 
[browser] ./Documents/REMUNERACIONES 2026/frontend/src/app/consolidados/[id]/page.tsx:529:6
Unterminated regexp literal
  527 |   );
  528 | }
> 529 |     </div>
      |      ^^^^^
  530 |   );
  531 | }
  532 |

Parsing ecmascript source code failed

Import traces:
  Client Component Browser:
    ./Documents/REMUNERACIONES 2026/frontend/src/app/consolidados/[id]/page.tsx [Client Component Browser]
    ./Documents/REMUNERACIONES 2026/frontend/src/app/consolidados/[id]/page.tsx [Server Component]

  Client Component SSR:
    ./Documents/REMUNERACIONES 2026/frontend/src/app/consolidados/[id]/page.tsx [Client Component SSR]
    ./Documents/REMUNERACIONES 2026/frontend/src/app/consolidados/[id]/page.tsx [Server Component] 
[browser] ./Documents/REMUNERACIONES 2026/frontend/src/app/consolidados/[id]/page.tsx:529:5
Expression expected
  527 |   );
  528 | }
> 529 |     </div>
      |     ^
  530 |   );
  531 | }
  532 |

Parsing ecmascript source code failed

Import traces:
  Client Component Browser:
    ./Documents/REMUNERACIONES 2026/frontend/src/app/consolidados/[id]/page.tsx [Client Component Browser]
    ./Documents/REMUNERACIONES 2026/frontend/src/app/consolidados/[id]/page.tsx [Server Component]

  Client Component SSR:
    ./Documents/REMUNERACIONES 2026/frontend/src/app/consolidados/[id]/page.tsx [Client Component SSR]
    ./Documents/REMUNERACIONES 2026/frontend/src/app/consolidados/[id]/page.tsx [Server Component] 
[browser] ./Documents/REMUNERACIONES 2026/frontend/src/app/consolidados/[id]/page.tsx:529:5
Expression expected
  527 |   );
  528 | }
> 529 |     </div>
      |     ^
  530 |   );
  531 | }
  532 |

Parsing ecmascript source code failed

Import traces:
  Client Component Browser:
    ./Documents/REMUNERACIONES 2026/frontend/src/app/consolidados/[id]/page.tsx [Client Component Browser]
    ./Documents/REMUNERACIONES 2026/frontend/src/app/consolidados/[id]/page.tsx [Server Component]

  Client Component SSR:
    ./Documents/REMUNERACIONES 2026/frontend/src/app/consolidados/[id]/page.tsx [Client Component SSR]
    ./Documents/REMUNERACIONES 2026/frontend/src/app/consolidados/[id]/page.tsx [Server Component] 
[browser] ./Documents/REMUNERACIONES 2026/frontend/src/app/consolidados/[id]/page.tsx:529:5
Expression expected
  527 |   );
  528 | }
> 529 |     </div>
      |     ^
  530 |   );
  531 | }
  532 |

Parsing ecmascript source code failed

Import traces:
  Client Component Browser:
    ./Documents/REMUNERACIONES 2026/frontend/src/app/consolidados/[id]/page.tsx [Client Component Browser]
    ./Documents/REMUNERACIONES 2026/frontend/src/app/consolidados/[id]/page.tsx [Server Component]

  Client Component SSR:
    ./Documents/REMUNERACIONES 2026/frontend/src/app/consolidados/[id]/page.tsx [Client Component SSR]
    ./Documents/REMUNERACIONES 2026/frontend/src/app/consolidados/[id]/page.tsx [Server Component] 
[browser] ./Documents/REMUNERACIONES 2026/frontend/src/app/consolidados/[id]/page.tsx:529:6
Unterminated regexp literal
  527 |   );
  528 | }
> 529 |     </div>
      |      ^^^^^
  530 |   );
  531 | }
  532 |

Parsing ecmascript source code failed

Import traces:
  Client Component Browser:
    ./Documents/REMUNERACIONES 2026/frontend/src/app/consolidados/[id]/page.tsx [Client Component Browser]
    ./Documents/REMUNERACIONES 2026/frontend/src/app/consolidados/[id]/page.tsx [Server Component]

  Client Component SSR:
    ./Documents/REMUNERACIONES 2026/frontend/src/app/consolidados/[id]/page.tsx [Client Component SSR]
    ./Documents/REMUNERACIONES 2026/frontend/src/app/consolidados/[id]/page.tsx [Server Component] 
[browser] ./Documents/REMUNERACIONES 2026/frontend/src/app/consolidados/[id]/page.tsx:529:6
Unterminated regexp literal
  527 |   );
  528 | }
> 529 |     </div>
      |      ^^^^^
  530 |   );
  531 | }
  532 |

Parsing ecmascript source code failed

Import traces:
  Client Component Browser:
    ./Documents/REMUNERACIONES 2026/frontend/src/app/consolidados/[id]/page.tsx [Client Component Browser]
    ./Documents/REMUNERACIONES 2026/frontend/src/app/consolidados/[id]/page.tsx [Server Component]

  Client Component SSR:
    ./Documents/REMUNERACIONES 2026/frontend/src/app/consolidados/[id]/page.tsx [Client Component SSR]
    ./Documents/REMUNERACIONES 2026/frontend/src/app/consolidados/[id]/page.tsx [Server Component] 
[browser] ./Documents/REMUNERACIONES 2026/frontend/src/app/consolidados/[id]/page.tsx:529:6
Unterminated regexp literal
  527 |   );
  528 | }
> 529 |     </div>
      |      ^^^^^
  530 |   );
  531 | }
  532 |

Parsing ecmascript source code failed

Import traces:
  Client Component Browser:
    ./Documents/REMUNERACIONES 2026/frontend/src/app/consolidados/[id]/page.tsx [Client Component Browser]
    ./Documents/REMUNERACIONES 2026/frontend/src/app/consolidados/[id]/page.tsx [Server Component]

  Client Component SSR:
    ./Documents/REMUNERACIONES 2026/frontend/src/app/consolidados/[id]/page.tsx [Client Component SSR]
    ./Documents/REMUNERACIONES 2026/frontend/src/app/consolidados/[id]/page.tsx [Server Component] 
[browser] ./Documents/REMUNERACIONES 2026/frontend/src/app/consolidados/[id]/page.tsx:529:5
Expression expected
  527 |   );
  528 | }
> 529 |     </div>
      |     ^
  530 |   );
  531 | }
  532 |

Parsing ecmascript source code failed

Import traces:
  Client Component Browser:
    ./Documents/REMUNERACIONES 2026/frontend/src/app/consolidados/[id]/page.tsx [Client Component Browser]
    ./Documents/REMUNERACIONES 2026/frontend/src/app/consolidados/[id]/page.tsx [Server Component]

  Client Component SSR:
    ./Documents/REMUNERACIONES 2026/frontend/src/app/consolidados/[id]/page.tsx [Client Component SSR]
    ./Documents/REMUNERACIONES 2026/frontend/src/app/consolidados/[id]/page.tsx [Server Component] 
[browser] ./Documents/REMUNERACIONES 2026/frontend/src/app/consolidados/[id]/page.tsx:529:5
Expression expected
  527 |   );
  528 | }
> 529 |     </div>
      |     ^
  530 |   );
  531 | }
  532 |

Parsing ecmascript source code failed

Import traces:
  Client Component Browser:
    ./Documents/REMUNERACIONES 2026/frontend/src/app/consolidados/[id]/page.tsx [Client Component Browser]
    ./Documents/REMUNERACIONES 2026/frontend/src/app/consolidados/[id]/page.tsx [Server Component]

  Client Component SSR:
    ./Documents/REMUNERACIONES 2026/frontend/src/app/consolidados/[id]/page.tsx [Client Component SSR]
    ./Documents/REMUNERACIONES 2026/frontend/src/app/consolidados/[id]/page.tsx [Server Component] 
[browser] ./Documents/REMUNERACIONES 2026/frontend/src/app/consolidados/[id]/page.tsx:529:5
Expression expected
  527 |   );
  528 | }
> 529 |     </div>
      |     ^
  530 |   );
  531 | }
  532 |

Parsing ecmascript source code failed

Import traces:
  Client Component Browser:
    ./Documents/REMUNERACIONES 2026/frontend/src/app/consolidados/[id]/page.tsx [Client Component Browser]
    ./Documents/REMUNERACIONES 2026/frontend/src/app/consolidados/[id]/page.tsx [Server Component]

  Client Component SSR:
    ./Documents/REMUNERACIONES 2026/frontend/src/app/consolidados/[id]/page.tsx [Client Component SSR]
    ./Documents/REMUNERACIONES 2026/frontend/src/app/consolidados/[id]/page.tsx [Server Component] 
[browser] ./Documents/REMUNERACIONES 2026/frontend/src/app/consolidados/[id]/page.tsx:529:6
Unterminated regexp literal
  527 |   );
  528 | }
> 529 |     </div>
      |      ^^^^^
  530 |   );
  531 | }
  532 |

Parsing ecmascript source code failed

Import traces:
  Client Component Browser:
    ./Documents/REMUNERACIONES 2026/frontend/src/app/consolidados/[id]/page.tsx [Client Component Browser]
    ./Documents/REMUNERACIONES 2026/frontend/src/app/consolidados/[id]/page.tsx [Server Component]

  Client Component SSR:
    ./Documents/REMUNERACIONES 2026/frontend/src/app/consolidados/[id]/page.tsx [Client Component SSR]
    ./Documents/REMUNERACIONES 2026/frontend/src/app/consolidados/[id]/page.tsx [Server Component] 
[browser] ./Documents/REMUNERACIONES 2026/frontend/src/app/consolidados/[id]/page.tsx:529:6
Unterminated regexp literal
  527 |   );
  528 | }
> 529 |     </div>
      |      ^^^^^
  530 |   );
  531 | }
  532 |

Parsing ecmascript source code failed

Import traces:
  Client Component Browser:
    ./Documents/REMUNERACIONES 2026/frontend/src/app/consolidados/[id]/page.tsx [Client Component Browser]
    ./Documents/REMUNERACIONES 2026/frontend/src/app/consolidados/[id]/page.tsx [Server Component]

  Client Component SSR:
    ./Documents/REMUNERACIONES 2026/frontend/src/app/consolidados/[id]/page.tsx [Client Component SSR]
    ./Documents/REMUNERACIONES 2026/frontend/src/app/consolidados/[id]/page.tsx [Server Component] 
[browser] ./Documents/REMUNERACIONES 2026/frontend/src/app/consolidados/[id]/page.tsx:529:6
Unterminated regexp literal
  527 |   );
  528 | }
> 529 |     </div>
      |      ^^^^^
  530 |   );
  531 | }
  532 |

Parsing ecmascript source code failed

Import traces:
  Client Component Browser:
    ./Documents/REMUNERACIONES 2026/frontend/src/app/consolidados/[id]/page.tsx [Client Component Browser]
    ./Documents/REMUNERACIONES 2026/frontend/src/app/consolidados/[id]/page.tsx [Server Component]

  Client Component SSR:
    ./Documents/REMUNERACIONES 2026/frontend/src/app/consolidados/[id]/page.tsx [Client Component SSR]
    ./Documents/REMUNERACIONES 2026/frontend/src/app/consolidados/[id]/page.tsx [Server Component] 
[browser] ./Documents/REMUNERACIONES 2026/frontend/src/app/consolidados/[id]/page.tsx:529:5
Expression expected
  527 |   );
  528 | }
> 529 |     </div>
      |     ^
  530 |   );
  531 | }
  532 |

Parsing ecmascript source code failed

Import traces:
  Client Component Browser:
    ./Documents/REMUNERACIONES 2026/frontend/src/app/consolidados/[id]/page.tsx [Client Component Browser]
    ./Documents/REMUNERACIONES 2026/frontend/src/app/consolidados/[id]/page.tsx [Server Component]

  Client Component SSR:
    ./Documents/REMUNERACIONES 2026/frontend/src/app/consolidados/[id]/page.tsx [Client Component SSR]
    ./Documents/REMUNERACIONES 2026/frontend/src/app/consolidados/[id]/page.tsx [Server Component] 
[browser] ./Documents/REMUNERACIONES 2026/frontend/src/app/consolidados/[id]/page.tsx:529:6
Unterminated regexp literal
  527 |   );
  528 | }
> 529 |     </div>
      |      ^^^^^
  530 |   );
  531 | }
  532 |

Parsing ecmascript source code failed

Import traces:
  Client Component Browser:
    ./Documents/REMUNERACIONES 2026/frontend/src/app/consolidados/[id]/page.tsx [Client Component Browser]
    ./Documents/REMUNERACIONES 2026/frontend/src/app/consolidados/[id]/page.tsx [Server Component]

  Client Component SSR:
    ./Documents/REMUNERACIONES 2026/frontend/src/app/consolidados/[id]/page.tsx [Client Component SSR]
    ./Documents/REMUNERACIONES 2026/frontend/src/app/consolidados/[id]/page.tsx [Server Component] 
[browser] ./Documents/REMUNERACIONES 2026/frontend/src/app/consolidados/[id]/page.tsx:529:5
Expression expected
  527 |   );
  528 | }
> 529 |     </div>
      |     ^
  530 |   );
  531 | }
  532 |

Parsing ecmascript source code failed

Import traces:
  Client Component Browser:
    ./Documents/REMUNERACIONES 2026/frontend/src/app/consolidados/[id]/page.tsx [Client Component Browser]
    ./Documents/REMUNERACIONES 2026/frontend/src/app/consolidados/[id]/page.tsx [Server Component]

  Client Component SSR:
    ./Documents/REMUNERACIONES 2026/frontend/src/app/consolidados/[id]/page.tsx [Client Component SSR]
    ./Documents/REMUNERACIONES 2026/frontend/src/app/consolidados/[id]/page.tsx [Server Component] 
[browser] ./Documents/REMUNERACIONES 2026/frontend/src/app/consolidados/[id]/page.tsx:529:6
Unterminated regexp literal
  527 |   );
  528 | }
> 529 |     </div>
      |      ^^^^^
  530 |   );
  531 | }
  532 |

Parsing ecmascript source code failed

Import traces:
  Client Component Browser:
    ./Documents/REMUNERACIONES 2026/frontend/src/app/consolidados/[id]/page.tsx [Client Component Browser]
    ./Documents/REMUNERACIONES 2026/frontend/src/app/consolidados/[id]/page.tsx [Server Component]

  Client Component SSR:
    ./Documents/REMUNERACIONES 2026/frontend/src/app/consolidados/[id]/page.tsx [Client Component SSR]
    ./Documents/REMUNERACIONES 2026/frontend/src/app/consolidados/[id]/page.tsx [Server Component] 
[browser] ./Documents/REMUNERACIONES 2026/frontend/src/app/consolidados/[id]/page.tsx:529:5
Expression expected
  527 |   );
  528 | }
> 529 |     </div>
      |     ^
  530 |   );
  531 | }
  532 |

Parsing ecmascript source code failed

Import traces:
  Client Component Browser:
    ./Documents/REMUNERACIONES 2026/frontend/src/app/consolidados/[id]/page.tsx [Client Component Browser]
    ./Documents/REMUNERACIONES 2026/frontend/src/app/consolidados/[id]/page.tsx [Server Component]

  Client Component SSR:
    ./Documents/REMUNERACIONES 2026/frontend/src/app/consolidados/[id]/page.tsx [Client Component SSR]
    ./Documents/REMUNERACIONES 2026/frontend/src/app/consolidados/[id]/page.tsx [Server Component] 
[browser] ./Documents/REMUNERACIONES 2026/frontend/src/app/consolidados/[id]/page.tsx:529:6
Unterminated regexp literal
  527 |   );
  528 | }
> 529 |     </div>
      |      ^^^^^
  530 |   );
  531 | }
  532 |

Parsing ecmascript source code failed

Import traces:
  Client Component Browser:
    ./Documents/REMUNERACIONES 2026/frontend/src/app/consolidados/[id]/page.tsx [Client Component Browser]
    ./Documents/REMUNERACIONES 2026/frontend/src/app/consolidados/[id]/page.tsx [Server Component]

  Client Component SSR:
    ./Documents/REMUNERACIONES 2026/frontend/src/app/consolidados/[id]/page.tsx [Client Component SSR]
    ./Documents/REMUNERACIONES 2026/frontend/src/app/consolidados/[id]/page.tsx [Server Component] 
[browser] ./Documents/REMUNERACIONES 2026/frontend/src/app/consolidados/[id]/page.tsx:529:5
Expression expected
  527 |   );
  528 | }
> 529 |     </div>
      |     ^
  530 |   );
  531 | }
  532 |

Parsing ecmascript source code failed

Import traces:
  Client Component Browser:
    ./Documents/REMUNERACIONES 2026/frontend/src/app/consolidados/[id]/page.tsx [Client Component Browser]
    ./Documents/REMUNERACIONES 2026/frontend/src/app/consolidados/[id]/page.tsx [Server Component]

  Client Component SSR:
    ./Documents/REMUNERACIONES 2026/frontend/src/app/consolidados/[id]/page.tsx [Client Component SSR]
    ./Documents/REMUNERACIONES 2026/frontend/src/app/consolidados/[id]/page.tsx [Server Component] 
[browser] ./Documents/REMUNERACIONES 2026/frontend/src/app/consolidados/[id]/page.tsx:529:6
Unterminated regexp literal
  527 |   );
  528 | }
> 529 |     </div>
      |      ^^^^^
  530 |   );
  531 | }
  532 |

Parsing ecmascript source code failed

Import traces:
  Client Component Browser:
    ./Documents/REMUNERACIONES 2026/frontend/src/app/consolidados/[id]/page.tsx [Client Component Browser]
    ./Documents/REMUNERACIONES 2026/frontend/src/app/consolidados/[id]/page.tsx [Server Component]

  Client Component SSR:
    ./Documents/REMUNERACIONES 2026/frontend/src/app/consolidados/[id]/page.tsx [Client Component SSR]
    ./Documents/REMUNERACIONES 2026/frontend/src/app/consolidados/[id]/page.tsx [Server Component] 
[browser] ./Documents/REMUNERACIONES 2026/frontend/src/app/consolidados/[id]/page.tsx:529:5
Expression expected
  527 |   );
  528 | }
> 529 |     </div>
      |     ^
  530 |   );
  531 | }
  532 |

Parsing ecmascript source code failed

Import traces:
  Client Component Browser:
    ./Documents/REMUNERACIONES 2026/frontend/src/app/consolidados/[id]/page.tsx [Client Component Browser]
    ./Documents/REMUNERACIONES 2026/frontend/src/app/consolidados/[id]/page.tsx [Server Component]

  Client Component SSR:
    ./Documents/REMUNERACIONES 2026/frontend/src/app/consolidados/[id]/page.tsx [Client Component SSR]
    ./Documents/REMUNERACIONES 2026/frontend/src/app/consolidados/[id]/page.tsx [Server Component] 
[browser] ./Documents/REMUNERACIONES 2026/frontend/src/app/consolidados/[id]/page.tsx:529:6
Unterminated regexp literal
  527 |   );
  528 | }
> 529 |     </div>
      |      ^^^^^
  530 |   );
  531 | }
  532 |

Parsing ecmascript source code failed

Import traces:
  Client Component Browser:
    ./Documents/REMUNERACIONES 2026/frontend/src/app/consolidados/[id]/page.tsx [Client Component Browser]
    ./Documents/REMUNERACIONES 2026/frontend/src/app/consolidados/[id]/page.tsx [Server Component]

  Client Component SSR:
    ./Documents/REMUNERACIONES 2026/frontend/src/app/consolidados/[id]/page.tsx [Client Component SSR]
    ./Documents/REMUNERACIONES 2026/frontend/src/app/consolidados/[id]/page.tsx [Server Component] 
[browser] ./Documents/REMUNERACIONES 2026/frontend/src/app/consolidados/[id]/page.tsx:529:5
Expression expected
  527 |   );
  528 | }
> 529 |     </div>
      |     ^
  530 |   );
  531 | }
  532 |

Parsing ecmascript source code failed

Import traces:
  Client Component Browser:
    ./Documents/REMUNERACIONES 2026/frontend/src/app/consolidados/[id]/page.tsx [Client Component Browser]
    ./Documents/REMUNERACIONES 2026/frontend/src/app/consolidados/[id]/page.tsx [Server Component]

  Client Component SSR:
    ./Documents/REMUNERACIONES 2026/frontend/src/app/consolidados/[id]/page.tsx [Client Component SSR]
    ./Documents/REMUNERACIONES 2026/frontend/src/app/consolidados/[id]/page.tsx [Server Component] 
[browser] ./Documents/REMUNERACIONES 2026/frontend/src/app/consolidados/[id]/page.tsx:529:6
Unterminated regexp literal
  527 |   );
  528 | }
> 529 |     </div>
      |      ^^^^^
  530 |   );
  531 | }
  532 |

Parsing ecmascript source code failed

Import traces:
  Client Component Browser:
    ./Documents/REMUNERACIONES 2026/frontend/src/app/consolidados/[id]/page.tsx [Client Component Browser]
    ./Documents/REMUNERACIONES 2026/frontend/src/app/consolidados/[id]/page.tsx [Server Component]

  Client Component SSR:
    ./Documents/REMUNERACIONES 2026/frontend/src/app/consolidados/[id]/page.tsx [Client Component SSR]
    ./Documents/REMUNERACIONES 2026/frontend/src/app/consolidados/[id]/page.tsx [Server Component] 
[browser] ./Documents/REMUNERACIONES 2026/frontend/src/app/consolidados/[id]/page.tsx:529:5
Expression expected
  527 |   );
  528 | }
> 529 |     </div>
      |     ^
  530 |   );
  531 | }
  532 |

Parsing ecmascript source code failed

Import traces:
  Client Component Browser:
    ./Documents/REMUNERACIONES 2026/frontend/src/app/consolidados/[id]/page.tsx [Client Component Browser]
    ./Documents/REMUNERACIONES 2026/frontend/src/app/consolidados/[id]/page.tsx [Server Component]

  Client Component SSR:
    ./Documents/REMUNERACIONES 2026/frontend/src/app/consolidados/[id]/page.tsx [Client Component SSR]
    ./Documents/REMUNERACIONES 2026/frontend/src/app/consolidados/[id]/page.tsx [Server Component] 
[browser] ./Documents/REMUNERACIONES 2026/frontend/src/app/consolidados/[id]/page.tsx:529:6
Unterminated regexp literal
  527 |   );
  528 | }
> 529 |     </div>
      |      ^^^^^
  530 |   );
  531 | }
  532 |

Parsing ecmascript source code failed

Import traces:
  Client Component Browser:
    ./Documents/REMUNERACIONES 2026/frontend/src/app/consolidados/[id]/page.tsx [Client Component Browser]
    ./Documents/REMUNERACIONES 2026/frontend/src/app/consolidados/[id]/page.tsx [Server Component]

  Client Component SSR:
    ./Documents/REMUNERACIONES 2026/frontend/src/app/consolidados/[id]/page.tsx [Client Component SSR]
    ./Documents/REMUNERACIONES 2026/frontend/src/app/consolidados/[id]/page.tsx [Server Component] 
[browser] ./Documents/REMUNERACIONES 2026/frontend/src/app/consolidados/[id]/page.tsx:529:5
Expression expected
  527 |   );
  528 | }
> 529 |     </div>
      |     ^
  530 |   );
  531 | }
  532 |

Parsing ecmascript source code failed

Import traces:
  Client Component Browser:
    ./Documents/REMUNERACIONES 2026/frontend/src/app/consolidados/[id]/page.tsx [Client Component Browser]
    ./Documents/REMUNERACIONES 2026/frontend/src/app/consolidados/[id]/page.tsx [Server Component]

  Client Component SSR:
    ./Documents/REMUNERACIONES 2026/frontend/src/app/consolidados/[id]/page.tsx [Client Component SSR]
    ./Documents/REMUNERACIONES 2026/frontend/src/app/consolidados/[id]/page.tsx [Server Component] 
[browser] ./Documents/REMUNERACIONES 2026/frontend/src/app/consolidados/[id]/page.tsx:529:6
Unterminated regexp literal
  527 |   );
  528 | }
> 529 |     </div>
      |      ^^^^^
  530 |   );
  531 | }
  532 |

Parsing ecmascript source code failed

Import traces:
  Client Component Browser:
    ./Documents/REMUNERACIONES 2026/frontend/src/app/consolidados/[id]/page.tsx [Client Component Browser]
    ./Documents/REMUNERACIONES 2026/frontend/src/app/consolidados/[id]/page.tsx [Server Component]

  Client Component SSR:
    ./Documents/REMUNERACIONES 2026/frontend/src/app/consolidados/[id]/page.tsx [Client Component SSR]
    ./Documents/REMUNERACIONES 2026/frontend/src/app/consolidados/[id]/page.tsx [Server Component] 
[browser] ./Documents/REMUNERACIONES 2026/frontend/src/app/consolidados/[id]/page.tsx:529:5
Expression expected
  527 |   );
  528 | }
> 529 |     </div>
      |     ^
  530 |   );
  531 | }
  532 |

Parsing ecmascript source code failed

Import traces:
  Client Component Browser:
    ./Documents/REMUNERACIONES 2026/frontend/src/app/consolidados/[id]/page.tsx [Client Component Browser]
    ./Documents/REMUNERACIONES 2026/frontend/src/app/consolidados/[id]/page.tsx [Server Component]

  Client Component SSR:
    ./Documents/REMUNERACIONES 2026/frontend/src/app/consolidados/[id]/page.tsx [Client Component SSR]
    ./Documents/REMUNERACIONES 2026/frontend/src/app/consolidados/[id]/page.tsx [Server Component] 
[browser] ./Documents/REMUNERACIONES 2026/frontend/src/app/consolidados/[id]/page.tsx:529:6
Unterminated regexp literal
  527 |   );
  528 | }
> 529 |     </div>
      |      ^^^^^
  530 |   );
  531 | }
  532 |

Parsing ecmascript source code failed

Import traces:
  Client Component Browser:
    ./Documents/REMUNERACIONES 2026/frontend/src/app/consolidados/[id]/page.tsx [Client Component Browser]
    ./Documents/REMUNERACIONES 2026/frontend/src/app/consolidados/[id]/page.tsx [Server Component]

  Client Component SSR:
    ./Documents/REMUNERACIONES 2026/frontend/src/app/consolidados/[id]/page.tsx [Client Component SSR]
    ./Documents/REMUNERACIONES 2026/frontend/src/app/consolidados/[id]/page.tsx [Server Component] 
[browser] ./Documents/REMUNERACIONES 2026/frontend/src/app/consolidados/[id]/page.tsx:529:5
Expression expected
  527 |   );
  528 | }
> 529 |     </div>
      |     ^
  530 |   );
  531 | }
  532 |

Parsing ecmascript source code failed

Import traces:
  Client Component Browser:
    ./Documents/REMUNERACIONES 2026/frontend/src/app/consolidados/[id]/page.tsx [Client Component Browser]
    ./Documents/REMUNERACIONES 2026/frontend/src/app/consolidados/[id]/page.tsx [Server Component]

  Client Component SSR:
    ./Documents/REMUNERACIONES 2026/frontend/src/app/consolidados/[id]/page.tsx [Client Component SSR]
    ./Documents/REMUNERACIONES 2026/frontend/src/app/consolidados/[id]/page.tsx [Server Component] 
[browser] ./Documents/REMUNERACIONES 2026/frontend/src/app/consolidados/[id]/page.tsx:529:6
Unterminated regexp literal
  527 |   );
  528 | }
> 529 |     </div>
      |      ^^^^^
  530 |   );
  531 | }
  532 |

Parsing ecmascript source code failed

Import traces:
  Client Component Browser:
    ./Documents/REMUNERACIONES 2026/frontend/src/app/consolidados/[id]/page.tsx [Client Component Browser]
    ./Documents/REMUNERACIONES 2026/frontend/src/app/consolidados/[id]/page.tsx [Server Component]

  Client Component SSR:
    ./Documents/REMUNERACIONES 2026/frontend/src/app/consolidados/[id]/page.tsx [Client Component SSR]
    ./Documents/REMUNERACIONES 2026/frontend/src/app/consolidados/[id]/page.tsx [Server Component] 
[browser] ./Documents/REMUNERACIONES 2026/frontend/src/app/consolidados/[id]/page.tsx:529:5
Expression expected
  527 |   );
  528 | }
> 529 |     </div>
      |     ^
  530 |   );
  531 | }
  532 |

Parsing ecmascript source code failed

Import traces:
  Client Component Browser:
    ./Documents/REMUNERACIONES 2026/frontend/src/app/consolidados/[id]/page.tsx [Client Component Browser]
    ./Documents/REMUNERACIONES 2026/frontend/src/app/consolidados/[id]/page.tsx [Server Component]

  Client Component SSR:
    ./Documents/REMUNERACIONES 2026/frontend/src/app/consolidados/[id]/page.tsx [Client Component SSR]
    ./Documents/REMUNERACIONES 2026/frontend/src/app/consolidados/[id]/page.tsx [Server Component] 
[browser] ./Documents/REMUNERACIONES 2026/frontend/src/app/consolidados/[id]/page.tsx:529:6
Unterminated regexp literal
  527 |   );
  528 | }
> 529 |     </div>
      |      ^^^^^
  530 |   );
  531 | }
  532 |

Parsing ecmascript source code failed

Import traces:
  Client Component Browser:
    ./Documents/REMUNERACIONES 2026/frontend/src/app/consolidados/[id]/page.tsx [Client Component Browser]
    ./Documents/REMUNERACIONES 2026/frontend/src/app/consolidados/[id]/page.tsx [Server Component]

  Client Component SSR:
    ./Documents/REMUNERACIONES 2026/frontend/src/app/consolidados/[id]/page.tsx [Client Component SSR]
    ./Documents/REMUNERACIONES 2026/frontend/src/app/consolidados/[id]/page.tsx [Server Component] 
 GET / 500 in 801ms (next.js: 665ms, application-code: 136ms)
[browser] ./Documents/REMUNERACIONES 2026/frontend/src/app/consolidados/[id]/page.tsx:529:5
Expression expected
  527 |   );
  528 | }
> 529 |     </div>
      |     ^
  530 |   );
  531 | }
  532 |

Parsing ecmascript source code failed

Import traces:
  Client Component Browser:
    ./Documents/REMUNERACIONES 2026/frontend/src/app/consolidados/[id]/page.tsx [Client Component Browser]
    ./Documents/REMUNERACIONES 2026/frontend/src/app/consolidados/[id]/page.tsx [Server Component]

  Client Component SSR:
    ./Documents/REMUNERACIONES 2026/frontend/src/app/consolidados/[id]/page.tsx [Client Component SSR]
    ./Documents/REMUNERACIONES 2026/frontend/src/app/consolidados/[id]/page.tsx [Server Component] 
[browser] ./Documents/REMUNERACIONES 2026/frontend/src/app/consolidados/[id]/page.tsx:529:6
Unterminated regexp literal
  527 |   );
  528 | }
> 529 |     </div>
      |      ^^^^^
  530 |   );
  531 | }
  532 |

Parsing ecmascript source code failed

Import traces:
  Client Component Browser:
    ./Documents/REMUNERACIONES 2026/frontend/src/app/consolidados/[id]/page.tsx [Client Component Browser]
    ./Documents/REMUNERACIONES 2026/frontend/src/app/consolidados/[id]/page.tsx [Server Component]

  Client Component SSR:
    ./Documents/REMUNERACIONES 2026/frontend/src/app/consolidados/[id]/page.tsx [Client Component SSR]
    ./Documents/REMUNERACIONES 2026/frontend/src/app/consolidados/[id]/page.tsx [Server Component] 
[browser] ./Documents/REMUNERACIONES 2026/frontend/src/app/consolidados/[id]/page.tsx:529:5
Expression expected
  527 |   );
  528 | }
> 529 |     </div>
      |     ^
  530 |   );
  531 | }
  532 |

Parsing ecmascript source code failed

Import traces:
  Client Component Browser:
    ./Documents/REMUNERACIONES 2026/frontend/src/app/consolidados/[id]/page.tsx [Client Component Browser]
    ./Documents/REMUNERACIONES 2026/frontend/src/app/consolidados/[id]/page.tsx [Server Component]

  Client Component SSR:
    ./Documents/REMUNERACIONES 2026/frontend/src/app/consolidados/[id]/page.tsx [Client Component SSR]
    ./Documents/REMUNERACIONES 2026/frontend/src/app/consolidados/[id]/page.tsx [Server Component] 
[browser] ./Documents/REMUNERACIONES 2026/frontend/src/app/consolidados/[id]/page.tsx:529:6
Unterminated regexp literal
  527 |   );
  528 | }
> 529 |     </div>
      |      ^^^^^
  530 |   );
  531 | }
  532 |

Parsing ecmascript source code failed

Import traces:
  Client Component Browser:
    ./Documents/REMUNERACIONES 2026/frontend/src/app/consolidados/[id]/page.tsx [Client Component Browser]
    ./Documents/REMUNERACIONES 2026/frontend/src/app/consolidados/[id]/page.tsx [Server Component]

  Client Component SSR:
    ./Documents/REMUNERACIONES 2026/frontend/src/app/consolidados/[id]/page.tsx [Client Component SSR]
    ./Documents/REMUNERACIONES 2026/frontend/src/app/consolidados/[id]/page.tsx [Server Component] 
[browser] Uncaught Error: ./Documents/REMUNERACIONES 2026/frontend/src/app/consolidados/[id]/page.tsx:529:5
Expression expected
  527 |   );
  528 | }
> 529 |     </div>
      |     ^
  530 |   );
  531 | }
  532 |

Parsing ecmascript source code failed

Import traces:
  Client Component Browser:
    ./Documents/REMUNERACIONES 2026/frontend/src/app/consolidados/[id]/page.tsx [Client Component Browser]
    ./Documents/REMUNERACIONES 2026/frontend/src/app/consolidados/[id]/page.tsx [Server Component]

  Client Component SSR:
    ./Documents/REMUNERACIONES 2026/frontend/src/app/consolidados/[id]/page.tsx [Client Component SSR]
    ./Documents/REMUNERACIONES 2026/frontend/src/app/consolidados/[id]/page.tsx [Server Component]


    at <unknown> (Error: ./Documents/REMUNERACIONES 2026/frontend/src/app/consolidados/[id]/page.tsx:529:5)
    at <unknown> (Error: (./Documents/REMUNERACIONES 2026/frontend/src/app/consolidados/[id]/page.tsx:529:5)
[browser] ./Documents/REMUNERACIONES 2026/frontend/src/app/consolidados/[id]/page.tsx:529:5
Expression expected
  527 |   );
  528 | }
> 529 |     </div>
      |     ^
  530 |   );
  531 | }
  532 |

Parsing ecmascript source code failed

Import traces:
  Client Component Browser:
    ./Documents/REMUNERACIONES 2026/frontend/src/app/consolidados/[id]/page.tsx [Client Component Browser]
    ./Documents/REMUNERACIONES 2026/frontend/src/app/consolidados/[id]/page.tsx [Server Component]

  Client Component SSR:
    ./Documents/REMUNERACIONES 2026/frontend/src/app/consolidados/[id]/page.tsx [Client Component SSR]
    ./Documents/REMUNERACIONES 2026/frontend/src/app/consolidados/[id]/page.tsx [Server Component] 
[browser] ./Documents/REMUNERACIONES 2026/frontend/src/app/consolidados/[id]/page.tsx:529:6
Unterminated regexp literal
  527 |   );
  528 | }
> 529 |     </div>
      |      ^^^^^
  530 |   );
  531 | }
  532 |

Parsing ecmascript source code failed

Import traces:
  Client Component Browser:
    ./Documents/REMUNERACIONES 2026/frontend/src/app/consolidados/[id]/page.tsx [Client Component Browser]
    ./Documents/REMUNERACIONES 2026/frontend/src/app/consolidados/[id]/page.tsx [Server Component]

  Client Component SSR:
    ./Documents/REMUNERACIONES 2026/frontend/src/app/consolidados/[id]/page.tsx [Client Component SSR]
    ./Documents/REMUNERACIONES 2026/frontend/src/app/consolidados/[id]/page.tsx [Server Component] 
[browser] ./Documents/REMUNERACIONES 2026/frontend/src/app/consolidados/[id]/page.tsx:529:5
Expression expected
  527 |   );
  528 | }
> 529 |     </div>
      |     ^
  530 |   );
  531 | }
  532 |

Parsing ecmascript source code failed

Import traces:
  Client Component Browser:
    ./Documents/REMUNERACIONES 2026/frontend/src/app/consolidados/[id]/page.tsx [Client Component Browser]
    ./Documents/REMUNERACIONES 2026/frontend/src/app/consolidados/[id]/page.tsx [Server Component]

  Client Component SSR:
    ./Documents/REMUNERACIONES 2026/frontend/src/app/consolidados/[id]/page.tsx [Client Component SSR]
    ./Documents/REMUNERACIONES 2026/frontend/src/app/consolidados/[id]/page.tsx [Server Component] 
[browser] ./Documents/REMUNERACIONES 2026/frontend/src/app/consolidados/[id]/page.tsx:529:6
Unterminated regexp literal
  527 |   );
  528 | }
> 529 |     </div>
      |      ^^^^^
  530 |   );
  531 | }
  532 |

Parsing ecmascript source code failed

Import traces:
  Client Component Browser:
    ./Documents/REMUNERACIONES 2026/frontend/src/app/consolidados/[id]/page.tsx [Client Component Browser]
    ./Documents/REMUNERACIONES 2026/frontend/src/app/consolidados/[id]/page.tsx [Server Component]

  Client Component SSR:
    ./Documents/REMUNERACIONES 2026/frontend/src/app/consolidados/[id]/page.tsx [Client Component SSR]
    ./Documents/REMUNERACIONES 2026/frontend/src/app/consolidados/[id]/page.tsx [Server Component] 
[browser] ./Documents/REMUNERACIONES 2026/frontend/src/app/consolidados/[id]/page.tsx:529:5
Expression expected
  527 |   );
  528 | }
> 529 |     </div>
      |     ^
  530 |   );
  531 | }
  532 |

Parsing ecmascript source code failed

Import traces:
  Client Component Browser:
    ./Documents/REMUNERACIONES 2026/frontend/src/app/consolidados/[id]/page.tsx [Client Component Browser]
    ./Documents/REMUNERACIONES 2026/frontend/src/app/consolidados/[id]/page.tsx [Server Component]

  Client Component SSR:
    ./Documents/REMUNERACIONES 2026/frontend/src/app/consolidados/[id]/page.tsx [Client Component SSR]
    ./Documents/REMUNERACIONES 2026/frontend/src/app/consolidados/[id]/page.tsx [Server Component] 
[browser] ./Documents/REMUNERACIONES 2026/frontend/src/app/consolidados/[id]/page.tsx:529:6
Unterminated regexp literal
  527 |   );
  528 | }
> 529 |     </div>
      |      ^^^^^
  530 |   );
  531 | }
  532 |

Parsing ecmascript source code failed

Import traces:
  Client Component Browser:
    ./Documents/REMUNERACIONES 2026/frontend/src/app/consolidados/[id]/page.tsx [Client Component Browser]
    ./Documents/REMUNERACIONES 2026/frontend/src/app/consolidados/[id]/page.tsx [Server Component]

  Client Component SSR:
    ./Documents/REMUNERACIONES 2026/frontend/src/app/consolidados/[id]/page.tsx [Client Component SSR]
    ./Documents/REMUNERACIONES 2026/frontend/src/app/consolidados/[id]/page.tsx [Server Component] 
[browser] ./Documents/REMUNERACIONES 2026/frontend/src/app/consolidados/[id]/page.tsx:529:5
Expression expected
  527 |   );
  528 | }
> 529 |     </div>
      |     ^
  530 |   );
  531 | }
  532 |

Parsing ecmascript source code failed

Import traces:
  Client Component Browser:
    ./Documents/REMUNERACIONES 2026/frontend/src/app/consolidados/[id]/page.tsx [Client Component Browser]
    ./Documents/REMUNERACIONES 2026/frontend/src/app/consolidados/[id]/page.tsx [Server Component]

  Client Component SSR:
    ./Documents/REMUNERACIONES 2026/frontend/src/app/consolidados/[id]/page.tsx [Client Component SSR]
    ./Documents/REMUNERACIONES 2026/frontend/src/app/consolidados/[id]/page.tsx [Server Component] 
[browser] ./Documents/REMUNERACIONES 2026/frontend/src/app/consolidados/[id]/page.tsx:529:6
Unterminated regexp literal
  527 |   );
  528 | }
> 529 |     </div>
      |      ^^^^^
  530 |   );
  531 | }
  532 |

Parsing ecmascript source code failed

Import traces:
  Client Component Browser:
    ./Documents/REMUNERACIONES 2026/frontend/src/app/consolidados/[id]/page.tsx [Client Component Browser]
    ./Documents/REMUNERACIONES 2026/frontend/src/app/consolidados/[id]/page.tsx [Server Component]

  Client Component SSR:
    ./Documents/REMUNERACIONES 2026/frontend/src/app/consolidados/[id]/page.tsx [Client Component SSR]
    ./Documents/REMUNERACIONES 2026/frontend/src/app/consolidados/[id]/page.tsx [Server Component] 
[browser] ./Documents/REMUNERACIONES 2026/frontend/src/app/consolidados/[id]/page.tsx:529:5
Expression expected
  527 |   );
  528 | }
> 529 |     </div>
      |     ^
  530 |   );
  531 | }
  532 |

Parsing ecmascript source code failed

Import traces:
  Client Component Browser:
    ./Documents/REMUNERACIONES 2026/frontend/src/app/consolidados/[id]/page.tsx [Client Component Browser]
    ./Documents/REMUNERACIONES 2026/frontend/src/app/consolidados/[id]/page.tsx [Server Component]

  Client Component SSR:
    ./Documents/REMUNERACIONES 2026/frontend/src/app/consolidados/[id]/page.tsx [Client Component SSR]
    ./Documents/REMUNERACIONES 2026/frontend/src/app/consolidados/[id]/page.tsx [Server Component] 
[browser] ./Documents/REMUNERACIONES 2026/frontend/src/app/consolidados/[id]/page.tsx:529:6
Unterminated regexp literal
  527 |   );
  528 | }
> 529 |     </div>
      |      ^^^^^
  530 |   );
  531 | }
  532 |

Parsing ecmascript source code failed

Import traces:
  Client Component Browser:
    ./Documents/REMUNERACIONES 2026/frontend/src/app/consolidados/[id]/page.tsx [Client Component Browser]
    ./Documents/REMUNERACIONES 2026/frontend/src/app/consolidados/[id]/page.tsx [Server Component]

  Client Component SSR:
    ./Documents/REMUNERACIONES 2026/frontend/src/app/consolidados/[id]/page.tsx [Client Component SSR]
    ./Documents/REMUNERACIONES 2026/frontend/src/app/consolidados/[id]/page.tsx [Server Component] 
[browser] ./Documents/REMUNERACIONES 2026/frontend/src/app/consolidados/[id]/page.tsx:529:5
Expression expected
  527 |   );
  528 | }
> 529 |     </div>
      |     ^
  530 |   );
  531 | }
  532 |

Parsing ecmascript source code failed

Import traces:
  Client Component Browser:
    ./Documents/REMUNERACIONES 2026/frontend/src/app/consolidados/[id]/page.tsx [Client Component Browser]
    ./Documents/REMUNERACIONES 2026/frontend/src/app/consolidados/[id]/page.tsx [Server Component]

  Client Component SSR:
    ./Documents/REMUNERACIONES 2026/frontend/src/app/consolidados/[id]/page.tsx [Client Component SSR]
    ./Documents/REMUNERACIONES 2026/frontend/src/app/consolidados/[id]/page.tsx [Server Component] 
[browser] ./Documents/REMUNERACIONES 2026/frontend/src/app/consolidados/[id]/page.tsx:529:6
Unterminated regexp literal
  527 |   );
  528 | }
> 529 |     </div>
      |      ^^^^^
  530 |   );
  531 | }
  532 |

Parsing ecmascript source code failed

Import traces:
  Client Component Browser:
    ./Documents/REMUNERACIONES 2026/frontend/src/app/consolidados/[id]/page.tsx [Client Component Browser]
    ./Documents/REMUNERACIONES 2026/frontend/src/app/consolidados/[id]/page.tsx [Server Component]

  Client Component SSR:
    ./Documents/REMUNERACIONES 2026/frontend/src/app/consolidados/[id]/page.tsx [Client Component SSR]
    ./Documents/REMUNERACIONES 2026/frontend/src/app/consolidados/[id]/page.tsx [Server Component] 
[browser] ./Documents/REMUNERACIONES 2026/frontend/src/app/consolidados/[id]/page.tsx:529:5
Expression expected
  527 |   );
  528 | }
> 529 |     </div>
      |     ^
  530 |   );
  531 | }
  532 |

Parsing ecmascript source code failed

Import traces:
  Client Component Browser:
    ./Documents/REMUNERACIONES 2026/frontend/src/app/consolidados/[id]/page.tsx [Client Component Browser]
    ./Documents/REMUNERACIONES 2026/frontend/src/app/consolidados/[id]/page.tsx [Server Component]

  Client Component SSR:
    ./Documents/REMUNERACIONES 2026/frontend/src/app/consolidados/[id]/page.tsx [Client Component SSR]
    ./Documents/REMUNERACIONES 2026/frontend/src/app/consolidados/[id]/page.tsx [Server Component] 
[browser] ./Documents/REMUNERACIONES 2026/frontend/src/app/consolidados/[id]/page.tsx:529:6
Unterminated regexp literal
  527 |   );
  528 | }
> 529 |     </div>
      |      ^^^^^
  530 |   );
  531 | }
  532 |

Parsing ecmascript source code failed

Import traces:
  Client Component Browser:
    ./Documents/REMUNERACIONES 2026/frontend/src/app/consolidados/[id]/page.tsx [Client Component Browser]
    ./Documents/REMUNERACIONES 2026/frontend/src/app/consolidados/[id]/page.tsx [Server Component]

  Client Component SSR:
    ./Documents/REMUNERACIONES 2026/frontend/src/app/consolidados/[id]/page.tsx [Client Component SSR]
    ./Documents/REMUNERACIONES 2026/frontend/src/app/consolidados/[id]/page.tsx [Server Component] 
[browser] ./Documents/REMUNERACIONES 2026/frontend/src/app/consolidados/[id]/page.tsx:529:5
Expression expected
  527 |   );
  528 | }
> 529 |     </div>
      |     ^
  530 |   );
  531 | }
  532 |

Parsing ecmascript source code failed

Import traces:
  Client Component Browser:
    ./Documents/REMUNERACIONES 2026/frontend/src/app/consolidados/[id]/page.tsx [Client Component Browser]
    ./Documents/REMUNERACIONES 2026/frontend/src/app/consolidados/[id]/page.tsx [Server Component]

  Client Component SSR:
    ./Documents/REMUNERACIONES 2026/frontend/src/app/consolidados/[id]/page.tsx [Client Component SSR]
    ./Documents/REMUNERACIONES 2026/frontend/src/app/consolidados/[id]/page.tsx [Server Component] 
[browser] ./Documents/REMUNERACIONES 2026/frontend/src/app/consolidados/[id]/page.tsx:529:6
Unterminated regexp literal
  527 |   );
  528 | }
> 529 |     </div>
      |      ^^^^^
  530 |   );
  531 | }
  532 |

Parsing ecmascript source code failed

Import traces:
  Client Component Browser:
    ./Documents/REMUNERACIONES 2026/frontend/src/app/consolidados/[id]/page.tsx [Client Component Browser]
    ./Documents/REMUNERACIONES 2026/frontend/src/app/consolidados/[id]/page.tsx [Server Component]

  Client Component SSR:
    ./Documents/REMUNERACIONES 2026/frontend/src/app/consolidados/[id]/page.tsx [Client Component SSR]
    ./Documents/REMUNERACIONES 2026/frontend/src/app/consolidados/[id]/page.tsx [Server Component] 
[browser] ./Documents/REMUNERACIONES 2026/frontend/src/app/consolidados/[id]/page.tsx:529:5
Expression expected
  527 |   );
  528 | }
> 529 |     </div>
      |     ^
  530 |   );
  531 | }
  532 |

Parsing ecmascript source code failed

Import traces:
  Client Component Browser:
    ./Documents/REMUNERACIONES 2026/frontend/src/app/consolidados/[id]/page.tsx [Client Component Browser]
    ./Documents/REMUNERACIONES 2026/frontend/src/app/consolidados/[id]/page.tsx [Server Component]

  Client Component SSR:
    ./Documents/REMUNERACIONES 2026/frontend/src/app/consolidados/[id]/page.tsx [Client Component SSR]
    ./Documents/REMUNERACIONES 2026/frontend/src/app/consolidados/[id]/page.tsx [Server Component] 
[browser] ./Documents/REMUNERACIONES 2026/frontend/src/app/consolidados/[id]/page.tsx:529:6
Unterminated regexp literal
  527 |   );
  528 | }
> 529 |     </div>
      |      ^^^^^
  530 |   );
  531 | }
  532 |

Parsing ecmascript source code failed

Import traces:
  Client Component Browser:
    ./Documents/REMUNERACIONES 2026/frontend/src/app/consolidados/[id]/page.tsx [Client Component Browser]
    ./Documents/REMUNERACIONES 2026/frontend/src/app/consolidados/[id]/page.tsx [Server Component]

  Client Component SSR:
    ./Documents/REMUNERACIONES 2026/frontend/src/app/consolidados/[id]/page.tsx [Client Component SSR]
    ./Documents/REMUNERACIONES 2026/frontend/src/app/consolidados/[id]/page.tsx [Server Component] 
[browser] ./Documents/REMUNERACIONES 2026/frontend/src/app/consolidados/[id]/page.tsx:529:5
Expression expected
  527 |   );
  528 | }
> 529 |     </div>
      |     ^
  530 |   );
  531 | }
  532 |

Parsing ecmascript source code failed

Import traces:
  Client Component Browser:
    ./Documents/REMUNERACIONES 2026/frontend/src/app/consolidados/[id]/page.tsx [Client Component Browser]
    ./Documents/REMUNERACIONES 2026/frontend/src/app/consolidados/[id]/page.tsx [Server Component]

  Client Component SSR:
    ./Documents/REMUNERACIONES 2026/frontend/src/app/consolidados/[id]/page.tsx [Client Component SSR]
    ./Documents/REMUNERACIONES 2026/frontend/src/app/consolidados/[id]/page.tsx [Server Component] 
[browser] ./Documents/REMUNERACIONES 2026/frontend/src/app/consolidados/[id]/page.tsx:529:6
Unterminated regexp literal
  527 |   );
  528 | }
> 529 |     </div>
      |      ^^^^^
  530 |   );
  531 | }
  532 |

Parsing ecmascript source code failed

Import traces:
  Client Component Browser:
    ./Documents/REMUNERACIONES 2026/frontend/src/app/consolidados/[id]/page.tsx [Client Component Browser]
    ./Documents/REMUNERACIONES 2026/frontend/src/app/consolidados/[id]/page.tsx [Server Component]

  Client Component SSR:
    ./Documents/REMUNERACIONES 2026/frontend/src/app/consolidados/[id]/page.tsx [Client Component SSR]
    ./Documents/REMUNERACIONES 2026/frontend/src/app/consolidados/[id]/page.tsx [Server Component] 
[browser] ./Documents/REMUNERACIONES 2026/frontend/src/app/consolidados/[id]/page.tsx:529:5
Expression expected
  527 |   );
  528 | }
> 529 |     </div>
      |     ^
  530 |   );
  531 | }
  532 |

Parsing ecmascript source code failed

Import traces:
  Client Component Browser:
    ./Documents/REMUNERACIONES 2026/frontend/src/app/consolidados/[id]/page.tsx [Client Component Browser]
    ./Documents/REMUNERACIONES 2026/frontend/src/app/consolidados/[id]/page.tsx [Server Component]

  Client Component SSR:
    ./Documents/REMUNERACIONES 2026/frontend/src/app/consolidados/[id]/page.tsx [Client Component SSR]
    ./Documents/REMUNERACIONES 2026/frontend/src/app/consolidados/[id]/page.tsx [Server Component] 
[browser] ./Documents/REMUNERACIONES 2026/frontend/src/app/consolidados/[id]/page.tsx:529:6
Unterminated regexp literal
  527 |   );
  528 | }
> 529 |     </div>
      |      ^^^^^
  530 |   );
  531 | }
  532 |

Parsing ecmascript source code failed

Import traces:
  Client Component Browser:
    ./Documents/REMUNERACIONES 2026/frontend/src/app/consolidados/[id]/page.tsx [Client Component Browser]
    ./Documents/REMUNERACIONES 2026/frontend/src/app/consolidados/[id]/page.tsx [Server Component]

  Client Component SSR:
    ./Documents/REMUNERACIONES 2026/frontend/src/app/consolidados/[id]/page.tsx [Client Component SSR]
    ./Documents/REMUNERACIONES 2026/frontend/src/app/consolidados/[id]/page.tsx [Server Component] 
[browser] ./Documents/REMUNERACIONES 2026/frontend/src/app/consolidados/[id]/page.tsx:529:5
Expression expected
  527 |   );
  528 | }
> 529 |     </div>
      |     ^
  530 |   );
  531 | }
  532 |

Parsing ecmascript source code failed

Import traces:
  Client Component Browser:
    ./Documents/REMUNERACIONES 2026/frontend/src/app/consolidados/[id]/page.tsx [Client Component Browser]
    ./Documents/REMUNERACIONES 2026/frontend/src/app/consolidados/[id]/page.tsx [Server Component]

  Client Component SSR:
    ./Documents/REMUNERACIONES 2026/frontend/src/app/consolidados/[id]/page.tsx [Client Component SSR]
    ./Documents/REMUNERACIONES 2026/frontend/src/app/consolidados/[id]/page.tsx [Server Component] 
[browser] ./Documents/REMUNERACIONES 2026/frontend/src/app/consolidados/[id]/page.tsx:529:6
Unterminated regexp literal
  527 |   );
  528 | }
> 529 |     </div>
      |      ^^^^^
  530 |   );
  531 | }
  532 |

Parsing ecmascript source code failed

Import traces:
  Client Component Browser:
    ./Documents/REMUNERACIONES 2026/frontend/src/app/consolidados/[id]/page.tsx [Client Component Browser]
    ./Documents/REMUNERACIONES 2026/frontend/src/app/consolidados/[id]/page.tsx [Server Component]

  Client Component SSR:
    ./Documents/REMUNERACIONES 2026/frontend/src/app/consolidados/[id]/page.tsx [Client Component SSR]
    ./Documents/REMUNERACIONES 2026/frontend/src/app/consolidados/[id]/page.tsx [Server Component] 
[browser] ./Documents/REMUNERACIONES 2026/frontend/src/app/consolidados/[id]/page.tsx:529:5
Expression expected
  527 |   );
  528 | }
> 529 |     </div>
      |     ^
  530 |   );
  531 | }
  532 |

Parsing ecmascript source code failed

Import traces:
  Client Component Browser:
    ./Documents/REMUNERACIONES 2026/frontend/src/app/consolidados/[id]/page.tsx [Client Component Browser]
    ./Documents/REMUNERACIONES 2026/frontend/src/app/consolidados/[id]/page.tsx [Server Component]

  Client Component SSR:
    ./Documents/REMUNERACIONES 2026/frontend/src/app/consolidados/[id]/page.tsx [Client Component SSR]
    ./Documents/REMUNERACIONES 2026/frontend/src/app/consolidados/[id]/page.tsx [Server Component] 
[browser] ./Documents/REMUNERACIONES 2026/frontend/src/app/consolidados/[id]/page.tsx:529:6
Unterminated regexp literal
  527 |   );
  528 | }
> 529 |     </div>
      |      ^^^^^
  530 |   );
  531 | }
  532 |

Parsing ecmascript source code failed

Import traces:
  Client Component Browser:
    ./Documents/REMUNERACIONES 2026/frontend/src/app/consolidados/[id]/page.tsx [Client Component Browser]
    ./Documents/REMUNERACIONES 2026/frontend/src/app/consolidados/[id]/page.tsx [Server Component]

  Client Component SSR:
    ./Documents/REMUNERACIONES 2026/frontend/src/app/consolidados/[id]/page.tsx [Client Component SSR]
    ./Documents/REMUNERACIONES 2026/frontend/src/app/consolidados/[id]/page.tsx [Server Component] 
[browser] ./Documents/REMUNERACIONES 2026/frontend/src/app/consolidados/[id]/page.tsx:529:5
Expression expected
  527 |   );
  528 | }
> 529 |     </div>
      |     ^
  530 |   );
  531 | }
  532 |

Parsing ecmascript source code failed

Import traces:
  Client Component Browser:
    ./Documents/REMUNERACIONES 2026/frontend/src/app/consolidados/[id]/page.tsx [Client Component Browser]
    ./Documents/REMUNERACIONES 2026/frontend/src/app/consolidados/[id]/page.tsx [Server Component]

  Client Component SSR:
    ./Documents/REMUNERACIONES 2026/frontend/src/app/consolidados/[id]/page.tsx [Client Component SSR]
    ./Documents/REMUNERACIONES 2026/frontend/src/app/consolidados/[id]/page.tsx [Server Component] 
[browser] ./Documents/REMUNERACIONES 2026/frontend/src/app/consolidados/[id]/page.tsx:529:6
Unterminated regexp literal
  527 |   );
  528 | }
> 529 |     </div>
      |      ^^^^^
  530 |   );
  531 | }
  532 |

Parsing ecmascript source code failed

Import traces:
  Client Component Browser:
    ./Documents/REMUNERACIONES 2026/frontend/src/app/consolidados/[id]/page.tsx [Client Component Browser]
    ./Documents/REMUNERACIONES 2026/frontend/src/app/consolidados/[id]/page.tsx [Server Component]

  Client Component SSR:
    ./Documents/REMUNERACIONES 2026/frontend/src/app/consolidados/[id]/page.tsx [Client Component SSR]
    ./Documents/REMUNERACIONES 2026/frontend/src/app/consolidados/[id]/page.tsx [Server Component] 
[browser] ./Documents/REMUNERACIONES 2026/frontend/src/app/consolidados/[id]/page.tsx:529:5
Expression expected
  527 |   );
  528 | }
> 529 |     </div>
      |     ^
  530 |   );
  531 | }
  532 |

Parsing ecmascript source code failed

Import traces:
  Client Component Browser:
    ./Documents/REMUNERACIONES 2026/frontend/src/app/consolidados/[id]/page.tsx [Client Component Browser]
    ./Documents/REMUNERACIONES 2026/frontend/src/app/consolidados/[id]/page.tsx [Server Component]

  Client Component SSR:
    ./Documents/REMUNERACIONES 2026/frontend/src/app/consolidados/[id]/page.tsx [Client Component SSR]
    ./Documents/REMUNERACIONES 2026/frontend/src/app/consolidados/[id]/page.tsx [Server Component] 
[browser] ./Documents/REMUNERACIONES 2026/frontend/src/app/consolidados/[id]/page.tsx:529:6
Unterminated regexp literal
  527 |   );
  528 | }
> 529 |     </div>
      |      ^^^^^
  530 |   );
  531 | }
  532 |

Parsing ecmascript source code failed

Import traces:
  Client Component Browser:
    ./Documents/REMUNERACIONES 2026/frontend/src/app/consolidados/[id]/page.tsx [Client Component Browser]
    ./Documents/REMUNERACIONES 2026/frontend/src/app/consolidados/[id]/page.tsx [Server Component]

  Client Component SSR:
    ./Documents/REMUNERACIONES 2026/frontend/src/app/consolidados/[id]/page.tsx [Client Component SSR]
    ./Documents/REMUNERACIONES 2026/frontend/src/app/consolidados/[id]/page.tsx [Server Component] 
[browser] ./Documents/REMUNERACIONES 2026/frontend/src/app/consolidados/[id]/page.tsx:529:5
Expression expected
  527 |   );
  528 | }
> 529 |     </div>
      |     ^
  530 |   );
  531 | }
  532 |

Parsing ecmascript source code failed

Import traces:
  Client Component Browser:
    ./Documents/REMUNERACIONES 2026/frontend/src/app/consolidados/[id]/page.tsx [Client Component Browser]
    ./Documents/REMUNERACIONES 2026/frontend/src/app/consolidados/[id]/page.tsx [Server Component]

  Client Component SSR:
    ./Documents/REMUNERACIONES 2026/frontend/src/app/consolidados/[id]/page.tsx [Client Component SSR]
    ./Documents/REMUNERACIONES 2026/frontend/src/app/consolidados/[id]/page.tsx [Server Component] 
[browser] ./Documents/REMUNERACIONES 2026/frontend/src/app/consolidados/[id]/page.tsx:529:5
Expression expected
  527 |   );
  528 | }
> 529 |     </div>
      |     ^
  530 |   );
  531 | }
  532 |

Parsing ecmascript source code failed

Import traces:
  Client Component Browser:
    ./Documents/REMUNERACIONES 2026/frontend/src/app/consolidados/[id]/page.tsx [Client Component Browser]
    ./Documents/REMUNERACIONES 2026/frontend/src/app/consolidados/[id]/page.tsx [Server Component]

  Client Component SSR:
    ./Documents/REMUNERACIONES 2026/frontend/src/app/consolidados/[id]/page.tsx [Client Component SSR]
    ./Documents/REMUNERACIONES 2026/frontend/src/app/consolidados/[id]/page.tsx [Server Component] 
[browser] ./Documents/REMUNERACIONES 2026/frontend/src/app/consolidados/[id]/page.tsx:529:6
Unterminated regexp literal
  527 |   );
  528 | }
> 529 |     </div>
      |      ^^^^^
  530 |   );
  531 | }
  532 |

Parsing ecmascript source code failed

Import traces:
  Client Component Browser:
    ./Documents/REMUNERACIONES 2026/frontend/src/app/consolidados/[id]/page.tsx [Client Component Browser]
    ./Documents/REMUNERACIONES 2026/frontend/src/app/consolidados/[id]/page.tsx [Server Component]

  Client Component SSR:
    ./Documents/REMUNERACIONES 2026/frontend/src/app/consolidados/[id]/page.tsx [Client Component SSR]
    ./Documents/REMUNERACIONES 2026/frontend/src/app/consolidados/[id]/page.tsx [Server Component] 
[browser] ./Documents/REMUNERACIONES 2026/frontend/src/app/consolidados/[id]/page.tsx:529:6
Unterminated regexp literal
  527 |   );
  528 | }
> 529 |     </div>
      |      ^^^^^
  530 |   );
  531 | }
  532 |

Parsing ecmascript source code failed

Import traces:
  Client Component Browser:
    ./Documents/REMUNERACIONES 2026/frontend/src/app/consolidados/[id]/page.tsx [Client Component Browser]
    ./Documents/REMUNERACIONES 2026/frontend/src/app/consolidados/[id]/page.tsx [Server Component]

  Client Component SSR:
    ./Documents/REMUNERACIONES 2026/frontend/src/app/consolidados/[id]/page.tsx [Client Component SSR]
    ./Documents/REMUNERACIONES 2026/frontend/src/app/consolidados/[id]/page.tsx [Server Component] 
[browser] ./Documents/REMUNERACIONES 2026/frontend/src/app/consolidados/[id]/page.tsx:529:5
Expression expected
  527 |   );
  528 | }
> 529 |     </div>
      |     ^
  530 |   );
  531 | }
  532 |

Parsing ecmascript source code failed

Import traces:
  Client Component Browser:
    ./Documents/REMUNERACIONES 2026/frontend/src/app/consolidados/[id]/page.tsx [Client Component Browser]
    ./Documents/REMUNERACIONES 2026/frontend/src/app/consolidados/[id]/page.tsx [Server Component]

  Client Component SSR:
    ./Documents/REMUNERACIONES 2026/frontend/src/app/consolidados/[id]/page.tsx [Client Component SSR]
    ./Documents/REMUNERACIONES 2026/frontend/src/app/consolidados/[id]/page.tsx [Server Component] 
[browser] ./Documents/REMUNERACIONES 2026/frontend/src/app/consolidados/[id]/page.tsx:529:5
Expression expected
  527 |   );
  528 | }
> 529 |     </div>
      |     ^
  530 |   );
  531 | }
  532 |

Parsing ecmascript source code failed

Import traces:
  Client Component Browser:
    ./Documents/REMUNERACIONES 2026/frontend/src/app/consolidados/[id]/page.tsx [Client Component Browser]
    ./Documents/REMUNERACIONES 2026/frontend/src/app/consolidados/[id]/page.tsx [Server Component]

  Client Component SSR:
    ./Documents/REMUNERACIONES 2026/frontend/src/app/consolidados/[id]/page.tsx [Client Component SSR]
    ./Documents/REMUNERACIONES 2026/frontend/src/app/consolidados/[id]/page.tsx [Server Component] 
[browser] ./Documents/REMUNERACIONES 2026/frontend/src/app/consolidados/[id]/page.tsx:529:6
Unterminated regexp literal
  527 |   );
  528 | }
> 529 |     </div>
      |      ^^^^^
  530 |   );
  531 | }
  532 |

Parsing ecmascript source code failed

Import traces:
  Client Component Browser:
    ./Documents/REMUNERACIONES 2026/frontend/src/app/consolidados/[id]/page.tsx [Client Component Browser]
    ./Documents/REMUNERACIONES 2026/frontend/src/app/consolidados/[id]/page.tsx [Server Component]

  Client Component SSR:
    ./Documents/REMUNERACIONES 2026/frontend/src/app/consolidados/[id]/page.tsx [Client Component SSR]
    ./Documents/REMUNERACIONES 2026/frontend/src/app/consolidados/[id]/page.tsx [Server Component] 
[browser] ./Documents/REMUNERACIONES 2026/frontend/src/app/consolidados/[id]/page.tsx:529:6
Unterminated regexp literal
  527 |   );
  528 | }
> 529 |     </div>
      |      ^^^^^
  530 |   );
  531 | }
  532 |

Parsing ecmascript source code failed

Import traces:
  Client Component Browser:
    ./Documents/REMUNERACIONES 2026/frontend/src/app/consolidados/[id]/page.tsx [Client Component Browser]
    ./Documents/REMUNERACIONES 2026/frontend/src/app/consolidados/[id]/page.tsx [Server Component]

  Client Component SSR:
    ./Documents/REMUNERACIONES 2026/frontend/src/app/consolidados/[id]/page.tsx [Client Component SSR]
    ./Documents/REMUNERACIONES 2026/frontend/src/app/consolidados/[id]/page.tsx [Server Component] 
[browser] ./Documents/REMUNERACIONES 2026/frontend/src/app/consolidados/[id]/page.tsx:529:5
Expression expected
  527 |   );
  528 | }
> 529 |     </div>
      |     ^
  530 |   );
  531 | }
  532 |

Parsing ecmascript source code failed

Import traces:
  Client Component Browser:
    ./Documents/REMUNERACIONES 2026/frontend/src/app/consolidados/[id]/page.tsx [Client Component Browser]
    ./Documents/REMUNERACIONES 2026/frontend/src/app/consolidados/[id]/page.tsx [Server Component]

  Client Component SSR:
    ./Documents/REMUNERACIONES 2026/frontend/src/app/consolidados/[id]/page.tsx [Client Component SSR]
    ./Documents/REMUNERACIONES 2026/frontend/src/app/consolidados/[id]/page.tsx [Server Component] 
[browser] ./Documents/REMUNERACIONES 2026/frontend/src/app/consolidados/[id]/page.tsx:529:5
Expression expected
  527 |   );
  528 | }
> 529 |     </div>
      |     ^
  530 |   );
  531 | }
  532 |

Parsing ecmascript source code failed

Import traces:
  Client Component Browser:
    ./Documents/REMUNERACIONES 2026/frontend/src/app/consolidados/[id]/page.tsx [Client Component Browser]
    ./Documents/REMUNERACIONES 2026/frontend/src/app/consolidados/[id]/page.tsx [Server Component]

  Client Component SSR:
    ./Documents/REMUNERACIONES 2026/frontend/src/app/consolidados/[id]/page.tsx [Client Component SSR]
    ./Documents/REMUNERACIONES 2026/frontend/src/app/consolidados/[id]/page.tsx [Server Component] 
[browser] ./Documents/REMUNERACIONES 2026/frontend/src/app/consolidados/[id]/page.tsx:529:6
Unterminated regexp literal
  527 |   );
  528 | }
> 529 |     </div>
      |      ^^^^^
  530 |   );
  531 | }
  532 |

Parsing ecmascript source code failed

Import traces:
  Client Component Browser:
    ./Documents/REMUNERACIONES 2026/frontend/src/app/consolidados/[id]/page.tsx [Client Component Browser]
    ./Documents/REMUNERACIONES 2026/frontend/src/app/consolidados/[id]/page.tsx [Server Component]

  Client Component SSR:
    ./Documents/REMUNERACIONES 2026/frontend/src/app/consolidados/[id]/page.tsx [Client Component SSR]
    ./Documents/REMUNERACIONES 2026/frontend/src/app/consolidados/[id]/page.tsx [Server Component] 
[browser] ./Documents/REMUNERACIONES 2026/frontend/src/app/consolidados/[id]/page.tsx:529:6
Unterminated regexp literal
  527 |   );
  528 | }
> 529 |     </div>
      |      ^^^^^
  530 |   );
  531 | }
  532 |

Parsing ecmascript source code failed

Import traces:
  Client Component Browser:
    ./Documents/REMUNERACIONES 2026/frontend/src/app/consolidados/[id]/page.tsx [Client Component Browser]
    ./Documents/REMUNERACIONES 2026/frontend/src/app/consolidados/[id]/page.tsx [Server Component]

  Client Component SSR:
    ./Documents/REMUNERACIONES 2026/frontend/src/app/consolidados/[id]/page.tsx [Client Component SSR]
    ./Documents/REMUNERACIONES 2026/frontend/src/app/consolidados/[id]/page.tsx [Server Component] 
[browser] ./Documents/REMUNERACIONES 2026/frontend/src/app/consolidados/[id]/page.tsx:529:5
Expression expected
  527 |   );
  528 | }
> 529 |     </div>
      |     ^
  530 |   );
  531 | }
  532 |

Parsing ecmascript source code failed

Import traces:
  Client Component Browser:
    ./Documents/REMUNERACIONES 2026/frontend/src/app/consolidados/[id]/page.tsx [Client Component Browser]
    ./Documents/REMUNERACIONES 2026/frontend/src/app/consolidados/[id]/page.tsx [Server Component]

  Client Component SSR:
    ./Documents/REMUNERACIONES 2026/frontend/src/app/consolidados/[id]/page.tsx [Client Component SSR]
    ./Documents/REMUNERACIONES 2026/frontend/src/app/consolidados/[id]/page.tsx [Server Component] 
[browser] ./Documents/REMUNERACIONES 2026/frontend/src/app/consolidados/[id]/page.tsx:529:5
Expression expected
  527 |   );
  528 | }
> 529 |     </div>
      |     ^
  530 |   );
  531 | }
  532 |

Parsing ecmascript source code failed

Import traces:
  Client Component Browser:
    ./Documents/REMUNERACIONES 2026/frontend/src/app/consolidados/[id]/page.tsx [Client Component Browser]
    ./Documents/REMUNERACIONES 2026/frontend/src/app/consolidados/[id]/page.tsx [Server Component]

  Client Component SSR:
    ./Documents/REMUNERACIONES 2026/frontend/src/app/consolidados/[id]/page.tsx [Client Component SSR]
    ./Documents/REMUNERACIONES 2026/frontend/src/app/consolidados/[id]/page.tsx [Server Component] 
[browser] ./Documents/REMUNERACIONES 2026/frontend/src/app/consolidados/[id]/page.tsx:529:6
Unterminated regexp literal
  527 |   );
  528 | }
> 529 |     </div>
      |      ^^^^^
  530 |   );
  531 | }
  532 |

Parsing ecmascript source code failed

Import traces:
  Client Component Browser:
    ./Documents/REMUNERACIONES 2026/frontend/src/app/consolidados/[id]/page.tsx [Client Component Browser]
    ./Documents/REMUNERACIONES 2026/frontend/src/app/consolidados/[id]/page.tsx [Server Component]

  Client Component SSR:
    ./Documents/REMUNERACIONES 2026/frontend/src/app/consolidados/[id]/page.tsx [Client Component SSR]
    ./Documents/REMUNERACIONES 2026/frontend/src/app/consolidados/[id]/page.tsx [Server Component] 
[browser] ./Documents/REMUNERACIONES 2026/frontend/src/app/consolidados/[id]/page.tsx:529:6
Unterminated regexp literal
  527 |   );
  528 | }
> 529 |     </div>
      |      ^^^^^
  530 |   );
  531 | }
  532 |

Parsing ecmascript source code failed

Import traces:
  Client Component Browser:
    ./Documents/REMUNERACIONES 2026/frontend/src/app/consolidados/[id]/page.tsx [Client Component Browser]
    ./Documents/REMUNERACIONES 2026/frontend/src/app/consolidados/[id]/page.tsx [Server Component]

  Client Component SSR:
    ./Documents/REMUNERACIONES 2026/frontend/src/app/consolidados/[id]/page.tsx [Client Component SSR]
    ./Documents/REMUNERACIONES 2026/frontend/src/app/consolidados/[id]/page.tsx [Server Component] 
[browser] ./Documents/REMUNERACIONES 2026/frontend/src/app/consolidados/[id]/page.tsx:529:5
Expression expected
  527 |   );
  528 | }
> 529 |     </div>
      |     ^
  530 |   );
  531 | }
  532 |

Parsing ecmascript source code failed

Import traces:
  Client Component Browser:
    ./Documents/REMUNERACIONES 2026/frontend/src/app/consolidados/[id]/page.tsx [Client Component Browser]
    ./Documents/REMUNERACIONES 2026/frontend/src/app/consolidados/[id]/page.tsx [Server Component]

  Client Component SSR:
    ./Documents/REMUNERACIONES 2026/frontend/src/app/consolidados/[id]/page.tsx [Client Component SSR]
    ./Documents/REMUNERACIONES 2026/frontend/src/app/consolidados/[id]/page.tsx [Server Component] 
[browser] ./Documents/REMUNERACIONES 2026/frontend/src/app/consolidados/[id]/page.tsx:529:5
Expression expected
  527 |   );
  528 | }
> 529 |     </div>
      |     ^
  530 |   );
  531 | }
  532 |

Parsing ecmascript source code failed

Import traces:
  Client Component Browser:
    ./Documents/REMUNERACIONES 2026/frontend/src/app/consolidados/[id]/page.tsx [Client Component Browser]
    ./Documents/REMUNERACIONES 2026/frontend/src/app/consolidados/[id]/page.tsx [Server Component]

  Client Component SSR:
    ./Documents/REMUNERACIONES 2026/frontend/src/app/consolidados/[id]/page.tsx [Client Component SSR]
    ./Documents/REMUNERACIONES 2026/frontend/src/app/consolidados/[id]/page.tsx [Server Component] 
[browser] ./Documents/REMUNERACIONES 2026/frontend/src/app/consolidados/[id]/page.tsx:529:6
Unterminated regexp literal
  527 |   );
  528 | }
> 529 |     </div>
      |      ^^^^^
  530 |   );
  531 | }
  532 |

Parsing ecmascript source code failed

Import traces:
  Client Component Browser:
    ./Documents/REMUNERACIONES 2026/frontend/src/app/consolidados/[id]/page.tsx [Client Component Browser]
    ./Documents/REMUNERACIONES 2026/frontend/src/app/consolidados/[id]/page.tsx [Server Component]

  Client Component SSR:
    ./Documents/REMUNERACIONES 2026/frontend/src/app/consolidados/[id]/page.tsx [Client Component SSR]
    ./Documents/REMUNERACIONES 2026/frontend/src/app/consolidados/[id]/page.tsx [Server Component] 
[browser] ./Documents/REMUNERACIONES 2026/frontend/src/app/consolidados/[id]/page.tsx:529:6
Unterminated regexp literal
  527 |   );
  528 | }
> 529 |     </div>
      |      ^^^^^
  530 |   );
  531 | }
  532 |

Parsing ecmascript source code failed

Import traces:
  Client Component Browser:
    ./Documents/REMUNERACIONES 2026/frontend/src/app/consolidados/[id]/page.tsx [Client Component Browser]
    ./Documents/REMUNERACIONES 2026/frontend/src/app/consolidados/[id]/page.tsx [Server Component]

  Client Component SSR:
    ./Documents/REMUNERACIONES 2026/frontend/src/app/consolidados/[id]/page.tsx [Client Component SSR]
    ./Documents/REMUNERACIONES 2026/frontend/src/app/consolidados/[id]/page.tsx [Server Component] 
[browser] ./Documents/REMUNERACIONES 2026/frontend/src/app/consolidados/[id]/page.tsx:529:5
Expression expected
  527 |   );
  528 | }
> 529 |     </div>
      |     ^
  530 |   );
  531 | }
  532 |

Parsing ecmascript source code failed

Import traces:
  Client Component Browser:
    ./Documents/REMUNERACIONES 2026/frontend/src/app/consolidados/[id]/page.tsx [Client Component Browser]
    ./Documents/REMUNERACIONES 2026/frontend/src/app/consolidados/[id]/page.tsx [Server Component]

  Client Component SSR:
    ./Documents/REMUNERACIONES 2026/frontend/src/app/consolidados/[id]/page.tsx [Client Component SSR]
    ./Documents/REMUNERACIONES 2026/frontend/src/app/consolidados/[id]/page.tsx [Server Component] 
[browser] ./Documents/REMUNERACIONES 2026/frontend/src/app/consolidados/[id]/page.tsx:529:5
Expression expected
  527 |   );
  528 | }
> 529 |     </div>
      |     ^
  530 |   );
  531 | }
  532 |

Parsing ecmascript source code failed

Import traces:
  Client Component Browser:
    ./Documents/REMUNERACIONES 2026/frontend/src/app/consolidados/[id]/page.tsx [Client Component Browser]
    ./Documents/REMUNERACIONES 2026/frontend/src/app/consolidados/[id]/page.tsx [Server Component]

  Client Component SSR:
    ./Documents/REMUNERACIONES 2026/frontend/src/app/consolidados/[id]/page.tsx [Client Component SSR]
    ./Documents/REMUNERACIONES 2026/frontend/src/app/consolidados/[id]/page.tsx [Server Component] 
[browser] ./Documents/REMUNERACIONES 2026/frontend/src/app/consolidados/[id]/page.tsx:529:6
Unterminated regexp literal
  527 |   );
  528 | }
> 529 |     </div>
      |      ^^^^^
  530 |   );
  531 | }
  532 |

Parsing ecmascript source code failed

Import traces:
  Client Component Browser:
    ./Documents/REMUNERACIONES 2026/frontend/src/app/consolidados/[id]/page.tsx [Client Component Browser]
    ./Documents/REMUNERACIONES 2026/frontend/src/app/consolidados/[id]/page.tsx [Server Component]

  Client Component SSR:
    ./Documents/REMUNERACIONES 2026/frontend/src/app/consolidados/[id]/page.tsx [Client Component SSR]
    ./Documents/REMUNERACIONES 2026/frontend/src/app/consolidados/[id]/page.tsx [Server Component] 
[browser] ./Documents/REMUNERACIONES 2026/frontend/src/app/consolidados/[id]/page.tsx:529:6
Unterminated regexp literal
  527 |   );
  528 | }
> 529 |     </div>
      |      ^^^^^
  530 |   );
  531 | }
  532 |

Parsing ecmascript source code failed

Import traces:
  Client Component Browser:
    ./Documents/REMUNERACIONES 2026/frontend/src/app/consolidados/[id]/page.tsx [Client Component Browser]
    ./Documents/REMUNERACIONES 2026/frontend/src/app/consolidados/[id]/page.tsx [Server Component]

  Client Component SSR:
    ./Documents/REMUNERACIONES 2026/frontend/src/app/consolidados/[id]/page.tsx [Client Component SSR]
    ./Documents/REMUNERACIONES 2026/frontend/src/app/consolidados/[id]/page.tsx [Server Component] 
[browser] ./Documents/REMUNERACIONES 2026/frontend/src/app/consolidados/[id]/page.tsx:529:5
Expression expected
  527 |   );
  528 | }
> 529 |     </div>
      |     ^
  530 |   );
  531 | }
  532 |

Parsing ecmascript source code failed

Import traces:
  Client Component Browser:
    ./Documents/REMUNERACIONES 2026/frontend/src/app/consolidados/[id]/page.tsx [Client Component Browser]
    ./Documents/REMUNERACIONES 2026/frontend/src/app/consolidados/[id]/page.tsx [Server Component]

  Client Component SSR:
    ./Documents/REMUNERACIONES 2026/frontend/src/app/consolidados/[id]/page.tsx [Client Component SSR]
    ./Documents/REMUNERACIONES 2026/frontend/src/app/consolidados/[id]/page.tsx [Server Component] 
[browser] ./Documents/REMUNERACIONES 2026/frontend/src/app/consolidados/[id]/page.tsx:529:5
Expression expected
  527 |   );
  528 | }
> 529 |     </div>
      |     ^
  530 |   );
  531 | }
  532 |

Parsing ecmascript source code failed

Import traces:
  Client Component Browser:
    ./Documents/REMUNERACIONES 2026/frontend/src/app/consolidados/[id]/page.tsx [Client Component Browser]
    ./Documents/REMUNERACIONES 2026/frontend/src/app/consolidados/[id]/page.tsx [Server Component]

  Client Component SSR:
    ./Documents/REMUNERACIONES 2026/frontend/src/app/consolidados/[id]/page.tsx [Client Component SSR]
    ./Documents/REMUNERACIONES 2026/frontend/src/app/consolidados/[id]/page.tsx [Server Component] 
[browser] ./Documents/REMUNERACIONES 2026/frontend/src/app/consolidados/[id]/page.tsx:529:6
Unterminated regexp literal
  527 |   );
  528 | }
> 529 |     </div>
      |      ^^^^^
  530 |   );
  531 | }
  532 |

Parsing ecmascript source code failed

Import traces:
  Client Component Browser:
    ./Documents/REMUNERACIONES 2026/frontend/src/app/consolidados/[id]/page.tsx [Client Component Browser]
    ./Documents/REMUNERACIONES 2026/frontend/src/app/consolidados/[id]/page.tsx [Server Component]

  Client Component SSR:
    ./Documents/REMUNERACIONES 2026/frontend/src/app/consolidados/[id]/page.tsx [Client Component SSR]
    ./Documents/REMUNERACIONES 2026/frontend/src/app/consolidados/[id]/page.tsx [Server Component] 
[browser] ./Documents/REMUNERACIONES 2026/frontend/src/app/consolidados/[id]/page.tsx:529:6
Unterminated regexp literal
  527 |   );
  528 | }
> 529 |     </div>
      |      ^^^^^
  530 |   );
  531 | }
  532 |

Parsing ecmascript source code failed

Import traces:
  Client Component Browser:
    ./Documents/REMUNERACIONES 2026/frontend/src/app/consolidados/[id]/page.tsx [Client Component Browser]
    ./Documents/REMUNERACIONES 2026/frontend/src/app/consolidados/[id]/page.tsx [Server Component]

  Client Component SSR:
    ./Documents/REMUNERACIONES 2026/frontend/src/app/consolidados/[id]/page.tsx [Client Component SSR]
    ./Documents/REMUNERACIONES 2026/frontend/src/app/consolidados/[id]/page.tsx [Server Component] 
[browser] ./Documents/REMUNERACIONES 2026/frontend/src/app/consolidados/[id]/page.tsx:529:5
Expression expected
  527 |   );
  528 | }
> 529 |     </div>
      |     ^
  530 |   );
  531 | }
  532 |

Parsing ecmascript source code failed

Import traces:
  Client Component Browser:
    ./Documents/REMUNERACIONES 2026/frontend/src/app/consolidados/[id]/page.tsx [Client Component Browser]
    ./Documents/REMUNERACIONES 2026/frontend/src/app/consolidados/[id]/page.tsx [Server Component]

  Client Component SSR:
    ./Documents/REMUNERACIONES 2026/frontend/src/app/consolidados/[id]/page.tsx [Client Component SSR]
    ./Documents/REMUNERACIONES 2026/frontend/src/app/consolidados/[id]/page.tsx [Server Component] 
[browser] ./Documents/REMUNERACIONES 2026/frontend/src/app/consolidados/[id]/page.tsx:529:5
Expression expected
  527 |   );
  528 | }
> 529 |     </div>
      |     ^
  530 |   );
  531 | }
  532 |

Parsing ecmascript source code failed

Import traces:
  Client Component Browser:
    ./Documents/REMUNERACIONES 2026/frontend/src/app/consolidados/[id]/page.tsx [Client Component Browser]
    ./Documents/REMUNERACIONES 2026/frontend/src/app/consolidados/[id]/page.tsx [Server Component]

  Client Component SSR:
    ./Documents/REMUNERACIONES 2026/frontend/src/app/consolidados/[id]/page.tsx [Client Component SSR]
    ./Documents/REMUNERACIONES 2026/frontend/src/app/consolidados/[id]/page.tsx [Server Component] 
[browser] ./Documents/REMUNERACIONES 2026/frontend/src/app/consolidados/[id]/page.tsx:529:6
Unterminated regexp literal
  527 |   );
  528 | }
> 529 |     </div>
      |      ^^^^^
  530 |   );
  531 | }
  532 |

Parsing ecmascript source code failed

Import traces:
  Client Component Browser:
    ./Documents/REMUNERACIONES 2026/frontend/src/app/consolidados/[id]/page.tsx [Client Component Browser]
    ./Documents/REMUNERACIONES 2026/frontend/src/app/consolidados/[id]/page.tsx [Server Component]

  Client Component SSR:
    ./Documents/REMUNERACIONES 2026/frontend/src/app/consolidados/[id]/page.tsx [Client Component SSR]
    ./Documents/REMUNERACIONES 2026/frontend/src/app/consolidados/[id]/page.tsx [Server Component] 
[browser] ./Documents/REMUNERACIONES 2026/frontend/src/app/consolidados/[id]/page.tsx:529:6
Unterminated regexp literal
  527 |   );
  528 | }
> 529 |     </div>
      |      ^^^^^
  530 |   );
  531 | }
  532 |

Parsing ecmascript source code failed

Import traces:
  Client Component Browser:
    ./Documents/REMUNERACIONES 2026/frontend/src/app/consolidados/[id]/page.tsx [Client Component Browser]
    ./Documents/REMUNERACIONES 2026/frontend/src/app/consolidados/[id]/page.tsx [Server Component]

  Client Component SSR:
    ./Documents/REMUNERACIONES 2026/frontend/src/app/consolidados/[id]/page.tsx [Client Component SSR]
    ./Documents/REMUNERACIONES 2026/frontend/src/app/consolidados/[id]/page.tsx [Server Component] 
[browser] ./Documents/REMUNERACIONES 2026/frontend/src/app/consolidados/[id]/page.tsx:529:5
Expression expected
  527 |   );
  528 | }
> 529 |     </div>
      |     ^
  530 |   );
  531 | }
  532 |

Parsing ecmascript source code failed

Import traces:
  Client Component Browser:
    ./Documents/REMUNERACIONES 2026/frontend/src/app/consolidados/[id]/page.tsx [Client Component Browser]
    ./Documents/REMUNERACIONES 2026/frontend/src/app/consolidados/[id]/page.tsx [Server Component]

  Client Component SSR:
    ./Documents/REMUNERACIONES 2026/frontend/src/app/consolidados/[id]/page.tsx [Client Component SSR]
    ./Documents/REMUNERACIONES 2026/frontend/src/app/consolidados/[id]/page.tsx [Server Component] 
[browser] ./Documents/REMUNERACIONES 2026/frontend/src/app/consolidados/[id]/page.tsx:529:5
Expression expected
  527 |   );
  528 | }
> 529 |     </div>
      |     ^
  530 |   );
  531 | }
  532 |

Parsing ecmascript source code failed

Import traces:
  Client Component Browser:
    ./Documents/REMUNERACIONES 2026/frontend/src/app/consolidados/[id]/page.tsx [Client Component Browser]
    ./Documents/REMUNERACIONES 2026/frontend/src/app/consolidados/[id]/page.tsx [Server Component]

  Client Component SSR:
    ./Documents/REMUNERACIONES 2026/frontend/src/app/consolidados/[id]/page.tsx [Client Component SSR]
    ./Documents/REMUNERACIONES 2026/frontend/src/app/consolidados/[id]/page.tsx [Server Component] 
[browser] ./Documents/REMUNERACIONES 2026/frontend/src/app/consolidados/[id]/page.tsx:529:6
Unterminated regexp literal
  527 |   );
  528 | }
> 529 |     </div>
      |      ^^^^^
  530 |   );
  531 | }
  532 |

Parsing ecmascript source code failed

Import traces:
  Client Component Browser:
    ./Documents/REMUNERACIONES 2026/frontend/src/app/consolidados/[id]/page.tsx [Client Component Browser]
    ./Documents/REMUNERACIONES 2026/frontend/src/app/consolidados/[id]/page.tsx [Server Component]

  Client Component SSR:
    ./Documents/REMUNERACIONES 2026/frontend/src/app/consolidados/[id]/page.tsx [Client Component SSR]
    ./Documents/REMUNERACIONES 2026/frontend/src/app/consolidados/[id]/page.tsx [Server Component] 
[browser] ./Documents/REMUNERACIONES 2026/frontend/src/app/consolidados/[id]/page.tsx:529:6
Unterminated regexp literal
  527 |   );
  528 | }
> 529 |     </div>
      |      ^^^^^
  530 |   );
  531 | }
  532 |

Parsing ecmascript source code failed

Import traces:
  Client Component Browser:
    ./Documents/REMUNERACIONES 2026/frontend/src/app/consolidados/[id]/page.tsx [Client Component Browser]
    ./Documents/REMUNERACIONES 2026/frontend/src/app/consolidados/[id]/page.tsx [Server Component]

  Client Component SSR:
    ./Documents/REMUNERACIONES 2026/frontend/src/app/consolidados/[id]/page.tsx [Client Component SSR]
    ./Documents/REMUNERACIONES 2026/frontend/src/app/consolidados/[id]/page.tsx [Server Component] 
[browser] ./Documents/REMUNERACIONES 2026/frontend/src/app/consolidados/[id]/page.tsx:529:5
Expression expected
  527 |   );
  528 | }
> 529 |     </div>
      |     ^
  530 |   );
  531 | }
  532 |

Parsing ecmascript source code failed

Import traces:
  Client Component Browser:
    ./Documents/REMUNERACIONES 2026/frontend/src/app/consolidados/[id]/page.tsx [Client Component Browser]
    ./Documents/REMUNERACIONES 2026/frontend/src/app/consolidados/[id]/page.tsx [Server Component]

  Client Component SSR:
    ./Documents/REMUNERACIONES 2026/frontend/src/app/consolidados/[id]/page.tsx [Client Component SSR]
    ./Documents/REMUNERACIONES 2026/frontend/src/app/consolidados/[id]/page.tsx [Server Component] 
[browser] ./Documents/REMUNERACIONES 2026/frontend/src/app/consolidados/[id]/page.tsx:529:5
Expression expected
  527 |   );
  528 | }
> 529 |     </div>
      |     ^
  530 |   );
  531 | }
  532 |

Parsing ecmascript source code failed

Import traces:
  Client Component Browser:
    ./Documents/REMUNERACIONES 2026/frontend/src/app/consolidados/[id]/page.tsx [Client Component Browser]
    ./Documents/REMUNERACIONES 2026/frontend/src/app/consolidados/[id]/page.tsx [Server Component]

  Client Component SSR:
    ./Documents/REMUNERACIONES 2026/frontend/src/app/consolidados/[id]/page.tsx [Client Component SSR]
    ./Documents/REMUNERACIONES 2026/frontend/src/app/consolidados/[id]/page.tsx [Server Component] 
[browser] ./Documents/REMUNERACIONES 2026/frontend/src/app/consolidados/[id]/page.tsx:529:6
Unterminated regexp literal
  527 |   );
  528 | }
> 529 |     </div>
      |      ^^^^^
  530 |   );
  531 | }
  532 |

Parsing ecmascript source code failed

Import traces:
  Client Component Browser:
    ./Documents/REMUNERACIONES 2026/frontend/src/app/consolidados/[id]/page.tsx [Client Component Browser]
    ./Documents/REMUNERACIONES 2026/frontend/src/app/consolidados/[id]/page.tsx [Server Component]

  Client Component SSR:
    ./Documents/REMUNERACIONES 2026/frontend/src/app/consolidados/[id]/page.tsx [Client Component SSR]
    ./Documents/REMUNERACIONES 2026/frontend/src/app/consolidados/[id]/page.tsx [Server Component] 
[browser] ./Documents/REMUNERACIONES 2026/frontend/src/app/consolidados/[id]/page.tsx:529:6
Unterminated regexp literal
  527 |   );
  528 | }
> 529 |     </div>
      |      ^^^^^
  530 |   );
  531 | }
  532 |

Parsing ecmascript source code failed

Import traces:
  Client Component Browser:
    ./Documents/REMUNERACIONES 2026/frontend/src/app/consolidados/[id]/page.tsx [Client Component Browser]
    ./Documents/REMUNERACIONES 2026/frontend/src/app/consolidados/[id]/page.tsx [Server Component]

  Client Component SSR:
    ./Documents/REMUNERACIONES 2026/frontend/src/app/consolidados/[id]/page.tsx [Client Component SSR]
    ./Documents/REMUNERACIONES 2026/frontend/src/app/consolidados/[id]/page.tsx [Server Component] 
[browser] ./Documents/REMUNERACIONES 2026/frontend/src/app/consolidados/[id]/page.tsx:529:5
Expression expected
  527 |   );
  528 | }
> 529 |     </div>
      |     ^
  530 |   );
  531 | }
  532 |

Parsing ecmascript source code failed

Import traces:
  Client Component Browser:
    ./Documents/REMUNERACIONES 2026/frontend/src/app/consolidados/[id]/page.tsx [Client Component Browser]
    ./Documents/REMUNERACIONES 2026/frontend/src/app/consolidados/[id]/page.tsx [Server Component]

  Client Component SSR:
    ./Documents/REMUNERACIONES 2026/frontend/src/app/consolidados/[id]/page.tsx [Client Component SSR]
    ./Documents/REMUNERACIONES 2026/frontend/src/app/consolidados/[id]/page.tsx [Server Component] 
[browser] ./Documents/REMUNERACIONES 2026/frontend/src/app/consolidados/[id]/page.tsx:529:5
Expression expected
  527 |   );
  528 | }
> 529 |     </div>
      |     ^
  530 |   );
  531 | }
  532 |

Parsing ecmascript source code failed

Import traces:
  Client Component Browser:
    ./Documents/REMUNERACIONES 2026/frontend/src/app/consolidados/[id]/page.tsx [Client Component Browser]
    ./Documents/REMUNERACIONES 2026/frontend/src/app/consolidados/[id]/page.tsx [Server Component]

  Client Component SSR:
    ./Documents/REMUNERACIONES 2026/frontend/src/app/consolidados/[id]/page.tsx [Client Component SSR]
    ./Documents/REMUNERACIONES 2026/frontend/src/app/consolidados/[id]/page.tsx [Server Component] 
[browser] ./Documents/REMUNERACIONES 2026/frontend/src/app/consolidados/[id]/page.tsx:529:6
Unterminated regexp literal
  527 |   );
  528 | }
> 529 |     </div>
      |      ^^^^^
  530 |   );
  531 | }
  532 |

Parsing ecmascript source code failed

Import traces:
  Client Component Browser:
    ./Documents/REMUNERACIONES 2026/frontend/src/app/consolidados/[id]/page.tsx [Client Component Browser]
    ./Documents/REMUNERACIONES 2026/frontend/src/app/consolidados/[id]/page.tsx [Server Component]

  Client Component SSR:
    ./Documents/REMUNERACIONES 2026/frontend/src/app/consolidados/[id]/page.tsx [Client Component SSR]
    ./Documents/REMUNERACIONES 2026/frontend/src/app/consolidados/[id]/page.tsx [Server Component] 
[browser] ./Documents/REMUNERACIONES 2026/frontend/src/app/consolidados/[id]/page.tsx:529:6
Unterminated regexp literal
  527 |   );
  528 | }
> 529 |     </div>
      |      ^^^^^
  530 |   );
  531 | }
  532 |

Parsing ecmascript source code failed

Import traces:
  Client Component Browser:
    ./Documents/REMUNERACIONES 2026/frontend/src/app/consolidados/[id]/page.tsx [Client Component Browser]
    ./Documents/REMUNERACIONES 2026/frontend/src/app/consolidados/[id]/page.tsx [Server Component]

  Client Component SSR:
    ./Documents/REMUNERACIONES 2026/frontend/src/app/consolidados/[id]/page.tsx [Client Component SSR]
    ./Documents/REMUNERACIONES 2026/frontend/src/app/consolidados/[id]/page.tsx [Server Component] 
[browser] ./Documents/REMUNERACIONES 2026/frontend/src/app/consolidados/[id]/page.tsx:529:5
Expression expected
  527 |   );
  528 | }
> 529 |     </div>
      |     ^
  530 |   );
  531 | }
  532 |

Parsing ecmascript source code failed

Import traces:
  Client Component Browser:
    ./Documents/REMUNERACIONES 2026/frontend/src/app/consolidados/[id]/page.tsx [Client Component Browser]
    ./Documents/REMUNERACIONES 2026/frontend/src/app/consolidados/[id]/page.tsx [Server Component]

  Client Component SSR:
    ./Documents/REMUNERACIONES 2026/frontend/src/app/consolidados/[id]/page.tsx [Client Component SSR]
    ./Documents/REMUNERACIONES 2026/frontend/src/app/consolidados/[id]/page.tsx [Server Component] 
[browser] ./Documents/REMUNERACIONES 2026/frontend/src/app/consolidados/[id]/page.tsx:529:5
Expression expected
  527 |   );
  528 | }
> 529 |     </div>
      |     ^
  530 |   );
  531 | }
  532 |

Parsing ecmascript source code failed

Import traces:
  Client Component Browser:
    ./Documents/REMUNERACIONES 2026/frontend/src/app/consolidados/[id]/page.tsx [Client Component Browser]
    ./Documents/REMUNERACIONES 2026/frontend/src/app/consolidados/[id]/page.tsx [Server Component]

  Client Component SSR:
    ./Documents/REMUNERACIONES 2026/frontend/src/app/consolidados/[id]/page.tsx [Client Component SSR]
    ./Documents/REMUNERACIONES 2026/frontend/src/app/consolidados/[id]/page.tsx [Server Component] 
[browser] ./Documents/REMUNERACIONES 2026/frontend/src/app/consolidados/[id]/page.tsx:529:6
Unterminated regexp literal
  527 |   );
  528 | }
> 529 |     </div>
      |      ^^^^^
  530 |   );
  531 | }
  532 |

Parsing ecmascript source code failed

Import traces:
  Client Component Browser:
    ./Documents/REMUNERACIONES 2026/frontend/src/app/consolidados/[id]/page.tsx [Client Component Browser]
    ./Documents/REMUNERACIONES 2026/frontend/src/app/consolidados/[id]/page.tsx [Server Component]

  Client Component SSR:
    ./Documents/REMUNERACIONES 2026/frontend/src/app/consolidados/[id]/page.tsx [Client Component SSR]
    ./Documents/REMUNERACIONES 2026/frontend/src/app/consolidados/[id]/page.tsx [Server Component] 
[browser] ./Documents/REMUNERACIONES 2026/frontend/src/app/consolidados/[id]/page.tsx:529:6
Unterminated regexp literal
  527 |   );
  528 | }
> 529 |     </div>
      |      ^^^^^
  530 |   );
  531 | }
  532 |

Parsing ecmascript source code failed

Import traces:
  Client Component Browser:
    ./Documents/REMUNERACIONES 2026/frontend/src/app/consolidados/[id]/page.tsx [Client Component Browser]
    ./Documents/REMUNERACIONES 2026/frontend/src/app/consolidados/[id]/page.tsx [Server Component]

  Client Component SSR:
    ./Documents/REMUNERACIONES 2026/frontend/src/app/consolidados/[id]/page.tsx [Client Component SSR]
    ./Documents/REMUNERACIONES 2026/frontend/src/app/consolidados/[id]/page.tsx [Server Component] 
[browser] ./Documents/REMUNERACIONES 2026/frontend/src/app/consolidados/[id]/page.tsx:529:5
Expression expected
  527 |   );
  528 | }
> 529 |     </div>
      |     ^
  530 |   );
  531 | }
  532 |

Parsing ecmascript source code failed

Import traces:
  Client Component Browser:
    ./Documents/REMUNERACIONES 2026/frontend/src/app/consolidados/[id]/page.tsx [Client Component Browser]
    ./Documents/REMUNERACIONES 2026/frontend/src/app/consolidados/[id]/page.tsx [Server Component]

  Client Component SSR:
    ./Documents/REMUNERACIONES 2026/frontend/src/app/consolidados/[id]/page.tsx [Client Component SSR]
    ./Documents/REMUNERACIONES 2026/frontend/src/app/consolidados/[id]/page.tsx [Server Component] 
[browser] ./Documents/REMUNERACIONES 2026/frontend/src/app/consolidados/[id]/page.tsx:529:5
Expression expected
  527 |   );
  528 | }
> 529 |     </div>
      |     ^
  530 |   );
  531 | }
  532 |

Parsing ecmascript source code failed

Import traces:
  Client Component Browser:
    ./Documents/REMUNERACIONES 2026/frontend/src/app/consolidados/[id]/page.tsx [Client Component Browser]
    ./Documents/REMUNERACIONES 2026/frontend/src/app/consolidados/[id]/page.tsx [Server Component]

  Client Component SSR:
    ./Documents/REMUNERACIONES 2026/frontend/src/app/consolidados/[id]/page.tsx [Client Component SSR]
    ./Documents/REMUNERACIONES 2026/frontend/src/app/consolidados/[id]/page.tsx [Server Component] 
[browser] ./Documents/REMUNERACIONES 2026/frontend/src/app/consolidados/[id]/page.tsx:529:6
Unterminated regexp literal
  527 |   );
  528 | }
> 529 |     </div>
      |      ^^^^^
  530 |   );
  531 | }
  532 |

Parsing ecmascript source code failed

Import traces:
  Client Component Browser:
    ./Documents/REMUNERACIONES 2026/frontend/src/app/consolidados/[id]/page.tsx [Client Component Browser]
    ./Documents/REMUNERACIONES 2026/frontend/src/app/consolidados/[id]/page.tsx [Server Component]

  Client Component SSR:
    ./Documents/REMUNERACIONES 2026/frontend/src/app/consolidados/[id]/page.tsx [Client Component SSR]
    ./Documents/REMUNERACIONES 2026/frontend/src/app/consolidados/[id]/page.tsx [Server Component] 
[browser] ./Documents/REMUNERACIONES 2026/frontend/src/app/consolidados/[id]/page.tsx:529:6
Unterminated regexp literal
  527 |   );
  528 | }
> 529 |     </div>
      |      ^^^^^
  530 |   );
  531 | }
  532 |

Parsing ecmascript source code failed

Import traces:
  Client Component Browser:
    ./Documents/REMUNERACIONES 2026/frontend/src/app/consolidados/[id]/page.tsx [Client Component Browser]
    ./Documents/REMUNERACIONES 2026/frontend/src/app/consolidados/[id]/page.tsx [Server Component]

  Client Component SSR:
    ./Documents/REMUNERACIONES 2026/frontend/src/app/consolidados/[id]/page.tsx [Client Component SSR]
    ./Documents/REMUNERACIONES 2026/frontend/src/app/consolidados/[id]/page.tsx [Server Component] 
[browser] ./Documents/REMUNERACIONES 2026/frontend/src/app/consolidados/[id]/page.tsx:529:5
Expression expected
  527 |   );
  528 | }
> 529 |     </div>
      |     ^
  530 |   );
  531 | }
  532 |

Parsing ecmascript source code failed

Import traces:
  Client Component Browser:
    ./Documents/REMUNERACIONES 2026/frontend/src/app/consolidados/[id]/page.tsx [Client Component Browser]
    ./Documents/REMUNERACIONES 2026/frontend/src/app/consolidados/[id]/page.tsx [Server Component]

  Client Component SSR:
    ./Documents/REMUNERACIONES 2026/frontend/src/app/consolidados/[id]/page.tsx [Client Component SSR]
    ./Documents/REMUNERACIONES 2026/frontend/src/app/consolidados/[id]/page.tsx [Server Component] 
[browser] ./Documents/REMUNERACIONES 2026/frontend/src/app/consolidados/[id]/page.tsx:529:5
Expression expected
  527 |   );
  528 | }
> 529 |     </div>
      |     ^
  530 |   );
  531 | }
  532 |

Parsing ecmascript source code failed

Import traces:
  Client Component Browser:
    ./Documents/REMUNERACIONES 2026/frontend/src/app/consolidados/[id]/page.tsx [Client Component Browser]
    ./Documents/REMUNERACIONES 2026/frontend/src/app/consolidados/[id]/page.tsx [Server Component]

  Client Component SSR:
    ./Documents/REMUNERACIONES 2026/frontend/src/app/consolidados/[id]/page.tsx [Client Component SSR]
    ./Documents/REMUNERACIONES 2026/frontend/src/app/consolidados/[id]/page.tsx [Server Component] 
[browser] ./Documents/REMUNERACIONES 2026/frontend/src/app/consolidados/[id]/page.tsx:529:6
Unterminated regexp literal
  527 |   );
  528 | }
> 529 |     </div>
      |      ^^^^^
  530 |   );
  531 | }
  532 |

Parsing ecmascript source code failed

Import traces:
  Client Component Browser:
    ./Documents/REMUNERACIONES 2026/frontend/src/app/consolidados/[id]/page.tsx [Client Component Browser]
    ./Documents/REMUNERACIONES 2026/frontend/src/app/consolidados/[id]/page.tsx [Server Component]

  Client Component SSR:
    ./Documents/REMUNERACIONES 2026/frontend/src/app/consolidados/[id]/page.tsx [Client Component SSR]
    ./Documents/REMUNERACIONES 2026/frontend/src/app/consolidados/[id]/page.tsx [Server Component] 
[browser] ./Documents/REMUNERACIONES 2026/frontend/src/app/consolidados/[id]/page.tsx:529:6
Unterminated regexp literal
  527 |   );
  528 | }
> 529 |     </div>
      |      ^^^^^
  530 |   );
  531 | }
  532 |

Parsing ecmascript source code failed

Import traces:
  Client Component Browser:
    ./Documents/REMUNERACIONES 2026/frontend/src/app/consolidados/[id]/page.tsx [Client Component Browser]
    ./Documents/REMUNERACIONES 2026/frontend/src/app/consolidados/[id]/page.tsx [Server Component]

  Client Component SSR:
    ./Documents/REMUNERACIONES 2026/frontend/src/app/consolidados/[id]/page.tsx [Client Component SSR]
    ./Documents/REMUNERACIONES 2026/frontend/src/app/consolidados/[id]/page.tsx [Server Component] 
[browser] ./Documents/REMUNERACIONES 2026/frontend/src/app/consolidados/[id]/page.tsx:529:5
Expression expected
  527 |   );
  528 | }
> 529 |     </div>
      |     ^
  530 |   );
  531 | }
  532 |

Parsing ecmascript source code failed

Import traces:
  Client Component Browser:
    ./Documents/REMUNERACIONES 2026/frontend/src/app/consolidados/[id]/page.tsx [Client Component Browser]
    ./Documents/REMUNERACIONES 2026/frontend/src/app/consolidados/[id]/page.tsx [Server Component]

  Client Component SSR:
    ./Documents/REMUNERACIONES 2026/frontend/src/app/consolidados/[id]/page.tsx [Client Component SSR]
    ./Documents/REMUNERACIONES 2026/frontend/src/app/consolidados/[id]/page.tsx [Server Component] 
[browser] ./Documents/REMUNERACIONES 2026/frontend/src/app/consolidados/[id]/page.tsx:529:5
Expression expected
  527 |   );
  528 | }
> 529 |     </div>
      |     ^
  530 |   );
  531 | }
  532 |

Parsing ecmascript source code failed

Import traces:
  Client Component Browser:
    ./Documents/REMUNERACIONES 2026/frontend/src/app/consolidados/[id]/page.tsx [Client Component Browser]
    ./Documents/REMUNERACIONES 2026/frontend/src/app/consolidados/[id]/page.tsx [Server Component]

  Client Component SSR:
    ./Documents/REMUNERACIONES 2026/frontend/src/app/consolidados/[id]/page.tsx [Client Component SSR]
    ./Documents/REMUNERACIONES 2026/frontend/src/app/consolidados/[id]/page.tsx [Server Component] 
[browser] ./Documents/REMUNERACIONES 2026/frontend/src/app/consolidados/[id]/page.tsx:529:6
Unterminated regexp literal
  527 |   );
  528 | }
> 529 |     </div>
      |      ^^^^^
  530 |   );
  531 | }
  532 |

Parsing ecmascript source code failed

Import traces:
  Client Component Browser:
    ./Documents/REMUNERACIONES 2026/frontend/src/app/consolidados/[id]/page.tsx [Client Component Browser]
    ./Documents/REMUNERACIONES 2026/frontend/src/app/consolidados/[id]/page.tsx [Server Component]

  Client Component SSR:
    ./Documents/REMUNERACIONES 2026/frontend/src/app/consolidados/[id]/page.tsx [Client Component SSR]
    ./Documents/REMUNERACIONES 2026/frontend/src/app/consolidados/[id]/page.tsx [Server Component] 
[browser] ./Documents/REMUNERACIONES 2026/frontend/src/app/consolidados/[id]/page.tsx:529:6
Unterminated regexp literal
  527 |   );
  528 | }
> 529 |     </div>
      |      ^^^^^
  530 |   );
  531 | }
  532 |

Parsing ecmascript source code failed

Import traces:
  Client Component Browser:
    ./Documents/REMUNERACIONES 2026/frontend/src/app/consolidados/[id]/page.tsx [Client Component Browser]
    ./Documents/REMUNERACIONES 2026/frontend/src/app/consolidados/[id]/page.tsx [Server Component]

  Client Component SSR:
    ./Documents/REMUNERACIONES 2026/frontend/src/app/consolidados/[id]/page.tsx [Client Component SSR]
    ./Documents/REMUNERACIONES 2026/frontend/src/app/consolidados/[id]/page.tsx [Server Component] 
[browser] ./Documents/REMUNERACIONES 2026/frontend/src/app/consolidados/[id]/page.tsx:529:5
Expression expected
  527 |   );
  528 | }
> 529 |     </div>
      |     ^
  530 |   );
  531 | }
  532 |

Parsing ecmascript source code failed

Import traces:
  Client Component Browser:
    ./Documents/REMUNERACIONES 2026/frontend/src/app/consolidados/[id]/page.tsx [Client Component Browser]
    ./Documents/REMUNERACIONES 2026/frontend/src/app/consolidados/[id]/page.tsx [Server Component]

  Client Component SSR:
    ./Documents/REMUNERACIONES 2026/frontend/src/app/consolidados/[id]/page.tsx [Client Component SSR]
    ./Documents/REMUNERACIONES 2026/frontend/src/app/consolidados/[id]/page.tsx [Server Component] 
[browser] ./Documents/REMUNERACIONES 2026/frontend/src/app/consolidados/[id]/page.tsx:529:5
Expression expected
  527 |   );
  528 | }
> 529 |     </div>
      |     ^
  530 |   );
  531 | }
  532 |

Parsing ecmascript source code failed

Import traces:
  Client Component Browser:
    ./Documents/REMUNERACIONES 2026/frontend/src/app/consolidados/[id]/page.tsx [Client Component Browser]
    ./Documents/REMUNERACIONES 2026/frontend/src/app/consolidados/[id]/page.tsx [Server Component]

  Client Component SSR:
    ./Documents/REMUNERACIONES 2026/frontend/src/app/consolidados/[id]/page.tsx [Client Component SSR]
    ./Documents/REMUNERACIONES 2026/frontend/src/app/consolidados/[id]/page.tsx [Server Component] 
[browser] ./Documents/REMUNERACIONES 2026/frontend/src/app/consolidados/[id]/page.tsx:529:6
Unterminated regexp literal
  527 |   );
  528 | }
> 529 |     </div>
      |      ^^^^^
  530 |   );
  531 | }
  532 |

Parsing ecmascript source code failed

Import traces:
  Client Component Browser:
    ./Documents/REMUNERACIONES 2026/frontend/src/app/consolidados/[id]/page.tsx [Client Component Browser]
    ./Documents/REMUNERACIONES 2026/frontend/src/app/consolidados/[id]/page.tsx [Server Component]

  Client Component SSR:
    ./Documents/REMUNERACIONES 2026/frontend/src/app/consolidados/[id]/page.tsx [Client Component SSR]
    ./Documents/REMUNERACIONES 2026/frontend/src/app/consolidados/[id]/page.tsx [Server Component] 
[browser] ./Documents/REMUNERACIONES 2026/frontend/src/app/consolidados/[id]/page.tsx:529:6
Unterminated regexp literal
  527 |   );
  528 | }
> 529 |     </div>
      |      ^^^^^
  530 |   );
  531 | }
  532 |

Parsing ecmascript source code failed

Import traces:
  Client Component Browser:
    ./Documents/REMUNERACIONES 2026/frontend/src/app/consolidados/[id]/page.tsx [Client Component Browser]
    ./Documents/REMUNERACIONES 2026/frontend/src/app/consolidados/[id]/page.tsx [Server Component]

  Client Component SSR:
    ./Documents/REMUNERACIONES 2026/frontend/src/app/consolidados/[id]/page.tsx [Client Component SSR]
    ./Documents/REMUNERACIONES 2026/frontend/src/app/consolidados/[id]/page.tsx [Server Component] 
[browser] ./Documents/REMUNERACIONES 2026/frontend/src/app/consolidados/[id]/page.tsx:529:5
Expression expected
  527 |   );
  528 | }
> 529 |     </div>
      |     ^
  530 |   );
  531 | }
  532 |

Parsing ecmascript source code failed

Import traces:
  Client Component Browser:
    ./Documents/REMUNERACIONES 2026/frontend/src/app/consolidados/[id]/page.tsx [Client Component Browser]
    ./Documents/REMUNERACIONES 2026/frontend/src/app/consolidados/[id]/page.tsx [Server Component]

  Client Component SSR:
    ./Documents/REMUNERACIONES 2026/frontend/src/app/consolidados/[id]/page.tsx [Client Component SSR]
    ./Documents/REMUNERACIONES 2026/frontend/src/app/consolidados/[id]/page.tsx [Server Component] 
[browser] ./Documents/REMUNERACIONES 2026/frontend/src/app/consolidados/[id]/page.tsx:529:5
Expression expected
  527 |   );
  528 | }
> 529 |     </div>
      |     ^
  530 |   );
  531 | }
  532 |

Parsing ecmascript source code failed

Import traces:
  Client Component Browser:
    ./Documents/REMUNERACIONES 2026/frontend/src/app/consolidados/[id]/page.tsx [Client Component Browser]
    ./Documents/REMUNERACIONES 2026/frontend/src/app/consolidados/[id]/page.tsx [Server Component]

  Client Component SSR:
    ./Documents/REMUNERACIONES 2026/frontend/src/app/consolidados/[id]/page.tsx [Client Component SSR]
    ./Documents/REMUNERACIONES 2026/frontend/src/app/consolidados/[id]/page.tsx [Server Component] 
[browser] ./Documents/REMUNERACIONES 2026/frontend/src/app/consolidados/[id]/page.tsx:529:6
Unterminated regexp literal
  527 |   );
  528 | }
> 529 |     </div>
      |      ^^^^^
  530 |   );
  531 | }
  532 |

Parsing ecmascript source code failed

Import traces:
  Client Component Browser:
    ./Documents/REMUNERACIONES 2026/frontend/src/app/consolidados/[id]/page.tsx [Client Component Browser]
    ./Documents/REMUNERACIONES 2026/frontend/src/app/consolidados/[id]/page.tsx [Server Component]

  Client Component SSR:
    ./Documents/REMUNERACIONES 2026/frontend/src/app/consolidados/[id]/page.tsx [Client Component SSR]
    ./Documents/REMUNERACIONES 2026/frontend/src/app/consolidados/[id]/page.tsx [Server Component] 
[browser] ./Documents/REMUNERACIONES 2026/frontend/src/app/consolidados/[id]/page.tsx:529:6
Unterminated regexp literal
  527 |   );
  528 | }
> 529 |     </div>
      |      ^^^^^
  530 |   );
  531 | }
  532 |

Parsing ecmascript source code failed

Import traces:
  Client Component Browser:
    ./Documents/REMUNERACIONES 2026/frontend/src/app/consolidados/[id]/page.tsx [Client Component Browser]
    ./Documents/REMUNERACIONES 2026/frontend/src/app/consolidados/[id]/page.tsx [Server Component]

  Client Component SSR:
    ./Documents/REMUNERACIONES 2026/frontend/src/app/consolidados/[id]/page.tsx [Client Component SSR]
    ./Documents/REMUNERACIONES 2026/frontend/src/app/consolidados/[id]/page.tsx [Server Component] 
[browser] ./Documents/REMUNERACIONES 2026/frontend/src/app/consolidados/[id]/page.tsx:529:5
Expression expected
  527 |   );
  528 | }
> 529 |     </div>
      |     ^
  530 |   );
  531 | }
  532 |

Parsing ecmascript source code failed

Import traces:
  Client Component Browser:
    ./Documents/REMUNERACIONES 2026/frontend/src/app/consolidados/[id]/page.tsx [Client Component Browser]
    ./Documents/REMUNERACIONES 2026/frontend/src/app/consolidados/[id]/page.tsx [Server Component]

  Client Component SSR:
    ./Documents/REMUNERACIONES 2026/frontend/src/app/consolidados/[id]/page.tsx [Client Component SSR]
    ./Documents/REMUNERACIONES 2026/frontend/src/app/consolidados/[id]/page.tsx [Server Component] 
[browser] ./Documents/REMUNERACIONES 2026/frontend/src/app/consolidados/[id]/page.tsx:529:5
Expression expected
  527 |   );
  528 | }
> 529 |     </div>
      |     ^
  530 |   );
  531 | }
  532 |

Parsing ecmascript source code failed

Import traces:
  Client Component Browser:
    ./Documents/REMUNERACIONES 2026/frontend/src/app/consolidados/[id]/page.tsx [Client Component Browser]
    ./Documents/REMUNERACIONES 2026/frontend/src/app/consolidados/[id]/page.tsx [Server Component]

  Client Component SSR:
    ./Documents/REMUNERACIONES 2026/frontend/src/app/consolidados/[id]/page.tsx [Client Component SSR]
    ./Documents/REMUNERACIONES 2026/frontend/src/app/consolidados/[id]/page.tsx [Server Component] 
[browser] ./Documents/REMUNERACIONES 2026/frontend/src/app/consolidados/[id]/page.tsx:529:6
Unterminated regexp literal
  527 |   );
  528 | }
> 529 |     </div>
      |      ^^^^^
  530 |   );
  531 | }
  532 |

Parsing ecmascript source code failed

Import traces:
  Client Component Browser:
    ./Documents/REMUNERACIONES 2026/frontend/src/app/consolidados/[id]/page.tsx [Client Component Browser]
    ./Documents/REMUNERACIONES 2026/frontend/src/app/consolidados/[id]/page.tsx [Server Component]

  Client Component SSR:
    ./Documents/REMUNERACIONES 2026/frontend/src/app/consolidados/[id]/page.tsx [Client Component SSR]
    ./Documents/REMUNERACIONES 2026/frontend/src/app/consolidados/[id]/page.tsx [Server Component] 
[browser] ./Documents/REMUNERACIONES 2026/frontend/src/app/consolidados/[id]/page.tsx:529:6
Unterminated regexp literal
  527 |   );
  528 | }
> 529 |     </div>
      |      ^^^^^
  530 |   );
  531 | }
  532 |

Parsing ecmascript source code failed

Import traces:
  Client Component Browser:
    ./Documents/REMUNERACIONES 2026/frontend/src/app/consolidados/[id]/page.tsx [Client Component Browser]
    ./Documents/REMUNERACIONES 2026/frontend/src/app/consolidados/[id]/page.tsx [Server Component]

  Client Component SSR:
    ./Documents/REMUNERACIONES 2026/frontend/src/app/consolidados/[id]/page.tsx [Client Component SSR]
    ./Documents/REMUNERACIONES 2026/frontend/src/app/consolidados/[id]/page.tsx [Server Component] 
[browser] ./Documents/REMUNERACIONES 2026/frontend/src/app/consolidados/[id]/page.tsx:529:5
Expression expected
  527 |   );
  528 | }
> 529 |     </div>
      |     ^
  530 |   );
  531 | }
  532 |

Parsing ecmascript source code failed

Import traces:
  Client Component Browser:
    ./Documents/REMUNERACIONES 2026/frontend/src/app/consolidados/[id]/page.tsx [Client Component Browser]
    ./Documents/REMUNERACIONES 2026/frontend/src/app/consolidados/[id]/page.tsx [Server Component]

  Client Component SSR:
    ./Documents/REMUNERACIONES 2026/frontend/src/app/consolidados/[id]/page.tsx [Client Component SSR]
    ./Documents/REMUNERACIONES 2026/frontend/src/app/consolidados/[id]/page.tsx [Server Component] 
[browser] ./Documents/REMUNERACIONES 2026/frontend/src/app/consolidados/[id]/page.tsx:529:5
Expression expected
  527 |   );
  528 | }
> 529 |     </div>
      |     ^
  530 |   );
  531 | }
  532 |

Parsing ecmascript source code failed

Import traces:
  Client Component Browser:
    ./Documents/REMUNERACIONES 2026/frontend/src/app/consolidados/[id]/page.tsx [Client Component Browser]
    ./Documents/REMUNERACIONES 2026/frontend/src/app/consolidados/[id]/page.tsx [Server Component]

  Client Component SSR:
    ./Documents/REMUNERACIONES 2026/frontend/src/app/consolidados/[id]/page.tsx [Client Component SSR]
    ./Documents/REMUNERACIONES 2026/frontend/src/app/consolidados/[id]/page.tsx [Server Component] 
[browser] ./Documents/REMUNERACIONES 2026/frontend/src/app/consolidados/[id]/page.tsx:529:6
Unterminated regexp literal
  527 |   );
  528 | }
> 529 |     </div>
      |      ^^^^^
  530 |   );
  531 | }
  532 |

Parsing ecmascript source code failed

Import traces:
  Client Component Browser:
    ./Documents/REMUNERACIONES 2026/frontend/src/app/consolidados/[id]/page.tsx [Client Component Browser]
    ./Documents/REMUNERACIONES 2026/frontend/src/app/consolidados/[id]/page.tsx [Server Component]

  Client Component SSR:
    ./Documents/REMUNERACIONES 2026/frontend/src/app/consolidados/[id]/page.tsx [Client Component SSR]
    ./Documents/REMUNERACIONES 2026/frontend/src/app/consolidados/[id]/page.tsx [Server Component] 
[browser] ./Documents/REMUNERACIONES 2026/frontend/src/app/consolidados/[id]/page.tsx:529:6
Unterminated regexp literal
  527 |   );
  528 | }
> 529 |     </div>
      |      ^^^^^
  530 |   );
  531 | }
  532 |

Parsing ecmascript source code failed

Import traces:
  Client Component Browser:
    ./Documents/REMUNERACIONES 2026/frontend/src/app/consolidados/[id]/page.tsx [Client Component Browser]
    ./Documents/REMUNERACIONES 2026/frontend/src/app/consolidados/[id]/page.tsx [Server Component]

  Client Component SSR:
    ./Documents/REMUNERACIONES 2026/frontend/src/app/consolidados/[id]/page.tsx [Client Component SSR]
    ./Documents/REMUNERACIONES 2026/frontend/src/app/consolidados/[id]/page.tsx [Server Component] 
[browser] ./Documents/REMUNERACIONES 2026/frontend/src/app/consolidados/[id]/page.tsx:529:5
Expression expected
  527 |   );
  528 | }
> 529 |     </div>
      |     ^
  530 |   );
  531 | }
  532 |

Parsing ecmascript source code failed

Import traces:
  Client Component Browser:
    ./Documents/REMUNERACIONES 2026/frontend/src/app/consolidados/[id]/page.tsx [Client Component Browser]
    ./Documents/REMUNERACIONES 2026/frontend/src/app/consolidados/[id]/page.tsx [Server Component]

  Client Component SSR:
    ./Documents/REMUNERACIONES 2026/frontend/src/app/consolidados/[id]/page.tsx [Client Component SSR]
    ./Documents/REMUNERACIONES 2026/frontend/src/app/consolidados/[id]/page.tsx [Server Component] 
[browser] ./Documents/REMUNERACIONES 2026/frontend/src/app/consolidados/[id]/page.tsx:529:5
Expression expected
  527 |   );
  528 | }
> 529 |     </div>
      |     ^
  530 |   );
  531 | }
  532 |

Parsing ecmascript source code failed

Import traces:
  Client Component Browser:
    ./Documents/REMUNERACIONES 2026/frontend/src/app/consolidados/[id]/page.tsx [Client Component Browser]
    ./Documents/REMUNERACIONES 2026/frontend/src/app/consolidados/[id]/page.tsx [Server Component]

  Client Component SSR:
    ./Documents/REMUNERACIONES 2026/frontend/src/app/consolidados/[id]/page.tsx [Client Component SSR]
    ./Documents/REMUNERACIONES 2026/frontend/src/app/consolidados/[id]/page.tsx [Server Component] 
[browser] ./Documents/REMUNERACIONES 2026/frontend/src/app/consolidados/[id]/page.tsx:529:6
Unterminated regexp literal
  527 |   );
  528 | }
> 529 |     </div>
      |      ^^^^^
  530 |   );
  531 | }
  532 |

Parsing ecmascript source code failed

Import traces:
  Client Component Browser:
    ./Documents/REMUNERACIONES 2026/frontend/src/app/consolidados/[id]/page.tsx [Client Component Browser]
    ./Documents/REMUNERACIONES 2026/frontend/src/app/consolidados/[id]/page.tsx [Server Component]

  Client Component SSR:
    ./Documents/REMUNERACIONES 2026/frontend/src/app/consolidados/[id]/page.tsx [Client Component SSR]
    ./Documents/REMUNERACIONES 2026/frontend/src/app/consolidados/[id]/page.tsx [Server Component] 
[browser] ./Documents/REMUNERACIONES 2026/frontend/src/app/consolidados/[id]/page.tsx:529:6
Unterminated regexp literal
  527 |   );
  528 | }
> 529 |     </div>
      |      ^^^^^
  530 |   );
  531 | }
  532 |

Parsing ecmascript source code failed

Import traces:
  Client Component Browser:
    ./Documents/REMUNERACIONES 2026/frontend/src/app/consolidados/[id]/page.tsx [Client Component Browser]
    ./Documents/REMUNERACIONES 2026/frontend/src/app/consolidados/[id]/page.tsx [Server Component]

  Client Component SSR:
    ./Documents/REMUNERACIONES 2026/frontend/src/app/consolidados/[id]/page.tsx [Client Component SSR]
    ./Documents/REMUNERACIONES 2026/frontend/src/app/consolidados/[id]/page.tsx [Server Component] 
[browser] ./Documents/REMUNERACIONES 2026/frontend/src/app/consolidados/[id]/page.tsx:529:5
Expression expected
  527 |   );
  528 | }
> 529 |     </div>
      |     ^
  530 |   );
  531 | }
  532 |

Parsing ecmascript source code failed

Import traces:
  Client Component Browser:
    ./Documents/REMUNERACIONES 2026/frontend/src/app/consolidados/[id]/page.tsx [Client Component Browser]
    ./Documents/REMUNERACIONES 2026/frontend/src/app/consolidados/[id]/page.tsx [Server Component]

  Client Component SSR:
    ./Documents/REMUNERACIONES 2026/frontend/src/app/consolidados/[id]/page.tsx [Client Component SSR]
    ./Documents/REMUNERACIONES 2026/frontend/src/app/consolidados/[id]/page.tsx [Server Component] 
[browser] ./Documents/REMUNERACIONES 2026/frontend/src/app/consolidados/[id]/page.tsx:529:5
Expression expected
  527 |   );
  528 | }
> 529 |     </div>
      |     ^
  530 |   );
  531 | }
  532 |

Parsing ecmascript source code failed

Import traces:
  Client Component Browser:
    ./Documents/REMUNERACIONES 2026/frontend/src/app/consolidados/[id]/page.tsx [Client Component Browser]
    ./Documents/REMUNERACIONES 2026/frontend/src/app/consolidados/[id]/page.tsx [Server Component]

  Client Component SSR:
    ./Documents/REMUNERACIONES 2026/frontend/src/app/consolidados/[id]/page.tsx [Client Component SSR]
    ./Documents/REMUNERACIONES 2026/frontend/src/app/consolidados/[id]/page.tsx [Server Component] 
[browser] ./Documents/REMUNERACIONES 2026/frontend/src/app/consolidados/[id]/page.tsx:529:6
Unterminated regexp literal
  527 |   );
  528 | }
> 529 |     </div>
      |      ^^^^^
  530 |   );
  531 | }
  532 |

Parsing ecmascript source code failed

Import traces:
  Client Component Browser:
    ./Documents/REMUNERACIONES 2026/frontend/src/app/consolidados/[id]/page.tsx [Client Component Browser]
    ./Documents/REMUNERACIONES 2026/frontend/src/app/consolidados/[id]/page.tsx [Server Component]

  Client Component SSR:
    ./Documents/REMUNERACIONES 2026/frontend/src/app/consolidados/[id]/page.tsx [Client Component SSR]
    ./Documents/REMUNERACIONES 2026/frontend/src/app/consolidados/[id]/page.tsx [Server Component] 
[browser] ./Documents/REMUNERACIONES 2026/frontend/src/app/consolidados/[id]/page.tsx:529:6
Unterminated regexp literal
  527 |   );
  528 | }
> 529 |     </div>
      |      ^^^^^
  530 |   );
  531 | }
  532 |

Parsing ecmascript source code failed

Import traces:
  Client Component Browser:
    ./Documents/REMUNERACIONES 2026/frontend/src/app/consolidados/[id]/page.tsx [Client Component Browser]
    ./Documents/REMUNERACIONES 2026/frontend/src/app/consolidados/[id]/page.tsx [Server Component]

  Client Component SSR:
    ./Documents/REMUNERACIONES 2026/frontend/src/app/consolidados/[id]/page.tsx [Client Component SSR]
    ./Documents/REMUNERACIONES 2026/frontend/src/app/consolidados/[id]/page.tsx [Server Component] 
[browser] ./Documents/REMUNERACIONES 2026/frontend/src/app/consolidados/[id]/page.tsx:529:5
Expression expected
  527 |   );
  528 | }
> 529 |     </div>
      |     ^
  530 |   );
  531 | }
  532 |

Parsing ecmascript source code failed

Import traces:
  Client Component Browser:
    ./Documents/REMUNERACIONES 2026/frontend/src/app/consolidados/[id]/page.tsx [Client Component Browser]
    ./Documents/REMUNERACIONES 2026/frontend/src/app/consolidados/[id]/page.tsx [Server Component]

  Client Component SSR:
    ./Documents/REMUNERACIONES 2026/frontend/src/app/consolidados/[id]/page.tsx [Client Component SSR]
    ./Documents/REMUNERACIONES 2026/frontend/src/app/consolidados/[id]/page.tsx [Server Component] 
[browser] ./Documents/REMUNERACIONES 2026/frontend/src/app/consolidados/[id]/page.tsx:529:5
Expression expected
  527 |   );
  528 | }
> 529 |     </div>
      |     ^
  530 |   );
  531 | }
  532 |

Parsing ecmascript source code failed

Import traces:
  Client Component Browser:
    ./Documents/REMUNERACIONES 2026/frontend/src/app/consolidados/[id]/page.tsx [Client Component Browser]
    ./Documents/REMUNERACIONES 2026/frontend/src/app/consolidados/[id]/page.tsx [Server Component]

  Client Component SSR:
    ./Documents/REMUNERACIONES 2026/frontend/src/app/consolidados/[id]/page.tsx [Client Component SSR]
    ./Documents/REMUNERACIONES 2026/frontend/src/app/consolidados/[id]/page.tsx [Server Component] 
[browser] ./Documents/REMUNERACIONES 2026/frontend/src/app/consolidados/[id]/page.tsx:529:6
Unterminated regexp literal
  527 |   );
  528 | }
> 529 |     </div>
      |      ^^^^^
  530 |   );
  531 | }
  532 |

Parsing ecmascript source code failed

Import traces:
  Client Component Browser:
    ./Documents/REMUNERACIONES 2026/frontend/src/app/consolidados/[id]/page.tsx [Client Component Browser]
    ./Documents/REMUNERACIONES 2026/frontend/src/app/consolidados/[id]/page.tsx [Server Component]

  Client Component SSR:
    ./Documents/REMUNERACIONES 2026/frontend/src/app/consolidados/[id]/page.tsx [Client Component SSR]
    ./Documents/REMUNERACIONES 2026/frontend/src/app/consolidados/[id]/page.tsx [Server Component] 
[browser] ./Documents/REMUNERACIONES 2026/frontend/src/app/consolidados/[id]/page.tsx:529:6
Unterminated regexp literal
  527 |   );
  528 | }
> 529 |     </div>
      |      ^^^^^
  530 |   );
  531 | }
  532 |

Parsing ecmascript source code failed

Import traces:
  Client Component Browser:
    ./Documents/REMUNERACIONES 2026/frontend/src/app/consolidados/[id]/page.tsx [Client Component Browser]
    ./Documents/REMUNERACIONES 2026/frontend/src/app/consolidados/[id]/page.tsx [Server Component]

  Client Component SSR:
    ./Documents/REMUNERACIONES 2026/frontend/src/app/consolidados/[id]/page.tsx [Client Component SSR]
    ./Documents/REMUNERACIONES 2026/frontend/src/app/consolidados/[id]/page.tsx [Server Component] 
[browser] ./Documents/REMUNERACIONES 2026/frontend/src/app/consolidados/[id]/page.tsx:529:5
Expression expected
  527 |   );
  528 | }
> 529 |     </div>
      |     ^
  530 |   );
  531 | }
  532 |

Parsing ecmascript source code failed

Import traces:
  Client Component Browser:
    ./Documents/REMUNERACIONES 2026/frontend/src/app/consolidados/[id]/page.tsx [Client Component Browser]
    ./Documents/REMUNERACIONES 2026/frontend/src/app/consolidados/[id]/page.tsx [Server Component]

  Client Component SSR:
    ./Documents/REMUNERACIONES 2026/frontend/src/app/consolidados/[id]/page.tsx [Client Component SSR]
    ./Documents/REMUNERACIONES 2026/frontend/src/app/consolidados/[id]/page.tsx [Server Component] 
[browser] ./Documents/REMUNERACIONES 2026/frontend/src/app/consolidados/[id]/page.tsx:529:5
Expression expected
  527 |   );
  528 | }
> 529 |     </div>
      |     ^
  530 |   );
  531 | }
  532 |

Parsing ecmascript source code failed

Import traces:
  Client Component Browser:
    ./Documents/REMUNERACIONES 2026/frontend/src/app/consolidados/[id]/page.tsx [Client Component Browser]
    ./Documents/REMUNERACIONES 2026/frontend/src/app/consolidados/[id]/page.tsx [Server Component]

  Client Component SSR:
    ./Documents/REMUNERACIONES 2026/frontend/src/app/consolidados/[id]/page.tsx [Client Component SSR]
    ./Documents/REMUNERACIONES 2026/frontend/src/app/consolidados/[id]/page.tsx [Server Component] 
[browser] ./Documents/REMUNERACIONES 2026/frontend/src/app/consolidados/[id]/page.tsx:529:6
Unterminated regexp literal
  527 |   );
  528 | }
> 529 |     </div>
      |      ^^^^^
  530 |   );
  531 | }
  532 |

Parsing ecmascript source code failed

Import traces:
  Client Component Browser:
    ./Documents/REMUNERACIONES 2026/frontend/src/app/consolidados/[id]/page.tsx [Client Component Browser]
    ./Documents/REMUNERACIONES 2026/frontend/src/app/consolidados/[id]/page.tsx [Server Component]

  Client Component SSR:
    ./Documents/REMUNERACIONES 2026/frontend/src/app/consolidados/[id]/page.tsx [Client Component SSR]
    ./Documents/REMUNERACIONES 2026/frontend/src/app/consolidados/[id]/page.tsx [Server Component] 
[browser] ./Documents/REMUNERACIONES 2026/frontend/src/app/consolidados/[id]/page.tsx:529:6
Unterminated regexp literal
  527 |   );
  528 | }
> 529 |     </div>
      |      ^^^^^
  530 |   );
  531 | }
  532 |

Parsing ecmascript source code failed

Import traces:
  Client Component Browser:
    ./Documents/REMUNERACIONES 2026/frontend/src/app/consolidados/[id]/page.tsx [Client Component Browser]
    ./Documents/REMUNERACIONES 2026/frontend/src/app/consolidados/[id]/page.tsx [Server Component]

  Client Component SSR:
    ./Documents/REMUNERACIONES 2026/frontend/src/app/consolidados/[id]/page.tsx [Client Component SSR]
    ./Documents/REMUNERACIONES 2026/frontend/src/app/consolidados/[id]/page.tsx [Server Component] 
[browser] ./Documents/REMUNERACIONES 2026/frontend/src/app/consolidados/[id]/page.tsx:529:5
Expression expected
  527 |   );
  528 | }
> 529 |     </div>
      |     ^
  530 |   );
  531 | }
  532 |

Parsing ecmascript source code failed

Import traces:
  Client Component Browser:
    ./Documents/REMUNERACIONES 2026/frontend/src/app/consolidados/[id]/page.tsx [Client Component Browser]
    ./Documents/REMUNERACIONES 2026/frontend/src/app/consolidados/[id]/page.tsx [Server Component]

  Client Component SSR:
    ./Documents/REMUNERACIONES 2026/frontend/src/app/consolidados/[id]/page.tsx [Client Component SSR]
    ./Documents/REMUNERACIONES 2026/frontend/src/app/consolidados/[id]/page.tsx [Server Component] 
[browser] ./Documents/REMUNERACIONES 2026/frontend/src/app/consolidados/[id]/page.tsx:529:5
Expression expected
  527 |   );
  528 | }
> 529 |     </div>
      |     ^
  530 |   );
  531 | }
  532 |

Parsing ecmascript source code failed

Import traces:
  Client Component Browser:
    ./Documents/REMUNERACIONES 2026/frontend/src/app/consolidados/[id]/page.tsx [Client Component Browser]
    ./Documents/REMUNERACIONES 2026/frontend/src/app/consolidados/[id]/page.tsx [Server Component]

  Client Component SSR:
    ./Documents/REMUNERACIONES 2026/frontend/src/app/consolidados/[id]/page.tsx [Client Component SSR]
    ./Documents/REMUNERACIONES 2026/frontend/src/app/consolidados/[id]/page.tsx [Server Component] 
[browser] ./Documents/REMUNERACIONES 2026/frontend/src/app/consolidados/[id]/page.tsx:529:6
Unterminated regexp literal
  527 |   );
  528 | }
> 529 |     </div>
      |      ^^^^^
  530 |   );
  531 | }
  532 |

Parsing ecmascript source code failed

Import traces:
  Client Component Browser:
    ./Documents/REMUNERACIONES 2026/frontend/src/app/consolidados/[id]/page.tsx [Client Component Browser]
    ./Documents/REMUNERACIONES 2026/frontend/src/app/consolidados/[id]/page.tsx [Server Component]

  Client Component SSR:
    ./Documents/REMUNERACIONES 2026/frontend/src/app/consolidados/[id]/page.tsx [Client Component SSR]
    ./Documents/REMUNERACIONES 2026/frontend/src/app/consolidados/[id]/page.tsx [Server Component] 
[browser] ./Documents/REMUNERACIONES 2026/frontend/src/app/consolidados/[id]/page.tsx:529:6
Unterminated regexp literal
  527 |   );
  528 | }
> 529 |     </div>
      |      ^^^^^
  530 |   );
  531 | }
  532 |

Parsing ecmascript source code failed

Import traces:
  Client Component Browser:
    ./Documents/REMUNERACIONES 2026/frontend/src/app/consolidados/[id]/page.tsx [Client Component Browser]
    ./Documents/REMUNERACIONES 2026/frontend/src/app/consolidados/[id]/page.tsx [Server Component]

  Client Component SSR:
    ./Documents/REMUNERACIONES 2026/frontend/src/app/consolidados/[id]/page.tsx [Client Component SSR]
    ./Documents/REMUNERACIONES 2026/frontend/src/app/consolidados/[id]/page.tsx [Server Component] 
[browser] ./Documents/REMUNERACIONES 2026/frontend/src/app/consolidados/[id]/page.tsx:529:5
Expression expected
  527 |   );
  528 | }
> 529 |     </div>
      |     ^
  530 |   );
  531 | }
  532 |

Parsing ecmascript source code failed

Import traces:
  Client Component Browser:
    ./Documents/REMUNERACIONES 2026/frontend/src/app/consolidados/[id]/page.tsx [Client Component Browser]
    ./Documents/REMUNERACIONES 2026/frontend/src/app/consolidados/[id]/page.tsx [Server Component]

  Client Component SSR:
    ./Documents/REMUNERACIONES 2026/frontend/src/app/consolidados/[id]/page.tsx [Client Component SSR]
    ./Documents/REMUNERACIONES 2026/frontend/src/app/consolidados/[id]/page.tsx [Server Component] 
[browser] ./Documents/REMUNERACIONES 2026/frontend/src/app/consolidados/[id]/page.tsx:529:5
Expression expected
  527 |   );
  528 | }
> 529 |     </div>
      |     ^
  530 |   );
  531 | }
  532 |

Parsing ecmascript source code failed

Import traces:
  Client Component Browser:
    ./Documents/REMUNERACIONES 2026/frontend/src/app/consolidados/[id]/page.tsx [Client Component Browser]
    ./Documents/REMUNERACIONES 2026/frontend/src/app/consolidados/[id]/page.tsx [Server Component]

  Client Component SSR:
    ./Documents/REMUNERACIONES 2026/frontend/src/app/consolidados/[id]/page.tsx [Client Component SSR]
    ./Documents/REMUNERACIONES 2026/frontend/src/app/consolidados/[id]/page.tsx [Server Component] 
[browser] ./Documents/REMUNERACIONES 2026/frontend/src/app/consolidados/[id]/page.tsx:529:6
Unterminated regexp literal
  527 |   );
  528 | }
> 529 |     </div>
      |      ^^^^^
  530 |   );
  531 | }
  532 |

Parsing ecmascript source code failed

Import traces:
  Client Component Browser:
    ./Documents/REMUNERACIONES 2026/frontend/src/app/consolidados/[id]/page.tsx [Client Component Browser]
    ./Documents/REMUNERACIONES 2026/frontend/src/app/consolidados/[id]/page.tsx [Server Component]

  Client Component SSR:
    ./Documents/REMUNERACIONES 2026/frontend/src/app/consolidados/[id]/page.tsx [Client Component SSR]
    ./Documents/REMUNERACIONES 2026/frontend/src/app/consolidados/[id]/page.tsx [Server Component] 
[browser] ./Documents/REMUNERACIONES 2026/frontend/src/app/consolidados/[id]/page.tsx:529:6
Unterminated regexp literal
  527 |   );
  528 | }
> 529 |     </div>
      |      ^^^^^
  530 |   );
  531 | }
  532 |

Parsing ecmascript source code failed

Import traces:
  Client Component Browser:
    ./Documents/REMUNERACIONES 2026/frontend/src/app/consolidados/[id]/page.tsx [Client Component Browser]
    ./Documents/REMUNERACIONES 2026/frontend/src/app/consolidados/[id]/page.tsx [Server Component]

  Client Component SSR:
    ./Documents/REMUNERACIONES 2026/frontend/src/app/consolidados/[id]/page.tsx [Client Component SSR]
    ./Documents/REMUNERACIONES 2026/frontend/src/app/consolidados/[id]/page.tsx [Server Component] 
[browser] ./Documents/REMUNERACIONES 2026/frontend/src/app/consolidados/[id]/page.tsx:529:5
Expression expected
  527 |   );
  528 | }
> 529 |     </div>
      |     ^
  530 |   );
  531 | }
  532 |

Parsing ecmascript source code failed

Import traces:
  Client Component Browser:
    ./Documents/REMUNERACIONES 2026/frontend/src/app/consolidados/[id]/page.tsx [Client Component Browser]
    ./Documents/REMUNERACIONES 2026/frontend/src/app/consolidados/[id]/page.tsx [Server Component]

  Client Component SSR:
    ./Documents/REMUNERACIONES 2026/frontend/src/app/consolidados/[id]/page.tsx [Client Component SSR]
    ./Documents/REMUNERACIONES 2026/frontend/src/app/consolidados/[id]/page.tsx [Server Component] 
[browser] ./Documents/REMUNERACIONES 2026/frontend/src/app/consolidados/[id]/page.tsx:529:5
Expression expected
  527 |   );
  528 | }
> 529 |     </div>
      |     ^
  530 |   );
  531 | }
  532 |

Parsing ecmascript source code failed

Import traces:
  Client Component Browser:
    ./Documents/REMUNERACIONES 2026/frontend/src/app/consolidados/[id]/page.tsx [Client Component Browser]
    ./Documents/REMUNERACIONES 2026/frontend/src/app/consolidados/[id]/page.tsx [Server Component]

  Client Component SSR:
    ./Documents/REMUNERACIONES 2026/frontend/src/app/consolidados/[id]/page.tsx [Client Component SSR]
    ./Documents/REMUNERACIONES 2026/frontend/src/app/consolidados/[id]/page.tsx [Server Component] 
[browser] ./Documents/REMUNERACIONES 2026/frontend/src/app/consolidados/[id]/page.tsx:529:6
Unterminated regexp literal
  527 |   );
  528 | }
> 529 |     </div>
      |      ^^^^^
  530 |   );
  531 | }
  532 |

Parsing ecmascript source code failed

Import traces:
  Client Component Browser:
    ./Documents/REMUNERACIONES 2026/frontend/src/app/consolidados/[id]/page.tsx [Client Component Browser]
    ./Documents/REMUNERACIONES 2026/frontend/src/app/consolidados/[id]/page.tsx [Server Component]

  Client Component SSR:
    ./Documents/REMUNERACIONES 2026/frontend/src/app/consolidados/[id]/page.tsx [Client Component SSR]
    ./Documents/REMUNERACIONES 2026/frontend/src/app/consolidados/[id]/page.tsx [Server Component] 
[browser] ./Documents/REMUNERACIONES 2026/frontend/src/app/consolidados/[id]/page.tsx:529:6
Unterminated regexp literal
  527 |   );
  528 | }
> 529 |     </div>
      |      ^^^^^
  530 |   );
  531 | }
  532 |

Parsing ecmascript source code failed

Import traces:
  Client Component Browser:
    ./Documents/REMUNERACIONES 2026/frontend/src/app/consolidados/[id]/page.tsx [Client Component Browser]
    ./Documents/REMUNERACIONES 2026/frontend/src/app/consolidados/[id]/page.tsx [Server Component]

  Client Component SSR:
    ./Documents/REMUNERACIONES 2026/frontend/src/app/consolidados/[id]/page.tsx [Client Component SSR]
    ./Documents/REMUNERACIONES 2026/frontend/src/app/consolidados/[id]/page.tsx [Server Component] 
[browser] ./Documents/REMUNERACIONES 2026/frontend/src/app/consolidados/[id]/page.tsx:529:5
Expression expected
  527 |   );
  528 | }
> 529 |     </div>
      |     ^
  530 |   );
  531 | }
  532 |

Parsing ecmascript source code failed

Import traces:
  Client Component Browser:
    ./Documents/REMUNERACIONES 2026/frontend/src/app/consolidados/[id]/page.tsx [Client Component Browser]
    ./Documents/REMUNERACIONES 2026/frontend/src/app/consolidados/[id]/page.tsx [Server Component]

  Client Component SSR:
    ./Documents/REMUNERACIONES 2026/frontend/src/app/consolidados/[id]/page.tsx [Client Component SSR]
    ./Documents/REMUNERACIONES 2026/frontend/src/app/consolidados/[id]/page.tsx [Server Component] 
[browser] ./Documents/REMUNERACIONES 2026/frontend/src/app/consolidados/[id]/page.tsx:529:5
Expression expected
  527 |   );
  528 | }
> 529 |     </div>
      |     ^
  530 |   );
  531 | }
  532 |

Parsing ecmascript source code failed

Import traces:
  Client Component Browser:
    ./Documents/REMUNERACIONES 2026/frontend/src/app/consolidados/[id]/page.tsx [Client Component Browser]
    ./Documents/REMUNERACIONES 2026/frontend/src/app/consolidados/[id]/page.tsx [Server Component]

  Client Component SSR:
    ./Documents/REMUNERACIONES 2026/frontend/src/app/consolidados/[id]/page.tsx [Client Component SSR]
    ./Documents/REMUNERACIONES 2026/frontend/src/app/consolidados/[id]/page.tsx [Server Component] 
[browser] ./Documents/REMUNERACIONES 2026/frontend/src/app/consolidados/[id]/page.tsx:529:6
Unterminated regexp literal
  527 |   );
  528 | }
> 529 |     </div>
      |      ^^^^^
  530 |   );
  531 | }
  532 |

Parsing ecmascript source code failed

Import traces:
  Client Component Browser:
    ./Documents/REMUNERACIONES 2026/frontend/src/app/consolidados/[id]/page.tsx [Client Component Browser]
    ./Documents/REMUNERACIONES 2026/frontend/src/app/consolidados/[id]/page.tsx [Server Component]

  Client Component SSR:
    ./Documents/REMUNERACIONES 2026/frontend/src/app/consolidados/[id]/page.tsx [Client Component SSR]
    ./Documents/REMUNERACIONES 2026/frontend/src/app/consolidados/[id]/page.tsx [Server Component] 
[browser] ./Documents/REMUNERACIONES 2026/frontend/src/app/consolidados/[id]/page.tsx:529:6
Unterminated regexp literal
  527 |   );
  528 | }
> 529 |     </div>
      |      ^^^^^
  530 |   );
  531 | }
  532 |

Parsing ecmascript source code failed

Import traces:
  Client Component Browser:
    ./Documents/REMUNERACIONES 2026/frontend/src/app/consolidados/[id]/page.tsx [Client Component Browser]
    ./Documents/REMUNERACIONES 2026/frontend/src/app/consolidados/[id]/page.tsx [Server Component]

  Client Component SSR:
    ./Documents/REMUNERACIONES 2026/frontend/src/app/consolidados/[id]/page.tsx [Client Component SSR]
    ./Documents/REMUNERACIONES 2026/frontend/src/app/consolidados/[id]/page.tsx [Server Component] 
[browser] ./Documents/REMUNERACIONES 2026/frontend/src/app/consolidados/[id]/page.tsx:529:5
Expression expected
  527 |   );
  528 | }
> 529 |     </div>
      |     ^
  530 |   );
  531 | }
  532 |

Parsing ecmascript source code failed

Import traces:
  Client Component Browser:
    ./Documents/REMUNERACIONES 2026/frontend/src/app/consolidados/[id]/page.tsx [Client Component Browser]
    ./Documents/REMUNERACIONES 2026/frontend/src/app/consolidados/[id]/page.tsx [Server Component]

  Client Component SSR:
    ./Documents/REMUNERACIONES 2026/frontend/src/app/consolidados/[id]/page.tsx [Client Component SSR]
    ./Documents/REMUNERACIONES 2026/frontend/src/app/consolidados/[id]/page.tsx [Server Component] 
[browser] ./Documents/REMUNERACIONES 2026/frontend/src/app/consolidados/[id]/page.tsx:529:5
Expression expected
  527 |   );
  528 | }
> 529 |     </div>
      |     ^
  530 |   );
  531 | }
  532 |

Parsing ecmascript source code failed

Import traces:
  Client Component Browser:
    ./Documents/REMUNERACIONES 2026/frontend/src/app/consolidados/[id]/page.tsx [Client Component Browser]
    ./Documents/REMUNERACIONES 2026/frontend/src/app/consolidados/[id]/page.tsx [Server Component]

  Client Component SSR:
    ./Documents/REMUNERACIONES 2026/frontend/src/app/consolidados/[id]/page.tsx [Client Component SSR]
    ./Documents/REMUNERACIONES 2026/frontend/src/app/consolidados/[id]/page.tsx [Server Component] 
[browser] ./Documents/REMUNERACIONES 2026/frontend/src/app/consolidados/[id]/page.tsx:529:6
Unterminated regexp literal
  527 |   );
  528 | }
> 529 |     </div>
      |      ^^^^^
  530 |   );
  531 | }
  532 |

Parsing ecmascript source code failed

Import traces:
  Client Component Browser:
    ./Documents/REMUNERACIONES 2026/frontend/src/app/consolidados/[id]/page.tsx [Client Component Browser]
    ./Documents/REMUNERACIONES 2026/frontend/src/app/consolidados/[id]/page.tsx [Server Component]

  Client Component SSR:
    ./Documents/REMUNERACIONES 2026/frontend/src/app/consolidados/[id]/page.tsx [Client Component SSR]
    ./Documents/REMUNERACIONES 2026/frontend/src/app/consolidados/[id]/page.tsx [Server Component] 
[browser] ./Documents/REMUNERACIONES 2026/frontend/src/app/consolidados/[id]/page.tsx:529:6
Unterminated regexp literal
  527 |   );
  528 | }
> 529 |     </div>
      |      ^^^^^
  530 |   );
  531 | }
  532 |

Parsing ecmascript source code failed

Import traces:
  Client Component Browser:
    ./Documents/REMUNERACIONES 2026/frontend/src/app/consolidados/[id]/page.tsx [Client Component Browser]
    ./Documents/REMUNERACIONES 2026/frontend/src/app/consolidados/[id]/page.tsx [Server Component]

  Client Component SSR:
    ./Documents/REMUNERACIONES 2026/frontend/src/app/consolidados/[id]/page.tsx [Client Component SSR]
    ./Documents/REMUNERACIONES 2026/frontend/src/app/consolidados/[id]/page.tsx [Server Component] 
 GET /consolidados 500 in 843ms (next.js: 729ms, application-code: 114ms)
[browser] Uncaught Error: ./Documents/REMUNERACIONES 2026/frontend/src/app/consolidados/[id]/page.tsx:529:5
Expression expected
  527 |   );
  528 | }
> 529 |     </div>
      |     ^
  530 |   );
  531 | }
  532 |

Parsing ecmascript source code failed

Import traces:
  Client Component Browser:
    ./Documents/REMUNERACIONES 2026/frontend/src/app/consolidados/[id]/page.tsx [Client Component Browser]
    ./Documents/REMUNERACIONES 2026/frontend/src/app/consolidados/[id]/page.tsx [Server Component]

  Client Component SSR:
    ./Documents/REMUNERACIONES 2026/frontend/src/app/consolidados/[id]/page.tsx [Client Component SSR]
    ./Documents/REMUNERACIONES 2026/frontend/src/app/consolidados/[id]/page.tsx [Server Component]


    at <unknown> (Error: ./Documents/REMUNERACIONES 2026/frontend/src/app/consolidados/[id]/page.tsx:529:5)
    at <unknown> (Error: (./Documents/REMUNERACIONES 2026/frontend/src/app/consolidados/[id]/page.tsx:529:5)
[browser] ./Documents/REMUNERACIONES 2026/frontend/src/app/consolidados/[id]/page.tsx:529:5
Expression expected
  527 |   );
  528 | }
> 529 |     </div>
      |     ^
  530 |   );
  531 | }
  532 |

Parsing ecmascript source code failed

Import traces:
  Client Component Browser:
    ./Documents/REMUNERACIONES 2026/frontend/src/app/consolidados/[id]/page.tsx [Client Component Browser]
    ./Documents/REMUNERACIONES 2026/frontend/src/app/consolidados/[id]/page.tsx [Server Component]

  Client Component SSR:
    ./Documents/REMUNERACIONES 2026/frontend/src/app/consolidados/[id]/page.tsx [Client Component SSR]
    ./Documents/REMUNERACIONES 2026/frontend/src/app/consolidados/[id]/page.tsx [Server Component] 
[browser] ./Documents/REMUNERACIONES 2026/frontend/src/app/consolidados/[id]/page.tsx:529:6
Unterminated regexp literal
  527 |   );
  528 | }
> 529 |     </div>
      |      ^^^^^
  530 |   );
  531 | }
  532 |

Parsing ecmascript source code failed

Import traces:
  Client Component Browser:
    ./Documents/REMUNERACIONES 2026/frontend/src/app/consolidados/[id]/page.tsx [Client Component Browser]
    ./Documents/REMUNERACIONES 2026/frontend/src/app/consolidados/[id]/page.tsx [Server Component]

  Client Component SSR:
    ./Documents/REMUNERACIONES 2026/frontend/src/app/consolidados/[id]/page.tsx [Client Component SSR]
    ./Documents/REMUNERACIONES 2026/frontend/src/app/consolidados/[id]/page.tsx [Server Component] 
[browser] ./Documents/REMUNERACIONES 2026/frontend/src/app/consolidados/[id]/page.tsx:529:5
Expression expected
  527 |   );
  528 | }
> 529 |     </div>
      |     ^
  530 |   );
  531 | }
  532 |

Parsing ecmascript source code failed

Import traces:
  Client Component Browser:
    ./Documents/REMUNERACIONES 2026/frontend/src/app/consolidados/[id]/page.tsx [Client Component Browser]
    ./Documents/REMUNERACIONES 2026/frontend/src/app/consolidados/[id]/page.tsx [Server Component]

  Client Component SSR:
    ./Documents/REMUNERACIONES 2026/frontend/src/app/consolidados/[id]/page.tsx [Client Component SSR]
    ./Documents/REMUNERACIONES 2026/frontend/src/app/consolidados/[id]/page.tsx [Server Component] 
[browser] ./Documents/REMUNERACIONES 2026/frontend/src/app/consolidados/[id]/page.tsx:529:6
Unterminated regexp literal
  527 |   );
  528 | }
> 529 |     </div>
      |      ^^^^^
  530 |   );
  531 | }
  532 |

Parsing ecmascript source code failed

Import traces:
  Client Component Browser:
    ./Documents/REMUNERACIONES 2026/frontend/src/app/consolidados/[id]/page.tsx [Client Component Browser]
    ./Documents/REMUNERACIONES 2026/frontend/src/app/consolidados/[id]/page.tsx [Server Component]

  Client Component SSR:
    ./Documents/REMUNERACIONES 2026/frontend/src/app/consolidados/[id]/page.tsx [Client Component SSR]
    ./Documents/REMUNERACIONES 2026/frontend/src/app/consolidados/[id]/page.tsx [Server Component] 
[browser] ./Documents/REMUNERACIONES 2026/frontend/src/app/consolidados/[id]/page.tsx:529:5
Expression expected
  527 |   );
  528 | }
> 529 |     </div>
      |     ^
  530 |   );
  531 | }
  532 |

Parsing ecmascript source code failed

Import traces:
  Client Component Browser:
    ./Documents/REMUNERACIONES 2026/frontend/src/app/consolidados/[id]/page.tsx [Client Component Browser]
    ./Documents/REMUNERACIONES 2026/frontend/src/app/consolidados/[id]/page.tsx [Server Component]

  Client Component SSR:
    ./Documents/REMUNERACIONES 2026/frontend/src/app/consolidados/[id]/page.tsx [Client Component SSR]
    ./Documents/REMUNERACIONES 2026/frontend/src/app/consolidados/[id]/page.tsx [Server Component] 
[browser] ./Documents/REMUNERACIONES 2026/frontend/src/app/consolidados/[id]/page.tsx:529:6
Unterminated regexp literal
  527 |   );
  528 | }
> 529 |     </div>
      |      ^^^^^
  530 |   );
  531 | }
  532 |

Parsing ecmascript source code failed

Import traces:
  Client Component Browser:
    ./Documents/REMUNERACIONES 2026/frontend/src/app/consolidados/[id]/page.tsx [Client Component Browser]
    ./Documents/REMUNERACIONES 2026/frontend/src/app/consolidados/[id]/page.tsx [Server Component]

  Client Component SSR:
    ./Documents/REMUNERACIONES 2026/frontend/src/app/consolidados/[id]/page.tsx [Client Component SSR]
    ./Documents/REMUNERACIONES 2026/frontend/src/app/consolidados/[id]/page.tsx [Server Component] 
[browser] ./Documents/REMUNERACIONES 2026/frontend/src/app/consolidados/[id]/page.tsx:529:5
Expression expected
  527 |   );
  528 | }
> 529 |     </div>
      |     ^
  530 |   );
  531 | }
  532 |

Parsing ecmascript source code failed

Import traces:
  Client Component Browser:
    ./Documents/REMUNERACIONES 2026/frontend/src/app/consolidados/[id]/page.tsx [Client Component Browser]
    ./Documents/REMUNERACIONES 2026/frontend/src/app/consolidados/[id]/page.tsx [Server Component]

  Client Component SSR:
    ./Documents/REMUNERACIONES 2026/frontend/src/app/consolidados/[id]/page.tsx [Client Component SSR]
    ./Documents/REMUNERACIONES 2026/frontend/src/app/consolidados/[id]/page.tsx [Server Component] 
[browser] ./Documents/REMUNERACIONES 2026/frontend/src/app/consolidados/[id]/page.tsx:529:6
Unterminated regexp literal
  527 |   );
  528 | }
> 529 |     </div>
      |      ^^^^^
  530 |   );
  531 | }
  532 |

Parsing ecmascript source code failed

Import traces:
  Client Component Browser:
    ./Documents/REMUNERACIONES 2026/frontend/src/app/consolidados/[id]/page.tsx [Client Component Browser]
    ./Documents/REMUNERACIONES 2026/frontend/src/app/consolidados/[id]/page.tsx [Server Component]

  Client Component SSR:
    ./Documents/REMUNERACIONES 2026/frontend/src/app/consolidados/[id]/page.tsx [Client Component SSR]
    ./Documents/REMUNERACIONES 2026/frontend/src/app/consolidados/[id]/page.tsx [Server Component] 
[browser] ./Documents/REMUNERACIONES 2026/frontend/src/app/consolidados/[id]/page.tsx:529:5
Expression expected
  527 |   );
  528 | }
> 529 |     </div>
      |     ^
  530 |   );
  531 | }
  532 |

Parsing ecmascript source code failed

Import traces:
  Client Component Browser:
    ./Documents/REMUNERACIONES 2026/frontend/src/app/consolidados/[id]/page.tsx [Client Component Browser]
    ./Documents/REMUNERACIONES 2026/frontend/src/app/consolidados/[id]/page.tsx [Server Component]

  Client Component SSR:
    ./Documents/REMUNERACIONES 2026/frontend/src/app/consolidados/[id]/page.tsx [Client Component SSR]
    ./Documents/REMUNERACIONES 2026/frontend/src/app/consolidados/[id]/page.tsx [Server Component] 
[browser] ./Documents/REMUNERACIONES 2026/frontend/src/app/consolidados/[id]/page.tsx:529:6
Unterminated regexp literal
  527 |   );
  528 | }
> 529 |     </div>
      |      ^^^^^
  530 |   );
  531 | }
  532 |

Parsing ecmascript source code failed

Import traces:
  Client Component Browser:
    ./Documents/REMUNERACIONES 2026/frontend/src/app/consolidados/[id]/page.tsx [Client Component Browser]
    ./Documents/REMUNERACIONES 2026/frontend/src/app/consolidados/[id]/page.tsx [Server Component]

  Client Component SSR:
    ./Documents/REMUNERACIONES 2026/frontend/src/app/consolidados/[id]/page.tsx [Client Component SSR]
    ./Documents/REMUNERACIONES 2026/frontend/src/app/consolidados/[id]/page.tsx [Server Component] 
[browser] ./Documents/REMUNERACIONES 2026/frontend/src/app/consolidados/[id]/page.tsx:529:5
Expression expected
  527 |   );
  528 | }
> 529 |     </div>
      |     ^
  530 |   );
  531 | }
  532 |

Parsing ecmascript source code failed

Import traces:
  Client Component Browser:
    ./Documents/REMUNERACIONES 2026/frontend/src/app/consolidados/[id]/page.tsx [Client Component Browser]
    ./Documents/REMUNERACIONES 2026/frontend/src/app/consolidados/[id]/page.tsx [Server Component]

  Client Component SSR:
    ./Documents/REMUNERACIONES 2026/frontend/src/app/consolidados/[id]/page.tsx [Client Component SSR]
    ./Documents/REMUNERACIONES 2026/frontend/src/app/consolidados/[id]/page.tsx [Server Component] 
[browser] ./Documents/REMUNERACIONES 2026/frontend/src/app/consolidados/[id]/page.tsx:529:6
Unterminated regexp literal
  527 |   );
  528 | }
> 529 |     </div>
      |      ^^^^^
  530 |   );
  531 | }
  532 |

Parsing ecmascript source code failed

Import traces:
  Client Component Browser:
    ./Documents/REMUNERACIONES 2026/frontend/src/app/consolidados/[id]/page.tsx [Client Component Browser]
    ./Documents/REMUNERACIONES 2026/frontend/src/app/consolidados/[id]/page.tsx [Server Component]

  Client Component SSR:
    ./Documents/REMUNERACIONES 2026/frontend/src/app/consolidados/[id]/page.tsx [Client Component SSR]
    ./Documents/REMUNERACIONES 2026/frontend/src/app/consolidados/[id]/page.tsx [Server Component] 
[browser] ./Documents/REMUNERACIONES 2026/frontend/src/app/consolidados/[id]/page.tsx:529:5
Expression expected
  527 |   );
  528 | }
> 529 |     </div>
      |     ^
  530 |   );
  531 | }
  532 |

Parsing ecmascript source code failed

Import traces:
  Client Component Browser:
    ./Documents/REMUNERACIONES 2026/frontend/src/app/consolidados/[id]/page.tsx [Client Component Browser]
    ./Documents/REMUNERACIONES 2026/frontend/src/app/consolidados/[id]/page.tsx [Server Component]

  Client Component SSR:
    ./Documents/REMUNERACIONES 2026/frontend/src/app/consolidados/[id]/page.tsx [Client Component SSR]
    ./Documents/REMUNERACIONES 2026/frontend/src/app/consolidados/[id]/page.tsx [Server Component] 
[browser] ./Documents/REMUNERACIONES 2026/frontend/src/app/consolidados/[id]/page.tsx:529:6
Unterminated regexp literal
  527 |   );
  528 | }
> 529 |     </div>
      |      ^^^^^
  530 |   );
  531 | }
  532 |

Parsing ecmascript source code failed

Import traces:
  Client Component Browser:
    ./Documents/REMUNERACIONES 2026/frontend/src/app/consolidados/[id]/page.tsx [Client Component Browser]
    ./Documents/REMUNERACIONES 2026/frontend/src/app/consolidados/[id]/page.tsx [Server Component]

  Client Component SSR:
    ./Documents/REMUNERACIONES 2026/frontend/src/app/consolidados/[id]/page.tsx [Client Component SSR]
    ./Documents/REMUNERACIONES 2026/frontend/src/app/consolidados/[id]/page.tsx [Server Component] 
[browser] ./Documents/REMUNERACIONES 2026/frontend/src/app/consolidados/[id]/page.tsx:529:5
Expression expected
  527 |   );
  528 | }
> 529 |     </div>
      |     ^
  530 |   );
  531 | }
  532 |

Parsing ecmascript source code failed

Import traces:
  Client Component Browser:
    ./Documents/REMUNERACIONES 2026/frontend/src/app/consolidados/[id]/page.tsx [Client Component Browser]
    ./Documents/REMUNERACIONES 2026/frontend/src/app/consolidados/[id]/page.tsx [Server Component]

  Client Component SSR:
    ./Documents/REMUNERACIONES 2026/frontend/src/app/consolidados/[id]/page.tsx [Client Component SSR]
    ./Documents/REMUNERACIONES 2026/frontend/src/app/consolidados/[id]/page.tsx [Server Component] 
[browser] ./Documents/REMUNERACIONES 2026/frontend/src/app/consolidados/[id]/page.tsx:529:6
Unterminated regexp literal
  527 |   );
  528 | }
> 529 |     </div>
      |      ^^^^^
  530 |   );
  531 | }
  532 |

Parsing ecmascript source code failed

Import traces:
  Client Component Browser:
    ./Documents/REMUNERACIONES 2026/frontend/src/app/consolidados/[id]/page.tsx [Client Component Browser]
    ./Documents/REMUNERACIONES 2026/frontend/src/app/consolidados/[id]/page.tsx [Server Component]

  Client Component SSR:
    ./Documents/REMUNERACIONES 2026/frontend/src/app/consolidados/[id]/page.tsx [Client Component SSR]
    ./Documents/REMUNERACIONES 2026/frontend/src/app/consolidados/[id]/page.tsx [Server Component] 
[browser] ./Documents/REMUNERACIONES 2026/frontend/src/app/consolidados/[id]/page.tsx:529:5
Expression expected
  527 |   );
  528 | }
> 529 |     </div>
      |     ^
  530 |   );
  531 | }
  532 |

Parsing ecmascript source code failed

Import traces:
  Client Component Browser:
    ./Documents/REMUNERACIONES 2026/frontend/src/app/consolidados/[id]/page.tsx [Client Component Browser]
    ./Documents/REMUNERACIONES 2026/frontend/src/app/consolidados/[id]/page.tsx [Server Component]

  Client Component SSR:
    ./Documents/REMUNERACIONES 2026/frontend/src/app/consolidados/[id]/page.tsx [Client Component SSR]
    ./Documents/REMUNERACIONES 2026/frontend/src/app/consolidados/[id]/page.tsx [Server Component] 
[browser] ./Documents/REMUNERACIONES 2026/frontend/src/app/consolidados/[id]/page.tsx:529:6
Unterminated regexp literal
  527 |   );
  528 | }
> 529 |     </div>
      |      ^^^^^
  530 |   );
  531 | }
  532 |

Parsing ecmascript source code failed

Import traces:
  Client Component Browser:
    ./Documents/REMUNERACIONES 2026/frontend/src/app/consolidados/[id]/page.tsx [Client Component Browser]
    ./Documents/REMUNERACIONES 2026/frontend/src/app/consolidados/[id]/page.tsx [Server Component]

  Client Component SSR:
    ./Documents/REMUNERACIONES 2026/frontend/src/app/consolidados/[id]/page.tsx [Client Component SSR]
    ./Documents/REMUNERACIONES 2026/frontend/src/app/consolidados/[id]/page.tsx [Server Component] 
[browser] ./Documents/REMUNERACIONES 2026/frontend/src/app/consolidados/[id]/page.tsx:529:5
Expression expected
  527 |   );
  528 | }
> 529 |     </div>
      |     ^
  530 |   );
  531 | }
  532 |

Parsing ecmascript source code failed

Import traces:
  Client Component Browser:
    ./Documents/REMUNERACIONES 2026/frontend/src/app/consolidados/[id]/page.tsx [Client Component Browser]
    ./Documents/REMUNERACIONES 2026/frontend/src/app/consolidados/[id]/page.tsx [Server Component]

  Client Component SSR:
    ./Documents/REMUNERACIONES 2026/frontend/src/app/consolidados/[id]/page.tsx [Client Component SSR]
    ./Documents/REMUNERACIONES 2026/frontend/src/app/consolidados/[id]/page.tsx [Server Component] 
[browser] ./Documents/REMUNERACIONES 2026/frontend/src/app/consolidados/[id]/page.tsx:529:6
Unterminated regexp literal
  527 |   );
  528 | }
> 529 |     </div>
      |      ^^^^^
  530 |   );
  531 | }
  532 |

Parsing ecmascript source code failed

Import traces:
  Client Component Browser:
    ./Documents/REMUNERACIONES 2026/frontend/src/app/consolidados/[id]/page.tsx [Client Component Browser]
    ./Documents/REMUNERACIONES 2026/frontend/src/app/consolidados/[id]/page.tsx [Server Component]

  Client Component SSR:
    ./Documents/REMUNERACIONES 2026/frontend/src/app/consolidados/[id]/page.tsx [Client Component SSR]
    ./Documents/REMUNERACIONES 2026/frontend/src/app/consolidados/[id]/page.tsx [Server Component] 
[browser] ./Documents/REMUNERACIONES 2026/frontend/src/app/consolidados/[id]/page.tsx:529:5
Expression expected
  527 |   );
  528 | }
> 529 |     </div>
      |     ^
  530 |   );
  531 | }
  532 |

Parsing ecmascript source code failed

Import traces:
  Client Component Browser:
    ./Documents/REMUNERACIONES 2026/frontend/src/app/consolidados/[id]/page.tsx [Client Component Browser]
    ./Documents/REMUNERACIONES 2026/frontend/src/app/consolidados/[id]/page.tsx [Server Component]

  Client Component SSR:
    ./Documents/REMUNERACIONES 2026/frontend/src/app/consolidados/[id]/page.tsx [Client Component SSR]
    ./Documents/REMUNERACIONES 2026/frontend/src/app/consolidados/[id]/page.tsx [Server Component] 
[browser] ./Documents/REMUNERACIONES 2026/frontend/src/app/consolidados/[id]/page.tsx:529:6
Unterminated regexp literal
  527 |   );
  528 | }
> 529 |     </div>
      |      ^^^^^
  530 |   );
  531 | }
  532 |

Parsing ecmascript source code failed

Import traces:
  Client Component Browser:
    ./Documents/REMUNERACIONES 2026/frontend/src/app/consolidados/[id]/page.tsx [Client Component Browser]
    ./Documents/REMUNERACIONES 2026/frontend/src/app/consolidados/[id]/page.tsx [Server Component]

  Client Component SSR:
    ./Documents/REMUNERACIONES 2026/frontend/src/app/consolidados/[id]/page.tsx [Client Component SSR]
    ./Documents/REMUNERACIONES 2026/frontend/src/app/consolidados/[id]/page.tsx [Server Component] 
[browser] ./Documents/REMUNERACIONES 2026/frontend/src/app/consolidados/[id]/page.tsx:529:5
Expression expected
  527 |   );
  528 | }
> 529 |     </div>
      |     ^
  530 |   );
  531 | }
  532 |

Parsing ecmascript source code failed

Import traces:
  Client Component Browser:
    ./Documents/REMUNERACIONES 2026/frontend/src/app/consolidados/[id]/page.tsx [Client Component Browser]
    ./Documents/REMUNERACIONES 2026/frontend/src/app/consolidados/[id]/page.tsx [Server Component]

  Client Component SSR:
    ./Documents/REMUNERACIONES 2026/frontend/src/app/consolidados/[id]/page.tsx [Client Component SSR]
    ./Documents/REMUNERACIONES 2026/frontend/src/app/consolidados/[id]/page.tsx [Server Component] 
[browser] ./Documents/REMUNERACIONES 2026/frontend/src/app/consolidados/[id]/page.tsx:529:6
Unterminated regexp literal
  527 |   );
  528 | }
> 529 |     </div>
      |      ^^^^^
  530 |   );
  531 | }
  532 |

Parsing ecmascript source code failed

Import traces:
  Client Component Browser:
    ./Documents/REMUNERACIONES 2026/frontend/src/app/consolidados/[id]/page.tsx [Client Component Browser]
    ./Documents/REMUNERACIONES 2026/frontend/src/app/consolidados/[id]/page.tsx [Server Component]

  Client Component SSR:
    ./Documents/REMUNERACIONES 2026/frontend/src/app/consolidados/[id]/page.tsx [Client Component SSR]
    ./Documents/REMUNERACIONES 2026/frontend/src/app/consolidados/[id]/page.tsx [Server Component] 
[browser] ./Documents/REMUNERACIONES 2026/frontend/src/app/consolidados/[id]/page.tsx:529:5
Expression expected
  527 |   );
  528 | }
> 529 |     </div>
      |     ^
  530 |   );
  531 | }
  532 |

Parsing ecmascript source code failed

Import traces:
  Client Component Browser:
    ./Documents/REMUNERACIONES 2026/frontend/src/app/consolidados/[id]/page.tsx [Client Component Browser]
    ./Documents/REMUNERACIONES 2026/frontend/src/app/consolidados/[id]/page.tsx [Server Component]

  Client Component SSR:
    ./Documents/REMUNERACIONES 2026/frontend/src/app/consolidados/[id]/page.tsx [Client Component SSR]
    ./Documents/REMUNERACIONES 2026/frontend/src/app/consolidados/[id]/page.tsx [Server Component] 
[browser] ./Documents/REMUNERACIONES 2026/frontend/src/app/consolidados/[id]/page.tsx:529:6
Unterminated regexp literal
  527 |   );
  528 | }
> 529 |     </div>
      |      ^^^^^
  530 |   );
  531 | }
  532 |

Parsing ecmascript source code failed

Import traces:
  Client Component Browser:
    ./Documents/REMUNERACIONES 2026/frontend/src/app/consolidados/[id]/page.tsx [Client Component Browser]
    ./Documents/REMUNERACIONES 2026/frontend/src/app/consolidados/[id]/page.tsx [Server Component]

  Client Component SSR:
    ./Documents/REMUNERACIONES 2026/frontend/src/app/consolidados/[id]/page.tsx [Client Component SSR]
    ./Documents/REMUNERACIONES 2026/frontend/src/app/consolidados/[id]/page.tsx [Server Component] 
[browser] ./Documents/REMUNERACIONES 2026/frontend/src/app/consolidados/[id]/page.tsx:529:5
Expression expected
  527 |   );
  528 | }
> 529 |     </div>
      |     ^
  530 |   );
  531 | }
  532 |

Parsing ecmascript source code failed

Import traces:
  Client Component Browser:
    ./Documents/REMUNERACIONES 2026/frontend/src/app/consolidados/[id]/page.tsx [Client Component Browser]
    ./Documents/REMUNERACIONES 2026/frontend/src/app/consolidados/[id]/page.tsx [Server Component]

  Client Component SSR:
    ./Documents/REMUNERACIONES 2026/frontend/src/app/consolidados/[id]/page.tsx [Client Component SSR]
    ./Documents/REMUNERACIONES 2026/frontend/src/app/consolidados/[id]/page.tsx [Server Component] 
[browser] ./Documents/REMUNERACIONES 2026/frontend/src/app/consolidados/[id]/page.tsx:529:6
Unterminated regexp literal
  527 |   );
  528 | }
> 529 |     </div>
      |      ^^^^^
  530 |   );
  531 | }
  532 |

Parsing ecmascript source code failed

Import traces:
  Client Component Browser:
    ./Documents/REMUNERACIONES 2026/frontend/src/app/consolidados/[id]/page.tsx [Client Component Browser]
    ./Documents/REMUNERACIONES 2026/frontend/src/app/consolidados/[id]/page.tsx [Server Component]

  Client Component SSR:
    ./Documents/REMUNERACIONES 2026/frontend/src/app/consolidados/[id]/page.tsx [Client Component SSR]
    ./Documents/REMUNERACIONES 2026/frontend/src/app/consolidados/[id]/page.tsx [Server Component] 
[browser] ./Documents/REMUNERACIONES 2026/frontend/src/app/consolidados/[id]/page.tsx:529:5
Expression expected
  527 |   );
  528 | }
> 529 |     </div>
      |     ^
  530 |   );
  531 | }
  532 |

Parsing ecmascript source code failed

Import traces:
  Client Component Browser:
    ./Documents/REMUNERACIONES 2026/frontend/src/app/consolidados/[id]/page.tsx [Client Component Browser]
    ./Documents/REMUNERACIONES 2026/frontend/src/app/consolidados/[id]/page.tsx [Server Component]

  Client Component SSR:
    ./Documents/REMUNERACIONES 2026/frontend/src/app/consolidados/[id]/page.tsx [Client Component SSR]
    ./Documents/REMUNERACIONES 2026/frontend/src/app/consolidados/[id]/page.tsx [Server Component] 
[browser] ./Documents/REMUNERACIONES 2026/frontend/src/app/consolidados/[id]/page.tsx:529:6
Unterminated regexp literal
  527 |   );
  528 | }
> 529 |     </div>
      |      ^^^^^
  530 |   );
  531 | }
  532 |

Parsing ecmascript source code failed

Import traces:
  Client Component Browser:
    ./Documents/REMUNERACIONES 2026/frontend/src/app/consolidados/[id]/page.tsx [Client Component Browser]
    ./Documents/REMUNERACIONES 2026/frontend/src/app/consolidados/[id]/page.tsx [Server Component]

  Client Component SSR:
    ./Documents/REMUNERACIONES 2026/frontend/src/app/consolidados/[id]/page.tsx [Client Component SSR]
    ./Documents/REMUNERACIONES 2026/frontend/src/app/consolidados/[id]/page.tsx [Server Component] 
[browser] ./Documents/REMUNERACIONES 2026/frontend/src/app/consolidados/[id]/page.tsx:529:5
Expression expected
  527 |   );
  528 | }
> 529 |     </div>
      |     ^
  530 |   );
  531 | }
  532 |

Parsing ecmascript source code failed

Import traces:
  Client Component Browser:
    ./Documents/REMUNERACIONES 2026/frontend/src/app/consolidados/[id]/page.tsx [Client Component Browser]
    ./Documents/REMUNERACIONES 2026/frontend/src/app/consolidados/[id]/page.tsx [Server Component]

  Client Component SSR:
    ./Documents/REMUNERACIONES 2026/frontend/src/app/consolidados/[id]/page.tsx [Client Component SSR]
    ./Documents/REMUNERACIONES 2026/frontend/src/app/consolidados/[id]/page.tsx [Server Component] 
[browser] ./Documents/REMUNERACIONES 2026/frontend/src/app/consolidados/[id]/page.tsx:529:5
Expression expected
  527 |   );
  528 | }
> 529 |     </div>
      |     ^
  530 |   );
  531 | }
  532 |

Parsing ecmascript source code failed

Import traces:
  Client Component Browser:
    ./Documents/REMUNERACIONES 2026/frontend/src/app/consolidados/[id]/page.tsx [Client Component Browser]
    ./Documents/REMUNERACIONES 2026/frontend/src/app/consolidados/[id]/page.tsx [Server Component]

  Client Component SSR:
    ./Documents/REMUNERACIONES 2026/frontend/src/app/consolidados/[id]/page.tsx [Client Component SSR]
    ./Documents/REMUNERACIONES 2026/frontend/src/app/consolidados/[id]/page.tsx [Server Component] 
[browser] ./Documents/REMUNERACIONES 2026/frontend/src/app/consolidados/[id]/page.tsx:529:6
Unterminated regexp literal
  527 |   );
  528 | }
> 529 |     </div>
      |      ^^^^^
  530 |   );
  531 | }
  532 |

Parsing ecmascript source code failed

Import traces:
  Client Component Browser:
    ./Documents/REMUNERACIONES 2026/frontend/src/app/consolidados/[id]/page.tsx [Client Component Browser]
    ./Documents/REMUNERACIONES 2026/frontend/src/app/consolidados/[id]/page.tsx [Server Component]

  Client Component SSR:
    ./Documents/REMUNERACIONES 2026/frontend/src/app/consolidados/[id]/page.tsx [Client Component SSR]
    ./Documents/REMUNERACIONES 2026/frontend/src/app/consolidados/[id]/page.tsx [Server Component] 
[browser] ./Documents/REMUNERACIONES 2026/frontend/src/app/consolidados/[id]/page.tsx:529:6
Unterminated regexp literal
  527 |   );
  528 | }
> 529 |     </div>
      |      ^^^^^
  530 |   );
  531 | }
  532 |

Parsing ecmascript source code failed

Import traces:
  Client Component Browser:
    ./Documents/REMUNERACIONES 2026/frontend/src/app/consolidados/[id]/page.tsx [Client Component Browser]
    ./Documents/REMUNERACIONES 2026/frontend/src/app/consolidados/[id]/page.tsx [Server Component]

  Client Component SSR:
    ./Documents/REMUNERACIONES 2026/frontend/src/app/consolidados/[id]/page.tsx [Client Component SSR]
    ./Documents/REMUNERACIONES 2026/frontend/src/app/consolidados/[id]/page.tsx [Server Component] 
[browser] ./Documents/REMUNERACIONES 2026/frontend/src/app/consolidados/[id]/page.tsx:529:5
Expression expected
  527 |   );
  528 | }
> 529 |     </div>
      |     ^
  530 |   );
  531 | }
  532 |

Parsing ecmascript source code failed

Import traces:
  Client Component Browser:
    ./Documents/REMUNERACIONES 2026/frontend/src/app/consolidados/[id]/page.tsx [Client Component Browser]
    ./Documents/REMUNERACIONES 2026/frontend/src/app/consolidados/[id]/page.tsx [Server Component]

  Client Component SSR:
    ./Documents/REMUNERACIONES 2026/frontend/src/app/consolidados/[id]/page.tsx [Client Component SSR]
    ./Documents/REMUNERACIONES 2026/frontend/src/app/consolidados/[id]/page.tsx [Server Component] 
[browser] ./Documents/REMUNERACIONES 2026/frontend/src/app/consolidados/[id]/page.tsx:529:5
Expression expected
  527 |   );
  528 | }
> 529 |     </div>
      |     ^
  530 |   );
  531 | }
  532 |

Parsing ecmascript source code failed

Import traces:
  Client Component Browser:
    ./Documents/REMUNERACIONES 2026/frontend/src/app/consolidados/[id]/page.tsx [Client Component Browser]
    ./Documents/REMUNERACIONES 2026/frontend/src/app/consolidados/[id]/page.tsx [Server Component]

  Client Component SSR:
    ./Documents/REMUNERACIONES 2026/frontend/src/app/consolidados/[id]/page.tsx [Client Component SSR]
    ./Documents/REMUNERACIONES 2026/frontend/src/app/consolidados/[id]/page.tsx [Server Component] 
[browser] ./Documents/REMUNERACIONES 2026/frontend/src/app/consolidados/[id]/page.tsx:529:6
Unterminated regexp literal
  527 |   );
  528 | }
> 529 |     </div>
      |      ^^^^^
  530 |   );
  531 | }
  532 |

Parsing ecmascript source code failed

Import traces:
  Client Component Browser:
    ./Documents/REMUNERACIONES 2026/frontend/src/app/consolidados/[id]/page.tsx [Client Component Browser]
    ./Documents/REMUNERACIONES 2026/frontend/src/app/consolidados/[id]/page.tsx [Server Component]

  Client Component SSR:
    ./Documents/REMUNERACIONES 2026/frontend/src/app/consolidados/[id]/page.tsx [Client Component SSR]
    ./Documents/REMUNERACIONES 2026/frontend/src/app/consolidados/[id]/page.tsx [Server Component] 
[browser] ./Documents/REMUNERACIONES 2026/frontend/src/app/consolidados/[id]/page.tsx:529:6
Unterminated regexp literal
  527 |   );
  528 | }
> 529 |     </div>
      |      ^^^^^
  530 |   );
  531 | }
  532 |

Parsing ecmascript source code failed

Import traces:
  Client Component Browser:
    ./Documents/REMUNERACIONES 2026/frontend/src/app/consolidados/[id]/page.tsx [Client Component Browser]
    ./Documents/REMUNERACIONES 2026/frontend/src/app/consolidados/[id]/page.tsx [Server Component]

  Client Component SSR:
    ./Documents/REMUNERACIONES 2026/frontend/src/app/consolidados/[id]/page.tsx [Client Component SSR]
    ./Documents/REMUNERACIONES 2026/frontend/src/app/consolidados/[id]/page.tsx [Server Component] 
[browser] ./Documents/REMUNERACIONES 2026/frontend/src/app/consolidados/[id]/page.tsx:529:5
Expression expected
  527 |   );
  528 | }
> 529 |     </div>
      |     ^
  530 |   );
  531 | }
  532 |

Parsing ecmascript source code failed

Import traces:
  Client Component Browser:
    ./Documents/REMUNERACIONES 2026/frontend/src/app/consolidados/[id]/page.tsx [Client Component Browser]
    ./Documents/REMUNERACIONES 2026/frontend/src/app/consolidados/[id]/page.tsx [Server Component]

  Client Component SSR:
    ./Documents/REMUNERACIONES 2026/frontend/src/app/consolidados/[id]/page.tsx [Client Component SSR]
    ./Documents/REMUNERACIONES 2026/frontend/src/app/consolidados/[id]/page.tsx [Server Component] 
[browser] ./Documents/REMUNERACIONES 2026/frontend/src/app/consolidados/[id]/page.tsx:529:5
Expression expected
  527 |   );
  528 | }
> 529 |     </div>
      |     ^
  530 |   );
  531 | }
  532 |

Parsing ecmascript source code failed

Import traces:
  Client Component Browser:
    ./Documents/REMUNERACIONES 2026/frontend/src/app/consolidados/[id]/page.tsx [Client Component Browser]
    ./Documents/REMUNERACIONES 2026/frontend/src/app/consolidados/[id]/page.tsx [Server Component]

  Client Component SSR:
    ./Documents/REMUNERACIONES 2026/frontend/src/app/consolidados/[id]/page.tsx [Client Component SSR]
    ./Documents/REMUNERACIONES 2026/frontend/src/app/consolidados/[id]/page.tsx [Server Component] 
[browser] ./Documents/REMUNERACIONES 2026/frontend/src/app/consolidados/[id]/page.tsx:529:6
Unterminated regexp literal
  527 |   );
  528 | }
> 529 |     </div>
      |      ^^^^^
  530 |   );
  531 | }
  532 |

Parsing ecmascript source code failed

Import traces:
  Client Component Browser:
    ./Documents/REMUNERACIONES 2026/frontend/src/app/consolidados/[id]/page.tsx [Client Component Browser]
    ./Documents/REMUNERACIONES 2026/frontend/src/app/consolidados/[id]/page.tsx [Server Component]

  Client Component SSR:
    ./Documents/REMUNERACIONES 2026/frontend/src/app/consolidados/[id]/page.tsx [Client Component SSR]
    ./Documents/REMUNERACIONES 2026/frontend/src/app/consolidados/[id]/page.tsx [Server Component] 
[browser] ./Documents/REMUNERACIONES 2026/frontend/src/app/consolidados/[id]/page.tsx:529:6
Unterminated regexp literal
  527 |   );
  528 | }
> 529 |     </div>
      |      ^^^^^
  530 |   );
  531 | }
  532 |

Parsing ecmascript source code failed

Import traces:
  Client Component Browser:
    ./Documents/REMUNERACIONES 2026/frontend/src/app/consolidados/[id]/page.tsx [Client Component Browser]
    ./Documents/REMUNERACIONES 2026/frontend/src/app/consolidados/[id]/page.tsx [Server Component]

  Client Component SSR:
    ./Documents/REMUNERACIONES 2026/frontend/src/app/consolidados/[id]/page.tsx [Client Component SSR]
    ./Documents/REMUNERACIONES 2026/frontend/src/app/consolidados/[id]/page.tsx [Server Component] 
[browser] ./Documents/REMUNERACIONES 2026/frontend/src/app/consolidados/[id]/page.tsx:529:5
Expression expected
  527 |   );
  528 | }
> 529 |     </div>
      |     ^
  530 |   );
  531 | }
  532 |

Parsing ecmascript source code failed

Import traces:
  Client Component Browser:
    ./Documents/REMUNERACIONES 2026/frontend/src/app/consolidados/[id]/page.tsx [Client Component Browser]
    ./Documents/REMUNERACIONES 2026/frontend/src/app/consolidados/[id]/page.tsx [Server Component]

  Client Component SSR:
    ./Documents/REMUNERACIONES 2026/frontend/src/app/consolidados/[id]/page.tsx [Client Component SSR]
    ./Documents/REMUNERACIONES 2026/frontend/src/app/consolidados/[id]/page.tsx [Server Component] 
[browser] ./Documents/REMUNERACIONES 2026/frontend/src/app/consolidados/[id]/page.tsx:529:5
Expression expected
  527 |   );
  528 | }
> 529 |     </div>
      |     ^
  530 |   );
  531 | }
  532 |

Parsing ecmascript source code failed

Import traces:
  Client Component Browser:
    ./Documents/REMUNERACIONES 2026/frontend/src/app/consolidados/[id]/page.tsx [Client Component Browser]
    ./Documents/REMUNERACIONES 2026/frontend/src/app/consolidados/[id]/page.tsx [Server Component]

  Client Component SSR:
    ./Documents/REMUNERACIONES 2026/frontend/src/app/consolidados/[id]/page.tsx [Client Component SSR]
    ./Documents/REMUNERACIONES 2026/frontend/src/app/consolidados/[id]/page.tsx [Server Component] 
[browser] ./Documents/REMUNERACIONES 2026/frontend/src/app/consolidados/[id]/page.tsx:529:6
Unterminated regexp literal
  527 |   );
  528 | }
> 529 |     </div>
      |      ^^^^^
  530 |   );
  531 | }
  532 |

Parsing ecmascript source code failed

Import traces:
  Client Component Browser:
    ./Documents/REMUNERACIONES 2026/frontend/src/app/consolidados/[id]/page.tsx [Client Component Browser]
    ./Documents/REMUNERACIONES 2026/frontend/src/app/consolidados/[id]/page.tsx [Server Component]

  Client Component SSR:
    ./Documents/REMUNERACIONES 2026/frontend/src/app/consolidados/[id]/page.tsx [Client Component SSR]
    ./Documents/REMUNERACIONES 2026/frontend/src/app/consolidados/[id]/page.tsx [Server Component] 
[browser] ./Documents/REMUNERACIONES 2026/frontend/src/app/consolidados/[id]/page.tsx:529:6
Unterminated regexp literal
  527 |   );
  528 | }
> 529 |     </div>
      |      ^^^^^
  530 |   );
  531 | }
  532 |

Parsing ecmascript source code failed

Import traces:
  Client Component Browser:
    ./Documents/REMUNERACIONES 2026/frontend/src/app/consolidados/[id]/page.tsx [Client Component Browser]
    ./Documents/REMUNERACIONES 2026/frontend/src/app/consolidados/[id]/page.tsx [Server Component]

  Client Component SSR:
    ./Documents/REMUNERACIONES 2026/frontend/src/app/consolidados/[id]/page.tsx [Client Component SSR]
    ./Documents/REMUNERACIONES 2026/frontend/src/app/consolidados/[id]/page.tsx [Server Component] 
[browser] ./Documents/REMUNERACIONES 2026/frontend/src/app/consolidados/[id]/page.tsx:529:5
Expression expected
  527 |   );
  528 | }
> 529 |     </div>
      |     ^
  530 |   );
  531 | }
  532 |

Parsing ecmascript source code failed

Import traces:
  Client Component Browser:
    ./Documents/REMUNERACIONES 2026/frontend/src/app/consolidados/[id]/page.tsx [Client Component Browser]
    ./Documents/REMUNERACIONES 2026/frontend/src/app/consolidados/[id]/page.tsx [Server Component]

  Client Component SSR:
    ./Documents/REMUNERACIONES 2026/frontend/src/app/consolidados/[id]/page.tsx [Client Component SSR]
    ./Documents/REMUNERACIONES 2026/frontend/src/app/consolidados/[id]/page.tsx [Server Component] 
[browser] ./Documents/REMUNERACIONES 2026/frontend/src/app/consolidados/[id]/page.tsx:529:5
Expression expected
  527 |   );
  528 | }
> 529 |     </div>
      |     ^
  530 |   );
  531 | }
  532 |

Parsing ecmascript source code failed

Import traces:
  Client Component Browser:
    ./Documents/REMUNERACIONES 2026/frontend/src/app/consolidados/[id]/page.tsx [Client Component Browser]
    ./Documents/REMUNERACIONES 2026/frontend/src/app/consolidados/[id]/page.tsx [Server Component]

  Client Component SSR:
    ./Documents/REMUNERACIONES 2026/frontend/src/app/consolidados/[id]/page.tsx [Client Component SSR]
    ./Documents/REMUNERACIONES 2026/frontend/src/app/consolidados/[id]/page.tsx [Server Component] 
[browser] ./Documents/REMUNERACIONES 2026/frontend/src/app/consolidados/[id]/page.tsx:529:6
Unterminated regexp literal
  527 |   );
  528 | }
> 529 |     </div>
      |      ^^^^^
  530 |   );
  531 | }
  532 |

Parsing ecmascript source code failed

Import traces:
  Client Component Browser:
    ./Documents/REMUNERACIONES 2026/frontend/src/app/consolidados/[id]/page.tsx [Client Component Browser]
    ./Documents/REMUNERACIONES 2026/frontend/src/app/consolidados/[id]/page.tsx [Server Component]

  Client Component SSR:
    ./Documents/REMUNERACIONES 2026/frontend/src/app/consolidados/[id]/page.tsx [Client Component SSR]
    ./Documents/REMUNERACIONES 2026/frontend/src/app/consolidados/[id]/page.tsx [Server Component] 
[browser] ./Documents/REMUNERACIONES 2026/frontend/src/app/consolidados/[id]/page.tsx:529:6
Unterminated regexp literal
  527 |   );
  528 | }
> 529 |     </div>
      |      ^^^^^
  530 |   );
  531 | }
  532 |

Parsing ecmascript source code failed

Import traces:
  Client Component Browser:
    ./Documents/REMUNERACIONES 2026/frontend/src/app/consolidados/[id]/page.tsx [Client Component Browser]
    ./Documents/REMUNERACIONES 2026/frontend/src/app/consolidados/[id]/page.tsx [Server Component]

  Client Component SSR:
    ./Documents/REMUNERACIONES 2026/frontend/src/app/consolidados/[id]/page.tsx [Client Component SSR]
    ./Documents/REMUNERACIONES 2026/frontend/src/app/consolidados/[id]/page.tsx [Server Component] 
[browser] ./Documents/REMUNERACIONES 2026/frontend/src/app/consolidados/[id]/page.tsx:529:5
Expression expected
  527 |   );
  528 | }
> 529 |     </div>
      |     ^
  530 |   );
  531 | }
  532 |

Parsing ecmascript source code failed

Import traces:
  Client Component Browser:
    ./Documents/REMUNERACIONES 2026/frontend/src/app/consolidados/[id]/page.tsx [Client Component Browser]
    ./Documents/REMUNERACIONES 2026/frontend/src/app/consolidados/[id]/page.tsx [Server Component]

  Client Component SSR:
    ./Documents/REMUNERACIONES 2026/frontend/src/app/consolidados/[id]/page.tsx [Client Component SSR]
    ./Documents/REMUNERACIONES 2026/frontend/src/app/consolidados/[id]/page.tsx [Server Component] 
[browser] ./Documents/REMUNERACIONES 2026/frontend/src/app/consolidados/[id]/page.tsx:529:5
Expression expected
  527 |   );
  528 | }
> 529 |     </div>
      |     ^
  530 |   );
  531 | }
  532 |

Parsing ecmascript source code failed

Import traces:
  Client Component Browser:
    ./Documents/REMUNERACIONES 2026/frontend/src/app/consolidados/[id]/page.tsx [Client Component Browser]
    ./Documents/REMUNERACIONES 2026/frontend/src/app/consolidados/[id]/page.tsx [Server Component]

  Client Component SSR:
    ./Documents/REMUNERACIONES 2026/frontend/src/app/consolidados/[id]/page.tsx [Client Component SSR]
    ./Documents/REMUNERACIONES 2026/frontend/src/app/consolidados/[id]/page.tsx [Server Component] 
[browser] ./Documents/REMUNERACIONES 2026/frontend/src/app/consolidados/[id]/page.tsx:529:6
Unterminated regexp literal
  527 |   );
  528 | }
> 529 |     </div>
      |      ^^^^^
  530 |   );
  531 | }
  532 |

Parsing ecmascript source code failed

Import traces:
  Client Component Browser:
    ./Documents/REMUNERACIONES 2026/frontend/src/app/consolidados/[id]/page.tsx [Client Component Browser]
    ./Documents/REMUNERACIONES 2026/frontend/src/app/consolidados/[id]/page.tsx [Server Component]

  Client Component SSR:
    ./Documents/REMUNERACIONES 2026/frontend/src/app/consolidados/[id]/page.tsx [Client Component SSR]
    ./Documents/REMUNERACIONES 2026/frontend/src/app/consolidados/[id]/page.tsx [Server Component] 
[browser] ./Documents/REMUNERACIONES 2026/frontend/src/app/consolidados/[id]/page.tsx:529:6
Unterminated regexp literal
  527 |   );
  528 | }
> 529 |     </div>
      |      ^^^^^
  530 |   );
  531 | }
  532 |

Parsing ecmascript source code failed

Import traces:
  Client Component Browser:
    ./Documents/REMUNERACIONES 2026/frontend/src/app/consolidados/[id]/page.tsx [Client Component Browser]
    ./Documents/REMUNERACIONES 2026/frontend/src/app/consolidados/[id]/page.tsx [Server Component]

  Client Component SSR:
    ./Documents/REMUNERACIONES 2026/frontend/src/app/consolidados/[id]/page.tsx [Client Component SSR]
    ./Documents/REMUNERACIONES 2026/frontend/src/app/consolidados/[id]/page.tsx [Server Component] 
[browser] ./Documents/REMUNERACIONES 2026/frontend/src/app/consolidados/[id]/page.tsx:529:5
Expression expected
  527 |   );
  528 | }
> 529 |     </div>
      |     ^
  530 |   );
  531 | }
  532 |

Parsing ecmascript source code failed

Import traces:
  Client Component Browser:
    ./Documents/REMUNERACIONES 2026/frontend/src/app/consolidados/[id]/page.tsx [Client Component Browser]
    ./Documents/REMUNERACIONES 2026/frontend/src/app/consolidados/[id]/page.tsx [Server Component]

  Client Component SSR:
    ./Documents/REMUNERACIONES 2026/frontend/src/app/consolidados/[id]/page.tsx [Client Component SSR]
    ./Documents/REMUNERACIONES 2026/frontend/src/app/consolidados/[id]/page.tsx [Server Component] 
[browser] ./Documents/REMUNERACIONES 2026/frontend/src/app/consolidados/[id]/page.tsx:529:5
Expression expected
  527 |   );
  528 | }
> 529 |     </div>
      |     ^
  530 |   );
  531 | }
  532 |

Parsing ecmascript source code failed

Import traces:
  Client Component Browser:
    ./Documents/REMUNERACIONES 2026/frontend/src/app/consolidados/[id]/page.tsx [Client Component Browser]
    ./Documents/REMUNERACIONES 2026/frontend/src/app/consolidados/[id]/page.tsx [Server Component]

  Client Component SSR:
    ./Documents/REMUNERACIONES 2026/frontend/src/app/consolidados/[id]/page.tsx [Client Component SSR]
    ./Documents/REMUNERACIONES 2026/frontend/src/app/consolidados/[id]/page.tsx [Server Component] 
[browser] ./Documents/REMUNERACIONES 2026/frontend/src/app/consolidados/[id]/page.tsx:529:6
Unterminated regexp literal
  527 |   );
  528 | }
> 529 |     </div>
      |      ^^^^^
  530 |   );
  531 | }
  532 |

Parsing ecmascript source code failed

Import traces:
  Client Component Browser:
    ./Documents/REMUNERACIONES 2026/frontend/src/app/consolidados/[id]/page.tsx [Client Component Browser]
    ./Documents/REMUNERACIONES 2026/frontend/src/app/consolidados/[id]/page.tsx [Server Component]

  Client Component SSR:
    ./Documents/REMUNERACIONES 2026/frontend/src/app/consolidados/[id]/page.tsx [Client Component SSR]
    ./Documents/REMUNERACIONES 2026/frontend/src/app/consolidados/[id]/page.tsx [Server Component] 
[browser] ./Documents/REMUNERACIONES 2026/frontend/src/app/consolidados/[id]/page.tsx:529:6
Unterminated regexp literal
  527 |   );
  528 | }
> 529 |     </div>
      |      ^^^^^
  530 |   );
  531 | }
  532 |

Parsing ecmascript source code failed

Import traces:
  Client Component Browser:
    ./Documents/REMUNERACIONES 2026/frontend/src/app/consolidados/[id]/page.tsx [Client Component Browser]
    ./Documents/REMUNERACIONES 2026/frontend/src/app/consolidados/[id]/page.tsx [Server Component]

  Client Component SSR:
    ./Documents/REMUNERACIONES 2026/frontend/src/app/consolidados/[id]/page.tsx [Client Component SSR]
    ./Documents/REMUNERACIONES 2026/frontend/src/app/consolidados/[id]/page.tsx [Server Component] 
[browser] ./Documents/REMUNERACIONES 2026/frontend/src/app/consolidados/[id]/page.tsx:529:5
Expression expected
  527 |   );
  528 | }
> 529 |     </div>
      |     ^
  530 |   );
  531 | }
  532 |

Parsing ecmascript source code failed

Import traces:
  Client Component Browser:
    ./Documents/REMUNERACIONES 2026/frontend/src/app/consolidados/[id]/page.tsx [Client Component Browser]
    ./Documents/REMUNERACIONES 2026/frontend/src/app/consolidados/[id]/page.tsx [Server Component]

  Client Component SSR:
    ./Documents/REMUNERACIONES 2026/frontend/src/app/consolidados/[id]/page.tsx [Client Component SSR]
    ./Documents/REMUNERACIONES 2026/frontend/src/app/consolidados/[id]/page.tsx [Server Component] 
[browser] ./Documents/REMUNERACIONES 2026/frontend/src/app/consolidados/[id]/page.tsx:529:5
Expression expected
  527 |   );
  528 | }
> 529 |     </div>
      |     ^
  530 |   );
  531 | }
  532 |

Parsing ecmascript source code failed

Import traces:
  Client Component Browser:
    ./Documents/REMUNERACIONES 2026/frontend/src/app/consolidados/[id]/page.tsx [Client Component Browser]
    ./Documents/REMUNERACIONES 2026/frontend/src/app/consolidados/[id]/page.tsx [Server Component]

  Client Component SSR:
    ./Documents/REMUNERACIONES 2026/frontend/src/app/consolidados/[id]/page.tsx [Client Component SSR]
    ./Documents/REMUNERACIONES 2026/frontend/src/app/consolidados/[id]/page.tsx [Server Component] 
[browser] ./Documents/REMUNERACIONES 2026/frontend/src/app/consolidados/[id]/page.tsx:529:6
Unterminated regexp literal
  527 |   );
  528 | }
> 529 |     </div>
      |      ^^^^^
  530 |   );
  531 | }
  532 |

Parsing ecmascript source code failed

Import traces:
  Client Component Browser:
    ./Documents/REMUNERACIONES 2026/frontend/src/app/consolidados/[id]/page.tsx [Client Component Browser]
    ./Documents/REMUNERACIONES 2026/frontend/src/app/consolidados/[id]/page.tsx [Server Component]

  Client Component SSR:
    ./Documents/REMUNERACIONES 2026/frontend/src/app/consolidados/[id]/page.tsx [Client Component SSR]
    ./Documents/REMUNERACIONES 2026/frontend/src/app/consolidados/[id]/page.tsx [Server Component] 
[browser] ./Documents/REMUNERACIONES 2026/frontend/src/app/consolidados/[id]/page.tsx:529:6
Unterminated regexp literal
  527 |   );
  528 | }
> 529 |     </div>
      |      ^^^^^
  530 |   );
  531 | }
  532 |

Parsing ecmascript source code failed

Import traces:
  Client Component Browser:
    ./Documents/REMUNERACIONES 2026/frontend/src/app/consolidados/[id]/page.tsx [Client Component Browser]
    ./Documents/REMUNERACIONES 2026/frontend/src/app/consolidados/[id]/page.tsx [Server Component]

  Client Component SSR:
    ./Documents/REMUNERACIONES 2026/frontend/src/app/consolidados/[id]/page.tsx [Client Component SSR]
    ./Documents/REMUNERACIONES 2026/frontend/src/app/consolidados/[id]/page.tsx [Server Component] 
[browser] ./Documents/REMUNERACIONES 2026/frontend/src/app/consolidados/[id]/page.tsx:529:5
Expression expected
  527 |   );
  528 | }
> 529 |     </div>
      |     ^
  530 |   );
  531 | }
  532 |

Parsing ecmascript source code failed

Import traces:
  Client Component Browser:
    ./Documents/REMUNERACIONES 2026/frontend/src/app/consolidados/[id]/page.tsx [Client Component Browser]
    ./Documents/REMUNERACIONES 2026/frontend/src/app/consolidados/[id]/page.tsx [Server Component]

  Client Component SSR:
    ./Documents/REMUNERACIONES 2026/frontend/src/app/consolidados/[id]/page.tsx [Client Component SSR]
    ./Documents/REMUNERACIONES 2026/frontend/src/app/consolidados/[id]/page.tsx [Server Component] 
[browser] ./Documents/REMUNERACIONES 2026/frontend/src/app/consolidados/[id]/page.tsx:529:5
Expression expected
  527 |   );
  528 | }
> 529 |     </div>
      |     ^
  530 |   );
  531 | }
  532 |

Parsing ecmascript source code failed

Import traces:
  Client Component Browser:
    ./Documents/REMUNERACIONES 2026/frontend/src/app/consolidados/[id]/page.tsx [Client Component Browser]
    ./Documents/REMUNERACIONES 2026/frontend/src/app/consolidados/[id]/page.tsx [Server Component]

  Client Component SSR:
    ./Documents/REMUNERACIONES 2026/frontend/src/app/consolidados/[id]/page.tsx [Client Component SSR]
    ./Documents/REMUNERACIONES 2026/frontend/src/app/consolidados/[id]/page.tsx [Server Component] 
[browser] ./Documents/REMUNERACIONES 2026/frontend/src/app/consolidados/[id]/page.tsx:529:6
Unterminated regexp literal
  527 |   );
  528 | }
> 529 |     </div>
      |      ^^^^^
  530 |   );
  531 | }
  532 |

Parsing ecmascript source code failed

Import traces:
  Client Component Browser:
    ./Documents/REMUNERACIONES 2026/frontend/src/app/consolidados/[id]/page.tsx [Client Component Browser]
    ./Documents/REMUNERACIONES 2026/frontend/src/app/consolidados/[id]/page.tsx [Server Component]

  Client Component SSR:
    ./Documents/REMUNERACIONES 2026/frontend/src/app/consolidados/[id]/page.tsx [Client Component SSR]
    ./Documents/REMUNERACIONES 2026/frontend/src/app/consolidados/[id]/page.tsx [Server Component] 
[browser] ./Documents/REMUNERACIONES 2026/frontend/src/app/consolidados/[id]/page.tsx:529:6
Unterminated regexp literal
  527 |   );
  528 | }
> 529 |     </div>
      |      ^^^^^
  530 |   );
  531 | }
  532 |

Parsing ecmascript source code failed

Import traces:
  Client Component Browser:
    ./Documents/REMUNERACIONES 2026/frontend/src/app/consolidados/[id]/page.tsx [Client Component Browser]
    ./Documents/REMUNERACIONES 2026/frontend/src/app/consolidados/[id]/page.tsx [Server Component]

  Client Component SSR:
    ./Documents/REMUNERACIONES 2026/frontend/src/app/consolidados/[id]/page.tsx [Client Component SSR]
    ./Documents/REMUNERACIONES 2026/frontend/src/app/consolidados/[id]/page.tsx [Server Component] 
[browser] ./Documents/REMUNERACIONES 2026/frontend/src/app/consolidados/[id]/page.tsx:529:5
Expression expected
  527 |   );
  528 | }
> 529 |     </div>
      |     ^
  530 |   );
  531 | }
  532 |

Parsing ecmascript source code failed

Import traces:
  Client Component Browser:
    ./Documents/REMUNERACIONES 2026/frontend/src/app/consolidados/[id]/page.tsx [Client Component Browser]
    ./Documents/REMUNERACIONES 2026/frontend/src/app/consolidados/[id]/page.tsx [Server Component]

  Client Component SSR:
    ./Documents/REMUNERACIONES 2026/frontend/src/app/consolidados/[id]/page.tsx [Client Component SSR]
    ./Documents/REMUNERACIONES 2026/frontend/src/app/consolidados/[id]/page.tsx [Server Component] 
[browser] ./Documents/REMUNERACIONES 2026/frontend/src/app/consolidados/[id]/page.tsx:529:5
Expression expected
  527 |   );
  528 | }
> 529 |     </div>
      |     ^
  530 |   );
  531 | }
  532 |

Parsing ecmascript source code failed

Import traces:
  Client Component Browser:
    ./Documents/REMUNERACIONES 2026/frontend/src/app/consolidados/[id]/page.tsx [Client Component Browser]
    ./Documents/REMUNERACIONES 2026/frontend/src/app/consolidados/[id]/page.tsx [Server Component]

  Client Component SSR:
    ./Documents/REMUNERACIONES 2026/frontend/src/app/consolidados/[id]/page.tsx [Client Component SSR]
    ./Documents/REMUNERACIONES 2026/frontend/src/app/consolidados/[id]/page.tsx [Server Component] 
[browser] ./Documents/REMUNERACIONES 2026/frontend/src/app/consolidados/[id]/page.tsx:529:6
Unterminated regexp literal
  527 |   );
  528 | }
> 529 |     </div>
      |      ^^^^^
  530 |   );
  531 | }
  532 |

Parsing ecmascript source code failed

Import traces:
  Client Component Browser:
    ./Documents/REMUNERACIONES 2026/frontend/src/app/consolidados/[id]/page.tsx [Client Component Browser]
    ./Documents/REMUNERACIONES 2026/frontend/src/app/consolidados/[id]/page.tsx [Server Component]

  Client Component SSR:
    ./Documents/REMUNERACIONES 2026/frontend/src/app/consolidados/[id]/page.tsx [Client Component SSR]
    ./Documents/REMUNERACIONES 2026/frontend/src/app/consolidados/[id]/page.tsx [Server Component] 
[browser] ./Documents/REMUNERACIONES 2026/frontend/src/app/consolidados/[id]/page.tsx:529:6
Unterminated regexp literal
  527 |   );
  528 | }
> 529 |     </div>
      |      ^^^^^
  530 |   );
  531 | }
  532 |

Parsing ecmascript source code failed

Import traces:
  Client Component Browser:
    ./Documents/REMUNERACIONES 2026/frontend/src/app/consolidados/[id]/page.tsx [Client Component Browser]
    ./Documents/REMUNERACIONES 2026/frontend/src/app/consolidados/[id]/page.tsx [Server Component]

  Client Component SSR:
    ./Documents/REMUNERACIONES 2026/frontend/src/app/consolidados/[id]/page.tsx [Client Component SSR]
    ./Documents/REMUNERACIONES 2026/frontend/src/app/consolidados/[id]/page.tsx [Server Component] 
[browser] ./Documents/REMUNERACIONES 2026/frontend/src/app/consolidados/[id]/page.tsx:529:5
Expression expected
  527 |   );
  528 | }
> 529 |     </div>
      |     ^
  530 |   );
  531 | }
  532 |

Parsing ecmascript source code failed

Import traces:
  Client Component Browser:
    ./Documents/REMUNERACIONES 2026/frontend/src/app/consolidados/[id]/page.tsx [Client Component Browser]
    ./Documents/REMUNERACIONES 2026/frontend/src/app/consolidados/[id]/page.tsx [Server Component]

  Client Component SSR:
    ./Documents/REMUNERACIONES 2026/frontend/src/app/consolidados/[id]/page.tsx [Client Component SSR]
    ./Documents/REMUNERACIONES 2026/frontend/src/app/consolidados/[id]/page.tsx [Server Component] 
[browser] ./Documents/REMUNERACIONES 2026/frontend/src/app/consolidados/[id]/page.tsx:529:5
Expression expected
  527 |   );
  528 | }
> 529 |     </div>
      |     ^
  530 |   );
  531 | }
  532 |

Parsing ecmascript source code failed

Import traces:
  Client Component Browser:
    ./Documents/REMUNERACIONES 2026/frontend/src/app/consolidados/[id]/page.tsx [Client Component Browser]
    ./Documents/REMUNERACIONES 2026/frontend/src/app/consolidados/[id]/page.tsx [Server Component]

  Client Component SSR:
    ./Documents/REMUNERACIONES 2026/frontend/src/app/consolidados/[id]/page.tsx [Client Component SSR]
    ./Documents/REMUNERACIONES 2026/frontend/src/app/consolidados/[id]/page.tsx [Server Component] 
[browser] ./Documents/REMUNERACIONES 2026/frontend/src/app/consolidados/[id]/page.tsx:529:6
Unterminated regexp literal
  527 |   );
  528 | }
> 529 |     </div>
      |      ^^^^^
  530 |   );
  531 | }
  532 |

Parsing ecmascript source code failed

Import traces:
  Client Component Browser:
    ./Documents/REMUNERACIONES 2026/frontend/src/app/consolidados/[id]/page.tsx [Client Component Browser]
    ./Documents/REMUNERACIONES 2026/frontend/src/app/consolidados/[id]/page.tsx [Server Component]

  Client Component SSR:
    ./Documents/REMUNERACIONES 2026/frontend/src/app/consolidados/[id]/page.tsx [Client Component SSR]
    ./Documents/REMUNERACIONES 2026/frontend/src/app/consolidados/[id]/page.tsx [Server Component] 
[browser] ./Documents/REMUNERACIONES 2026/frontend/src/app/consolidados/[id]/page.tsx:529:6
Unterminated regexp literal
  527 |   );
  528 | }
> 529 |     </div>
      |      ^^^^^
  530 |   );
  531 | }
  532 |

Parsing ecmascript source code failed

Import traces:
  Client Component Browser:
    ./Documents/REMUNERACIONES 2026/frontend/src/app/consolidados/[id]/page.tsx [Client Component Browser]
    ./Documents/REMUNERACIONES 2026/frontend/src/app/consolidados/[id]/page.tsx [Server Component]

  Client Component SSR:
    ./Documents/REMUNERACIONES 2026/frontend/src/app/consolidados/[id]/page.tsx [Client Component SSR]
    ./Documents/REMUNERACIONES 2026/frontend/src/app/consolidados/[id]/page.tsx [Server Component] 
[browser] ./Documents/REMUNERACIONES 2026/frontend/src/app/consolidados/[id]/page.tsx:529:5
Expression expected
  527 |   );
  528 | }
> 529 |     </div>
      |     ^
  530 |   );
  531 | }
  532 |

Parsing ecmascript source code failed

Import traces:
  Client Component Browser:
    ./Documents/REMUNERACIONES 2026/frontend/src/app/consolidados/[id]/page.tsx [Client Component Browser]
    ./Documents/REMUNERACIONES 2026/frontend/src/app/consolidados/[id]/page.tsx [Server Component]

  Client Component SSR:
    ./Documents/REMUNERACIONES 2026/frontend/src/app/consolidados/[id]/page.tsx [Client Component SSR]
    ./Documents/REMUNERACIONES 2026/frontend/src/app/consolidados/[id]/page.tsx [Server Component] 
[browser] ./Documents/REMUNERACIONES 2026/frontend/src/app/consolidados/[id]/page.tsx:529:5
Expression expected
  527 |   );
  528 | }
> 529 |     </div>
      |     ^
  530 |   );
  531 | }
  532 |

Parsing ecmascript source code failed

Import traces:
  Client Component Browser:
    ./Documents/REMUNERACIONES 2026/frontend/src/app/consolidados/[id]/page.tsx [Client Component Browser]
    ./Documents/REMUNERACIONES 2026/frontend/src/app/consolidados/[id]/page.tsx [Server Component]

  Client Component SSR:
    ./Documents/REMUNERACIONES 2026/frontend/src/app/consolidados/[id]/page.tsx [Client Component SSR]
    ./Documents/REMUNERACIONES 2026/frontend/src/app/consolidados/[id]/page.tsx [Server Component] 
[browser] ./Documents/REMUNERACIONES 2026/frontend/src/app/consolidados/[id]/page.tsx:529:6
Unterminated regexp literal
  527 |   );
  528 | }
> 529 |     </div>
      |      ^^^^^
  530 |   );
  531 | }
  532 |

Parsing ecmascript source code failed

Import traces:
  Client Component Browser:
    ./Documents/REMUNERACIONES 2026/frontend/src/app/consolidados/[id]/page.tsx [Client Component Browser]
    ./Documents/REMUNERACIONES 2026/frontend/src/app/consolidados/[id]/page.tsx [Server Component]

  Client Component SSR:
    ./Documents/REMUNERACIONES 2026/frontend/src/app/consolidados/[id]/page.tsx [Client Component SSR]
    ./Documents/REMUNERACIONES 2026/frontend/src/app/consolidados/[id]/page.tsx [Server Component] 
[browser] ./Documents/REMUNERACIONES 2026/frontend/src/app/consolidados/[id]/page.tsx:529:6
Unterminated regexp literal
  527 |   );
  528 | }
> 529 |     </div>
      |      ^^^^^
  530 |   );
  531 | }
  532 |

Parsing ecmascript source code failed

Import traces:
  Client Component Browser:
    ./Documents/REMUNERACIONES 2026/frontend/src/app/consolidados/[id]/page.tsx [Client Component Browser]
    ./Documents/REMUNERACIONES 2026/frontend/src/app/consolidados/[id]/page.tsx [Server Component]

  Client Component SSR:
    ./Documents/REMUNERACIONES 2026/frontend/src/app/consolidados/[id]/page.tsx [Client Component SSR]
    ./Documents/REMUNERACIONES 2026/frontend/src/app/consolidados/[id]/page.tsx [Server Component] 
[browser] ./Documents/REMUNERACIONES 2026/frontend/src/app/consolidados/[id]/page.tsx:529:5
Expression expected
  527 |   );
  528 | }
> 529 |     </div>
      |     ^
  530 |   );
  531 | }
  532 |

Parsing ecmascript source code failed

Import traces:
  Client Component Browser:
    ./Documents/REMUNERACIONES 2026/frontend/src/app/consolidados/[id]/page.tsx [Client Component Browser]
    ./Documents/REMUNERACIONES 2026/frontend/src/app/consolidados/[id]/page.tsx [Server Component]

  Client Component SSR:
    ./Documents/REMUNERACIONES 2026/frontend/src/app/consolidados/[id]/page.tsx [Client Component SSR]
    ./Documents/REMUNERACIONES 2026/frontend/src/app/consolidados/[id]/page.tsx [Server Component] 
[browser] ./Documents/REMUNERACIONES 2026/frontend/src/app/consolidados/[id]/page.tsx:529:5
Expression expected
  527 |   );
  528 | }
> 529 |     </div>
      |     ^
  530 |   );
  531 | }
  532 |

Parsing ecmascript source code failed

Import traces:
  Client Component Browser:
    ./Documents/REMUNERACIONES 2026/frontend/src/app/consolidados/[id]/page.tsx [Client Component Browser]
    ./Documents/REMUNERACIONES 2026/frontend/src/app/consolidados/[id]/page.tsx [Server Component]

  Client Component SSR:
    ./Documents/REMUNERACIONES 2026/frontend/src/app/consolidados/[id]/page.tsx [Client Component SSR]
    ./Documents/REMUNERACIONES 2026/frontend/src/app/consolidados/[id]/page.tsx [Server Component] 
[browser] ./Documents/REMUNERACIONES 2026/frontend/src/app/consolidados/[id]/page.tsx:529:6
Unterminated regexp literal
  527 |   );
  528 | }
> 529 |     </div>
      |      ^^^^^
  530 |   );
  531 | }
  532 |

Parsing ecmascript source code failed

Import traces:
  Client Component Browser:
    ./Documents/REMUNERACIONES 2026/frontend/src/app/consolidados/[id]/page.tsx [Client Component Browser]
    ./Documents/REMUNERACIONES 2026/frontend/src/app/consolidados/[id]/page.tsx [Server Component]

  Client Component SSR:
    ./Documents/REMUNERACIONES 2026/frontend/src/app/consolidados/[id]/page.tsx [Client Component SSR]
    ./Documents/REMUNERACIONES 2026/frontend/src/app/consolidados/[id]/page.tsx [Server Component] 
[browser] ./Documents/REMUNERACIONES 2026/frontend/src/app/consolidados/[id]/page.tsx:529:6
Unterminated regexp literal
  527 |   );
  528 | }
> 529 |     </div>
      |      ^^^^^
  530 |   );
  531 | }
  532 |

Parsing ecmascript source code failed

Import traces:
  Client Component Browser:
    ./Documents/REMUNERACIONES 2026/frontend/src/app/consolidados/[id]/page.tsx [Client Component Browser]
    ./Documents/REMUNERACIONES 2026/frontend/src/app/consolidados/[id]/page.tsx [Server Component]

  Client Component SSR:
    ./Documents/REMUNERACIONES 2026/frontend/src/app/consolidados/[id]/page.tsx [Client Component SSR]
    ./Documents/REMUNERACIONES 2026/frontend/src/app/consolidados/[id]/page.tsx [Server Component] 
[browser] ./Documents/REMUNERACIONES 2026/frontend/src/app/consolidados/[id]/page.tsx:529:5
Expression expected
  527 |   );
  528 | }
> 529 |     </div>
      |     ^
  530 |   );
  531 | }
  532 |

Parsing ecmascript source code failed

Import traces:
  Client Component Browser:
    ./Documents/REMUNERACIONES 2026/frontend/src/app/consolidados/[id]/page.tsx [Client Component Browser]
    ./Documents/REMUNERACIONES 2026/frontend/src/app/consolidados/[id]/page.tsx [Server Component]

  Client Component SSR:
    ./Documents/REMUNERACIONES 2026/frontend/src/app/consolidados/[id]/page.tsx [Client Component SSR]
    ./Documents/REMUNERACIONES 2026/frontend/src/app/consolidados/[id]/page.tsx [Server Component] 
[browser] ./Documents/REMUNERACIONES 2026/frontend/src/app/consolidados/[id]/page.tsx:529:6
Unterminated regexp literal
  527 |   );
  528 | }
> 529 |     </div>
      |      ^^^^^
  530 |   );
  531 | }
  532 |

Parsing ecmascript source code failed

Import traces:
  Client Component Browser:
    ./Documents/REMUNERACIONES 2026/frontend/src/app/consolidados/[id]/page.tsx [Client Component Browser]
    ./Documents/REMUNERACIONES 2026/frontend/src/app/consolidados/[id]/page.tsx [Server Component]

  Client Component SSR:
    ./Documents/REMUNERACIONES 2026/frontend/src/app/consolidados/[id]/page.tsx [Client Component SSR]
    ./Documents/REMUNERACIONES 2026/frontend/src/app/consolidados/[id]/page.tsx [Server Component] 
[browser] ./Documents/REMUNERACIONES 2026/frontend/src/app/consolidados/[id]/page.tsx:529:5
Expression expected
  527 |   );
  528 | }
> 529 |     </div>
      |     ^
  530 |   );
  531 | }
  532 |

Parsing ecmascript source code failed

Import traces:
  Client Component Browser:
    ./Documents/REMUNERACIONES 2026/frontend/src/app/consolidados/[id]/page.tsx [Client Component Browser]
    ./Documents/REMUNERACIONES 2026/frontend/src/app/consolidados/[id]/page.tsx [Server Component]

  Client Component SSR:
    ./Documents/REMUNERACIONES 2026/frontend/src/app/consolidados/[id]/page.tsx [Client Component SSR]
    ./Documents/REMUNERACIONES 2026/frontend/src/app/consolidados/[id]/page.tsx [Server Component] 
[browser] ./Documents/REMUNERACIONES 2026/frontend/src/app/consolidados/[id]/page.tsx:529:6
Unterminated regexp literal
  527 |   );
  528 | }
> 529 |     </div>
      |      ^^^^^
  530 |   );
  531 | }
  532 |

Parsing ecmascript source code failed

Import traces:
  Client Component Browser:
    ./Documents/REMUNERACIONES 2026/frontend/src/app/consolidados/[id]/page.tsx [Client Component Browser]
    ./Documents/REMUNERACIONES 2026/frontend/src/app/consolidados/[id]/page.tsx [Server Component]

  Client Component SSR:
    ./Documents/REMUNERACIONES 2026/frontend/src/app/consolidados/[id]/page.tsx [Client Component SSR]
    ./Documents/REMUNERACIONES 2026/frontend/src/app/consolidados/[id]/page.tsx [Server Component] 
[browser] ./Documents/REMUNERACIONES 2026/frontend/src/app/consolidados/[id]/page.tsx:529:5
Expression expected
  527 |   );
  528 | }
> 529 |     </div>
      |     ^
  530 |   );
  531 | }
  532 |

Parsing ecmascript source code failed

Import traces:
  Client Component Browser:
    ./Documents/REMUNERACIONES 2026/frontend/src/app/consolidados/[id]/page.tsx [Client Component Browser]
    ./Documents/REMUNERACIONES 2026/frontend/src/app/consolidados/[id]/page.tsx [Server Component]

  Client Component SSR:
    ./Documents/REMUNERACIONES 2026/frontend/src/app/consolidados/[id]/page.tsx [Client Component SSR]
    ./Documents/REMUNERACIONES 2026/frontend/src/app/consolidados/[id]/page.tsx [Server Component] 
[browser] ./Documents/REMUNERACIONES 2026/frontend/src/app/consolidados/[id]/page.tsx:529:5
Expression expected
  527 |   );
  528 | }
> 529 |     </div>
      |     ^
  530 |   );
  531 | }
  532 |

Parsing ecmascript source code failed

Import traces:
  Client Component Browser:
    ./Documents/REMUNERACIONES 2026/frontend/src/app/consolidados/[id]/page.tsx [Client Component Browser]
    ./Documents/REMUNERACIONES 2026/frontend/src/app/consolidados/[id]/page.tsx [Server Component]

  Client Component SSR:
    ./Documents/REMUNERACIONES 2026/frontend/src/app/consolidados/[id]/page.tsx [Client Component SSR]
    ./Documents/REMUNERACIONES 2026/frontend/src/app/consolidados/[id]/page.tsx [Server Component] 
[browser] ./Documents/REMUNERACIONES 2026/frontend/src/app/consolidados/[id]/page.tsx:529:6
Unterminated regexp literal
  527 |   );
  528 | }
> 529 |     </div>
      |      ^^^^^
  530 |   );
  531 | }
  532 |

Parsing ecmascript source code failed

Import traces:
  Client Component Browser:
    ./Documents/REMUNERACIONES 2026/frontend/src/app/consolidados/[id]/page.tsx [Client Component Browser]
    ./Documents/REMUNERACIONES 2026/frontend/src/app/consolidados/[id]/page.tsx [Server Component]

  Client Component SSR:
    ./Documents/REMUNERACIONES 2026/frontend/src/app/consolidados/[id]/page.tsx [Client Component SSR]
    ./Documents/REMUNERACIONES 2026/frontend/src/app/consolidados/[id]/page.tsx [Server Component] 
[browser] ./Documents/REMUNERACIONES 2026/frontend/src/app/consolidados/[id]/page.tsx:529:6
Unterminated regexp literal
  527 |   );
  528 | }
> 529 |     </div>
      |      ^^^^^
  530 |   );
  531 | }
  532 |

Parsing ecmascript source code failed

Import traces:
  Client Component Browser:
    ./Documents/REMUNERACIONES 2026/frontend/src/app/consolidados/[id]/page.tsx [Client Component Browser]
    ./Documents/REMUNERACIONES 2026/frontend/src/app/consolidados/[id]/page.tsx [Server Component]

  Client Component SSR:
    ./Documents/REMUNERACIONES 2026/frontend/src/app/consolidados/[id]/page.tsx [Client Component SSR]
    ./Documents/REMUNERACIONES 2026/frontend/src/app/consolidados/[id]/page.tsx [Server Component] 
[browser] ./Documents/REMUNERACIONES 2026/frontend/src/app/consolidados/[id]/page.tsx:529:5
Expression expected
  527 |   );
  528 | }
> 529 |     </div>
      |     ^
  530 |   );
  531 | }
  532 |

Parsing ecmascript source code failed

Import traces:
  Client Component Browser:
    ./Documents/REMUNERACIONES 2026/frontend/src/app/consolidados/[id]/page.tsx [Client Component Browser]
    ./Documents/REMUNERACIONES 2026/frontend/src/app/consolidados/[id]/page.tsx [Server Component]

  Client Component SSR:
    ./Documents/REMUNERACIONES 2026/frontend/src/app/consolidados/[id]/page.tsx [Client Component SSR]
    ./Documents/REMUNERACIONES 2026/frontend/src/app/consolidados/[id]/page.tsx [Server Component] 
[browser] ./Documents/REMUNERACIONES 2026/frontend/src/app/consolidados/[id]/page.tsx:529:5
Expression expected
  527 |   );
  528 | }
> 529 |     </div>
      |     ^
  530 |   );
  531 | }
  532 |

Parsing ecmascript source code failed

Import traces:
  Client Component Browser:
    ./Documents/REMUNERACIONES 2026/frontend/src/app/consolidados/[id]/page.tsx [Client Component Browser]
    ./Documents/REMUNERACIONES 2026/frontend/src/app/consolidados/[id]/page.tsx [Server Component]

  Client Component SSR:
    ./Documents/REMUNERACIONES 2026/frontend/src/app/consolidados/[id]/page.tsx [Client Component SSR]
    ./Documents/REMUNERACIONES 2026/frontend/src/app/consolidados/[id]/page.tsx [Server Component] 
[browser] ./Documents/REMUNERACIONES 2026/frontend/src/app/consolidados/[id]/page.tsx:529:6
Unterminated regexp literal
  527 |   );
  528 | }
> 529 |     </div>
      |      ^^^^^
  530 |   );
  531 | }
  532 |

Parsing ecmascript source code failed

Import traces:
  Client Component Browser:
    ./Documents/REMUNERACIONES 2026/frontend/src/app/consolidados/[id]/page.tsx [Client Component Browser]
    ./Documents/REMUNERACIONES 2026/frontend/src/app/consolidados/[id]/page.tsx [Server Component]

  Client Component SSR:
    ./Documents/REMUNERACIONES 2026/frontend/src/app/consolidados/[id]/page.tsx [Client Component SSR]
    ./Documents/REMUNERACIONES 2026/frontend/src/app/consolidados/[id]/page.tsx [Server Component] 
[browser] ./Documents/REMUNERACIONES 2026/frontend/src/app/consolidados/[id]/page.tsx:529:6
Unterminated regexp literal
  527 |   );
  528 | }
> 529 |     </div>
      |      ^^^^^
  530 |   );
  531 | }
  532 |

Parsing ecmascript source code failed

Import traces:
  Client Component Browser:
    ./Documents/REMUNERACIONES 2026/frontend/src/app/consolidados/[id]/page.tsx [Client Component Browser]
    ./Documents/REMUNERACIONES 2026/frontend/src/app/consolidados/[id]/page.tsx [Server Component]

  Client Component SSR:
    ./Documents/REMUNERACIONES 2026/frontend/src/app/consolidados/[id]/page.tsx [Client Component SSR]
    ./Documents/REMUNERACIONES 2026/frontend/src/app/consolidados/[id]/page.tsx [Server Component] 
[browser] ./Documents/REMUNERACIONES 2026/frontend/src/app/consolidados/[id]/page.tsx:529:5
Expression expected
  527 |   );
  528 | }
> 529 |     </div>
      |     ^
  530 |   );
  531 | }
  532 |

Parsing ecmascript source code failed

Import traces:
  Client Component Browser:
    ./Documents/REMUNERACIONES 2026/frontend/src/app/consolidados/[id]/page.tsx [Client Component Browser]
    ./Documents/REMUNERACIONES 2026/frontend/src/app/consolidados/[id]/page.tsx [Server Component]

  Client Component SSR:
    ./Documents/REMUNERACIONES 2026/frontend/src/app/consolidados/[id]/page.tsx [Client Component SSR]
    ./Documents/REMUNERACIONES 2026/frontend/src/app/consolidados/[id]/page.tsx [Server Component] 
[browser] ./Documents/REMUNERACIONES 2026/frontend/src/app/consolidados/[id]/page.tsx:529:5
Expression expected
  527 |   );
  528 | }
> 529 |     </div>
      |     ^
  530 |   );
  531 | }
  532 |

Parsing ecmascript source code failed

Import traces:
  Client Component Browser:
    ./Documents/REMUNERACIONES 2026/frontend/src/app/consolidados/[id]/page.tsx [Client Component Browser]
    ./Documents/REMUNERACIONES 2026/frontend/src/app/consolidados/[id]/page.tsx [Server Component]

  Client Component SSR:
    ./Documents/REMUNERACIONES 2026/frontend/src/app/consolidados/[id]/page.tsx [Client Component SSR]
    ./Documents/REMUNERACIONES 2026/frontend/src/app/consolidados/[id]/page.tsx [Server Component] 
[browser] ./Documents/REMUNERACIONES 2026/frontend/src/app/consolidados/[id]/page.tsx:529:6
Unterminated regexp literal
  527 |   );
  528 | }
> 529 |     </div>
      |      ^^^^^
  530 |   );
  531 | }
  532 |

Parsing ecmascript source code failed

Import traces:
  Client Component Browser:
    ./Documents/REMUNERACIONES 2026/frontend/src/app/consolidados/[id]/page.tsx [Client Component Browser]
    ./Documents/REMUNERACIONES 2026/frontend/src/app/consolidados/[id]/page.tsx [Server Component]

  Client Component SSR:
    ./Documents/REMUNERACIONES 2026/frontend/src/app/consolidados/[id]/page.tsx [Client Component SSR]
    ./Documents/REMUNERACIONES 2026/frontend/src/app/consolidados/[id]/page.tsx [Server Component] 
[browser] ./Documents/REMUNERACIONES 2026/frontend/src/app/consolidados/[id]/page.tsx:529:6
Unterminated regexp literal
  527 |   );
  528 | }
> 529 |     </div>
      |      ^^^^^
  530 |   );
  531 | }
  532 |

Parsing ecmascript source code failed

Import traces:
  Client Component Browser:
    ./Documents/REMUNERACIONES 2026/frontend/src/app/consolidados/[id]/page.tsx [Client Component Browser]
    ./Documents/REMUNERACIONES 2026/frontend/src/app/consolidados/[id]/page.tsx [Server Component]

  Client Component SSR:
    ./Documents/REMUNERACIONES 2026/frontend/src/app/consolidados/[id]/page.tsx [Client Component SSR]
    ./Documents/REMUNERACIONES 2026/frontend/src/app/consolidados/[id]/page.tsx [Server Component] 
[browser] ./Documents/REMUNERACIONES 2026/frontend/src/app/consolidados/[id]/page.tsx:529:5
Expression expected
  527 |   );
  528 | }
> 529 |     </div>
      |     ^
  530 |   );
  531 | }
  532 |

Parsing ecmascript source code failed

Import traces:
  Client Component Browser:
    ./Documents/REMUNERACIONES 2026/frontend/src/app/consolidados/[id]/page.tsx [Client Component Browser]
    ./Documents/REMUNERACIONES 2026/frontend/src/app/consolidados/[id]/page.tsx [Server Component]

  Client Component SSR:
    ./Documents/REMUNERACIONES 2026/frontend/src/app/consolidados/[id]/page.tsx [Client Component SSR]
    ./Documents/REMUNERACIONES 2026/frontend/src/app/consolidados/[id]/page.tsx [Server Component] 
[browser] ./Documents/REMUNERACIONES 2026/frontend/src/app/consolidados/[id]/page.tsx:529:5
Expression expected
  527 |   );
  528 | }
> 529 |     </div>
      |     ^
  530 |   );
  531 | }
  532 |

Parsing ecmascript source code failed

Import traces:
  Client Component Browser:
    ./Documents/REMUNERACIONES 2026/frontend/src/app/consolidados/[id]/page.tsx [Client Component Browser]
    ./Documents/REMUNERACIONES 2026/frontend/src/app/consolidados/[id]/page.tsx [Server Component]

  Client Component SSR:
    ./Documents/REMUNERACIONES 2026/frontend/src/app/consolidados/[id]/page.tsx [Client Component SSR]
    ./Documents/REMUNERACIONES 2026/frontend/src/app/consolidados/[id]/page.tsx [Server Component] 
[browser] ./Documents/REMUNERACIONES 2026/frontend/src/app/consolidados/[id]/page.tsx:529:6
Unterminated regexp literal
  527 |   );
  528 | }
> 529 |     </div>
      |      ^^^^^
  530 |   );
  531 | }
  532 |

Parsing ecmascript source code failed

Import traces:
  Client Component Browser:
    ./Documents/REMUNERACIONES 2026/frontend/src/app/consolidados/[id]/page.tsx [Client Component Browser]
    ./Documents/REMUNERACIONES 2026/frontend/src/app/consolidados/[id]/page.tsx [Server Component]

  Client Component SSR:
    ./Documents/REMUNERACIONES 2026/frontend/src/app/consolidados/[id]/page.tsx [Client Component SSR]
    ./Documents/REMUNERACIONES 2026/frontend/src/app/consolidados/[id]/page.tsx [Server Component] 
[browser] ./Documents/REMUNERACIONES 2026/frontend/src/app/consolidados/[id]/page.tsx:529:6
Unterminated regexp literal
  527 |   );
  528 | }
> 529 |     </div>
      |      ^^^^^
  530 |   );
  531 | }
  532 |

Parsing ecmascript source code failed

Import traces:
  Client Component Browser:
    ./Documents/REMUNERACIONES 2026/frontend/src/app/consolidados/[id]/page.tsx [Client Component Browser]
    ./Documents/REMUNERACIONES 2026/frontend/src/app/consolidados/[id]/page.tsx [Server Component]

  Client Component SSR:
    ./Documents/REMUNERACIONES 2026/frontend/src/app/consolidados/[id]/page.tsx [Client Component SSR]
    ./Documents/REMUNERACIONES 2026/frontend/src/app/consolidados/[id]/page.tsx [Server Component] 
[browser] ./Documents/REMUNERACIONES 2026/frontend/src/app/consolidados/[id]/page.tsx:529:5
Expression expected
  527 |   );
  528 | }
> 529 |     </div>
      |     ^
  530 |   );
  531 | }
  532 |

Parsing ecmascript source code failed

Import traces:
  Client Component Browser:
    ./Documents/REMUNERACIONES 2026/frontend/src/app/consolidados/[id]/page.tsx [Client Component Browser]
    ./Documents/REMUNERACIONES 2026/frontend/src/app/consolidados/[id]/page.tsx [Server Component]

  Client Component SSR:
    ./Documents/REMUNERACIONES 2026/frontend/src/app/consolidados/[id]/page.tsx [Client Component SSR]
    ./Documents/REMUNERACIONES 2026/frontend/src/app/consolidados/[id]/page.tsx [Server Component] 
[browser] ./Documents/REMUNERACIONES 2026/frontend/src/app/consolidados/[id]/page.tsx:529:5
Expression expected
  527 |   );
  528 | }
> 529 |     </div>
      |     ^
  530 |   );
  531 | }
  532 |

Parsing ecmascript source code failed

Import traces:
  Client Component Browser:
    ./Documents/REMUNERACIONES 2026/frontend/src/app/consolidados/[id]/page.tsx [Client Component Browser]
    ./Documents/REMUNERACIONES 2026/frontend/src/app/consolidados/[id]/page.tsx [Server Component]

  Client Component SSR:
    ./Documents/REMUNERACIONES 2026/frontend/src/app/consolidados/[id]/page.tsx [Client Component SSR]
    ./Documents/REMUNERACIONES 2026/frontend/src/app/consolidados/[id]/page.tsx [Server Component] 
[browser] ./Documents/REMUNERACIONES 2026/frontend/src/app/consolidados/[id]/page.tsx:529:6
Unterminated regexp literal
  527 |   );
  528 | }
> 529 |     </div>
      |      ^^^^^
  530 |   );
  531 | }
  532 |

Parsing ecmascript source code failed

Import traces:
  Client Component Browser:
    ./Documents/REMUNERACIONES 2026/frontend/src/app/consolidados/[id]/page.tsx [Client Component Browser]
    ./Documents/REMUNERACIONES 2026/frontend/src/app/consolidados/[id]/page.tsx [Server Component]

  Client Component SSR:
    ./Documents/REMUNERACIONES 2026/frontend/src/app/consolidados/[id]/page.tsx [Client Component SSR]
    ./Documents/REMUNERACIONES 2026/frontend/src/app/consolidados/[id]/page.tsx [Server Component] 
[browser] ./Documents/REMUNERACIONES 2026/frontend/src/app/consolidados/[id]/page.tsx:529:6
Unterminated regexp literal
  527 |   );
  528 | }
> 529 |     </div>
      |      ^^^^^
  530 |   );
  531 | }
  532 |

Parsing ecmascript source code failed

Import traces:
  Client Component Browser:
    ./Documents/REMUNERACIONES 2026/frontend/src/app/consolidados/[id]/page.tsx [Client Component Browser]
    ./Documents/REMUNERACIONES 2026/frontend/src/app/consolidados/[id]/page.tsx [Server Component]

  Client Component SSR:
    ./Documents/REMUNERACIONES 2026/frontend/src/app/consolidados/[id]/page.tsx [Client Component SSR]
    ./Documents/REMUNERACIONES 2026/frontend/src/app/consolidados/[id]/page.tsx [Server Component] 
[browser] ./Documents/REMUNERACIONES 2026/frontend/src/app/consolidados/[id]/page.tsx:529:5
Expression expected
  527 |   );
  528 | }
> 529 |     </div>
      |     ^
  530 |   );
  531 | }
  532 |

Parsing ecmascript source code failed

Import traces:
  Client Component Browser:
    ./Documents/REMUNERACIONES 2026/frontend/src/app/consolidados/[id]/page.tsx [Client Component Browser]
    ./Documents/REMUNERACIONES 2026/frontend/src/app/consolidados/[id]/page.tsx [Server Component]

  Client Component SSR:
    ./Documents/REMUNERACIONES 2026/frontend/src/app/consolidados/[id]/page.tsx [Client Component SSR]
    ./Documents/REMUNERACIONES 2026/frontend/src/app/consolidados/[id]/page.tsx [Server Component] 
[browser] ./Documents/REMUNERACIONES 2026/frontend/src/app/consolidados/[id]/page.tsx:529:5
Expression expected
  527 |   );
  528 | }
> 529 |     </div>
      |     ^
  530 |   );
  531 | }
  532 |

Parsing ecmascript source code failed

Import traces:
  Client Component Browser:
    ./Documents/REMUNERACIONES 2026/frontend/src/app/consolidados/[id]/page.tsx [Client Component Browser]
    ./Documents/REMUNERACIONES 2026/frontend/src/app/consolidados/[id]/page.tsx [Server Component]

  Client Component SSR:
    ./Documents/REMUNERACIONES 2026/frontend/src/app/consolidados/[id]/page.tsx [Client Component SSR]
    ./Documents/REMUNERACIONES 2026/frontend/src/app/consolidados/[id]/page.tsx [Server Component] 
[browser] ./Documents/REMUNERACIONES 2026/frontend/src/app/consolidados/[id]/page.tsx:529:6
Unterminated regexp literal
  527 |   );
  528 | }
> 529 |     </div>
      |      ^^^^^
  530 |   );
  531 | }
  532 |

Parsing ecmascript source code failed

Import traces:
  Client Component Browser:
    ./Documents/REMUNERACIONES 2026/frontend/src/app/consolidados/[id]/page.tsx [Client Component Browser]
    ./Documents/REMUNERACIONES 2026/frontend/src/app/consolidados/[id]/page.tsx [Server Component]

  Client Component SSR:
    ./Documents/REMUNERACIONES 2026/frontend/src/app/consolidados/[id]/page.tsx [Client Component SSR]
    ./Documents/REMUNERACIONES 2026/frontend/src/app/consolidados/[id]/page.tsx [Server Component] 
[browser] ./Documents/REMUNERACIONES 2026/frontend/src/app/consolidados/[id]/page.tsx:529:6
Unterminated regexp literal
  527 |   );
  528 | }
> 529 |     </div>
      |      ^^^^^
  530 |   );
  531 | }
  532 |

Parsing ecmascript source code failed

Import traces:
  Client Component Browser:
    ./Documents/REMUNERACIONES 2026/frontend/src/app/consolidados/[id]/page.tsx [Client Component Browser]
    ./Documents/REMUNERACIONES 2026/frontend/src/app/consolidados/[id]/page.tsx [Server Component]

  Client Component SSR:
    ./Documents/REMUNERACIONES 2026/frontend/src/app/consolidados/[id]/page.tsx [Client Component SSR]
    ./Documents/REMUNERACIONES 2026/frontend/src/app/consolidados/[id]/page.tsx [Server Component] 
[browser] ./Documents/REMUNERACIONES 2026/frontend/src/app/consolidados/[id]/page.tsx:529:5
Expression expected
  527 |   );
  528 | }
> 529 |     </div>
      |     ^
  530 |   );
  531 | }
  532 |

Parsing ecmascript source code failed

Import traces:
  Client Component Browser:
    ./Documents/REMUNERACIONES 2026/frontend/src/app/consolidados/[id]/page.tsx [Client Component Browser]
    ./Documents/REMUNERACIONES 2026/frontend/src/app/consolidados/[id]/page.tsx [Server Component]

  Client Component SSR:
    ./Documents/REMUNERACIONES 2026/frontend/src/app/consolidados/[id]/page.tsx [Client Component SSR]
    ./Documents/REMUNERACIONES 2026/frontend/src/app/consolidados/[id]/page.tsx [Server Component] 
[browser] ./Documents/REMUNERACIONES 2026/frontend/src/app/consolidados/[id]/page.tsx:529:5
Expression expected
  527 |   );
  528 | }
> 529 |     </div>
      |     ^
  530 |   );
  531 | }
  532 |

Parsing ecmascript source code failed

Import traces:
  Client Component Browser:
    ./Documents/REMUNERACIONES 2026/frontend/src/app/consolidados/[id]/page.tsx [Client Component Browser]
    ./Documents/REMUNERACIONES 2026/frontend/src/app/consolidados/[id]/page.tsx [Server Component]

  Client Component SSR:
    ./Documents/REMUNERACIONES 2026/frontend/src/app/consolidados/[id]/page.tsx [Client Component SSR]
    ./Documents/REMUNERACIONES 2026/frontend/src/app/consolidados/[id]/page.tsx [Server Component] 
[browser] ./Documents/REMUNERACIONES 2026/frontend/src/app/consolidados/[id]/page.tsx:529:6
Unterminated regexp literal
  527 |   );
  528 | }
> 529 |     </div>
      |      ^^^^^
  530 |   );
  531 | }
  532 |

Parsing ecmascript source code failed

Import traces:
  Client Component Browser:
    ./Documents/REMUNERACIONES 2026/frontend/src/app/consolidados/[id]/page.tsx [Client Component Browser]
    ./Documents/REMUNERACIONES 2026/frontend/src/app/consolidados/[id]/page.tsx [Server Component]

  Client Component SSR:
    ./Documents/REMUNERACIONES 2026/frontend/src/app/consolidados/[id]/page.tsx [Client Component SSR]
    ./Documents/REMUNERACIONES 2026/frontend/src/app/consolidados/[id]/page.tsx [Server Component] 
[browser] ./Documents/REMUNERACIONES 2026/frontend/src/app/consolidados/[id]/page.tsx:529:6
Unterminated regexp literal
  527 |   );
  528 | }
> 529 |     </div>
      |      ^^^^^
  530 |   );
  531 | }
  532 |

Parsing ecmascript source code failed

Import traces:
  Client Component Browser:
    ./Documents/REMUNERACIONES 2026/frontend/src/app/consolidados/[id]/page.tsx [Client Component Browser]
    ./Documents/REMUNERACIONES 2026/frontend/src/app/consolidados/[id]/page.tsx [Server Component]

  Client Component SSR:
    ./Documents/REMUNERACIONES 2026/frontend/src/app/consolidados/[id]/page.tsx [Client Component SSR]
    ./Documents/REMUNERACIONES 2026/frontend/src/app/consolidados/[id]/page.tsx [Server Component] 
[browser] ./Documents/REMUNERACIONES 2026/frontend/src/app/consolidados/[id]/page.tsx:529:5
Expression expected
  527 |   );
  528 | }
> 529 |     </div>
      |     ^
  530 |   );
  531 | }
  532 |

Parsing ecmascript source code failed

Import traces:
  Client Component Browser:
    ./Documents/REMUNERACIONES 2026/frontend/src/app/consolidados/[id]/page.tsx [Client Component Browser]
    ./Documents/REMUNERACIONES 2026/frontend/src/app/consolidados/[id]/page.tsx [Server Component]

  Client Component SSR:
    ./Documents/REMUNERACIONES 2026/frontend/src/app/consolidados/[id]/page.tsx [Client Component SSR]
    ./Documents/REMUNERACIONES 2026/frontend/src/app/consolidados/[id]/page.tsx [Server Component] 
[browser] ./Documents/REMUNERACIONES 2026/frontend/src/app/consolidados/[id]/page.tsx:529:5
Expression expected
  527 |   );
  528 | }
> 529 |     </div>
      |     ^
  530 |   );
  531 | }
  532 |

Parsing ecmascript source code failed

Import traces:
  Client Component Browser:
    ./Documents/REMUNERACIONES 2026/frontend/src/app/consolidados/[id]/page.tsx [Client Component Browser]
    ./Documents/REMUNERACIONES 2026/frontend/src/app/consolidados/[id]/page.tsx [Server Component]

  Client Component SSR:
    ./Documents/REMUNERACIONES 2026/frontend/src/app/consolidados/[id]/page.tsx [Client Component SSR]
    ./Documents/REMUNERACIONES 2026/frontend/src/app/consolidados/[id]/page.tsx [Server Component] 
[browser] ./Documents/REMUNERACIONES 2026/frontend/src/app/consolidados/[id]/page.tsx:529:6
Unterminated regexp literal
  527 |   );
  528 | }
> 529 |     </div>
      |      ^^^^^
  530 |   );
  531 | }
  532 |

Parsing ecmascript source code failed

Import traces:
  Client Component Browser:
    ./Documents/REMUNERACIONES 2026/frontend/src/app/consolidados/[id]/page.tsx [Client Component Browser]
    ./Documents/REMUNERACIONES 2026/frontend/src/app/consolidados/[id]/page.tsx [Server Component]

  Client Component SSR:
    ./Documents/REMUNERACIONES 2026/frontend/src/app/consolidados/[id]/page.tsx [Client Component SSR]
    ./Documents/REMUNERACIONES 2026/frontend/src/app/consolidados/[id]/page.tsx [Server Component] 
[browser] ./Documents/REMUNERACIONES 2026/frontend/src/app/consolidados/[id]/page.tsx:529:6
Unterminated regexp literal
  527 |   );
  528 | }
> 529 |     </div>
      |      ^^^^^
  530 |   );
  531 | }
  532 |

Parsing ecmascript source code failed

Import traces:
  Client Component Browser:
    ./Documents/REMUNERACIONES 2026/frontend/src/app/consolidados/[id]/page.tsx [Client Component Browser]
    ./Documents/REMUNERACIONES 2026/frontend/src/app/consolidados/[id]/page.tsx [Server Component]

  Client Component SSR:
    ./Documents/REMUNERACIONES 2026/frontend/src/app/consolidados/[id]/page.tsx [Client Component SSR]
    ./Documents/REMUNERACIONES 2026/frontend/src/app/consolidados/[id]/page.tsx [Server Component] 
[browser] ./Documents/REMUNERACIONES 2026/frontend/src/app/consolidados/[id]/page.tsx:529:5
Expression expected
  527 |   );
  528 | }
> 529 |     </div>
      |     ^
  530 |   );
  531 | }
  532 |

Parsing ecmascript source code failed

Import traces:
  Client Component Browser:
    ./Documents/REMUNERACIONES 2026/frontend/src/app/consolidados/[id]/page.tsx [Client Component Browser]
    ./Documents/REMUNERACIONES 2026/frontend/src/app/consolidados/[id]/page.tsx [Server Component]

  Client Component SSR:
    ./Documents/REMUNERACIONES 2026/frontend/src/app/consolidados/[id]/page.tsx [Client Component SSR]
    ./Documents/REMUNERACIONES 2026/frontend/src/app/consolidados/[id]/page.tsx [Server Component] 
[browser] ./Documents/REMUNERACIONES 2026/frontend/src/app/consolidados/[id]/page.tsx:529:5
Expression expected
  527 |   );
  528 | }
> 529 |     </div>
      |     ^
  530 |   );
  531 | }
  532 |

Parsing ecmascript source code failed

Import traces:
  Client Component Browser:
    ./Documents/REMUNERACIONES 2026/frontend/src/app/consolidados/[id]/page.tsx [Client Component Browser]
    ./Documents/REMUNERACIONES 2026/frontend/src/app/consolidados/[id]/page.tsx [Server Component]

  Client Component SSR:
    ./Documents/REMUNERACIONES 2026/frontend/src/app/consolidados/[id]/page.tsx [Client Component SSR]
    ./Documents/REMUNERACIONES 2026/frontend/src/app/consolidados/[id]/page.tsx [Server Component] 
[browser] ./Documents/REMUNERACIONES 2026/frontend/src/app/consolidados/[id]/page.tsx:529:6
Unterminated regexp literal
  527 |   );
  528 | }
> 529 |     </div>
      |      ^^^^^
  530 |   );
  531 | }
  532 |

Parsing ecmascript source code failed

Import traces:
  Client Component Browser:
    ./Documents/REMUNERACIONES 2026/frontend/src/app/consolidados/[id]/page.tsx [Client Component Browser]
    ./Documents/REMUNERACIONES 2026/frontend/src/app/consolidados/[id]/page.tsx [Server Component]

  Client Component SSR:
    ./Documents/REMUNERACIONES 2026/frontend/src/app/consolidados/[id]/page.tsx [Client Component SSR]
    ./Documents/REMUNERACIONES 2026/frontend/src/app/consolidados/[id]/page.tsx [Server Component] 
[browser] ./Documents/REMUNERACIONES 2026/frontend/src/app/consolidados/[id]/page.tsx:529:6
Unterminated regexp literal
  527 |   );
  528 | }
> 529 |     </div>
      |      ^^^^^
  530 |   );
  531 | }
  532 |

Parsing ecmascript source code failed

Import traces:
  Client Component Browser:
    ./Documents/REMUNERACIONES 2026/frontend/src/app/consolidados/[id]/page.tsx [Client Component Browser]
    ./Documents/REMUNERACIONES 2026/frontend/src/app/consolidados/[id]/page.tsx [Server Component]

  Client Component SSR:
    ./Documents/REMUNERACIONES 2026/frontend/src/app/consolidados/[id]/page.tsx [Client Component SSR]
    ./Documents/REMUNERACIONES 2026/frontend/src/app/consolidados/[id]/page.tsx [Server Component] 
[browser] ./Documents/REMUNERACIONES 2026/frontend/src/app/consolidados/[id]/page.tsx:529:5
Expression expected
  527 |   );
  528 | }
> 529 |     </div>
      |     ^
  530 |   );
  531 | }
  532 |

Parsing ecmascript source code failed

Import traces:
  Client Component Browser:
    ./Documents/REMUNERACIONES 2026/frontend/src/app/consolidados/[id]/page.tsx [Client Component Browser]
    ./Documents/REMUNERACIONES 2026/frontend/src/app/consolidados/[id]/page.tsx [Server Component]

  Client Component SSR:
    ./Documents/REMUNERACIONES 2026/frontend/src/app/consolidados/[id]/page.tsx [Client Component SSR]
    ./Documents/REMUNERACIONES 2026/frontend/src/app/consolidados/[id]/page.tsx [Server Component] 
[browser] ./Documents/REMUNERACIONES 2026/frontend/src/app/consolidados/[id]/page.tsx:529:5
Expression expected
  527 |   );
  528 | }
> 529 |     </div>
      |     ^
  530 |   );
  531 | }
  532 |

Parsing ecmascript source code failed

Import traces:
  Client Component Browser:
    ./Documents/REMUNERACIONES 2026/frontend/src/app/consolidados/[id]/page.tsx [Client Component Browser]
    ./Documents/REMUNERACIONES 2026/frontend/src/app/consolidados/[id]/page.tsx [Server Component]

  Client Component SSR:
    ./Documents/REMUNERACIONES 2026/frontend/src/app/consolidados/[id]/page.tsx [Client Component SSR]
    ./Documents/REMUNERACIONES 2026/frontend/src/app/consolidados/[id]/page.tsx [Server Component] 
[browser] ./Documents/REMUNERACIONES 2026/frontend/src/app/consolidados/[id]/page.tsx:529:6
Unterminated regexp literal
  527 |   );
  528 | }
> 529 |     </div>
      |      ^^^^^
  530 |   );
  531 | }
  532 |

Parsing ecmascript source code failed

Import traces:
  Client Component Browser:
    ./Documents/REMUNERACIONES 2026/frontend/src/app/consolidados/[id]/page.tsx [Client Component Browser]
    ./Documents/REMUNERACIONES 2026/frontend/src/app/consolidados/[id]/page.tsx [Server Component]

  Client Component SSR:
    ./Documents/REMUNERACIONES 2026/frontend/src/app/consolidados/[id]/page.tsx [Client Component SSR]
    ./Documents/REMUNERACIONES 2026/frontend/src/app/consolidados/[id]/page.tsx [Server Component] 
[browser] ./Documents/REMUNERACIONES 2026/frontend/src/app/consolidados/[id]/page.tsx:529:6
Unterminated regexp literal
  527 |   );
  528 | }
> 529 |     </div>
      |      ^^^^^
  530 |   );
  531 | }
  532 |

Parsing ecmascript source code failed

Import traces:
  Client Component Browser:
    ./Documents/REMUNERACIONES 2026/frontend/src/app/consolidados/[id]/page.tsx [Client Component Browser]
    ./Documents/REMUNERACIONES 2026/frontend/src/app/consolidados/[id]/page.tsx [Server Component]

  Client Component SSR:
    ./Documents/REMUNERACIONES 2026/frontend/src/app/consolidados/[id]/page.tsx [Client Component SSR]
    ./Documents/REMUNERACIONES 2026/frontend/src/app/consolidados/[id]/page.tsx [Server Component] 
[browser] ./Documents/REMUNERACIONES 2026/frontend/src/app/consolidados/[id]/page.tsx:529:5
Expression expected
  527 |   );
  528 | }
> 529 |     </div>
      |     ^
  530 |   );
  531 | }
  532 |

Parsing ecmascript source code failed

Import traces:
  Client Component Browser:
    ./Documents/REMUNERACIONES 2026/frontend/src/app/consolidados/[id]/page.tsx [Client Component Browser]
    ./Documents/REMUNERACIONES 2026/frontend/src/app/consolidados/[id]/page.tsx [Server Component]

  Client Component SSR:
    ./Documents/REMUNERACIONES 2026/frontend/src/app/consolidados/[id]/page.tsx [Client Component SSR]
    ./Documents/REMUNERACIONES 2026/frontend/src/app/consolidados/[id]/page.tsx [Server Component] 
[browser] ./Documents/REMUNERACIONES 2026/frontend/src/app/consolidados/[id]/page.tsx:529:5
Expression expected
  527 |   );
  528 | }
> 529 |     </div>
      |     ^
  530 |   );
  531 | }
  532 |

Parsing ecmascript source code failed

Import traces:
  Client Component Browser:
    ./Documents/REMUNERACIONES 2026/frontend/src/app/consolidados/[id]/page.tsx [Client Component Browser]
    ./Documents/REMUNERACIONES 2026/frontend/src/app/consolidados/[id]/page.tsx [Server Component]

  Client Component SSR:
    ./Documents/REMUNERACIONES 2026/frontend/src/app/consolidados/[id]/page.tsx [Client Component SSR]
    ./Documents/REMUNERACIONES 2026/frontend/src/app/consolidados/[id]/page.tsx [Server Component] 
[browser] ./Documents/REMUNERACIONES 2026/frontend/src/app/consolidados/[id]/page.tsx:529:6
Unterminated regexp literal
  527 |   );
  528 | }
> 529 |     </div>
      |      ^^^^^
  530 |   );
  531 | }
  532 |

Parsing ecmascript source code failed

Import traces:
  Client Component Browser:
    ./Documents/REMUNERACIONES 2026/frontend/src/app/consolidados/[id]/page.tsx [Client Component Browser]
    ./Documents/REMUNERACIONES 2026/frontend/src/app/consolidados/[id]/page.tsx [Server Component]

  Client Component SSR:
    ./Documents/REMUNERACIONES 2026/frontend/src/app/consolidados/[id]/page.tsx [Client Component SSR]
    ./Documents/REMUNERACIONES 2026/frontend/src/app/consolidados/[id]/page.tsx [Server Component] 
[browser] ./Documents/REMUNERACIONES 2026/frontend/src/app/consolidados/[id]/page.tsx:529:6
Unterminated regexp literal
  527 |   );
  528 | }
> 529 |     </div>
      |      ^^^^^
  530 |   );
  531 | }
  532 |

Parsing ecmascript source code failed

Import traces:
  Client Component Browser:
    ./Documents/REMUNERACIONES 2026/frontend/src/app/consolidados/[id]/page.tsx [Client Component Browser]
    ./Documents/REMUNERACIONES 2026/frontend/src/app/consolidados/[id]/page.tsx [Server Component]

  Client Component SSR:
    ./Documents/REMUNERACIONES 2026/frontend/src/app/consolidados/[id]/page.tsx [Client Component SSR]
    ./Documents/REMUNERACIONES 2026/frontend/src/app/consolidados/[id]/page.tsx [Server Component] 
[browser] ./Documents/REMUNERACIONES 2026/frontend/src/app/consolidados/[id]/page.tsx:529:5
Expression expected
  527 |   );
  528 | }
> 529 |     </div>
      |     ^
  530 |   );
  531 | }
  532 |

Parsing ecmascript source code failed

Import traces:
  Client Component Browser:
    ./Documents/REMUNERACIONES 2026/frontend/src/app/consolidados/[id]/page.tsx [Client Component Browser]
    ./Documents/REMUNERACIONES 2026/frontend/src/app/consolidados/[id]/page.tsx [Server Component]

  Client Component SSR:
    ./Documents/REMUNERACIONES 2026/frontend/src/app/consolidados/[id]/page.tsx [Client Component SSR]
    ./Documents/REMUNERACIONES 2026/frontend/src/app/consolidados/[id]/page.tsx [Server Component] 
[browser] ./Documents/REMUNERACIONES 2026/frontend/src/app/consolidados/[id]/page.tsx:529:5
Expression expected
  527 |   );
  528 | }
> 529 |     </div>
      |     ^
  530 |   );
  531 | }
  532 |

Parsing ecmascript source code failed

Import traces:
  Client Component Browser:
    ./Documents/REMUNERACIONES 2026/frontend/src/app/consolidados/[id]/page.tsx [Client Component Browser]
    ./Documents/REMUNERACIONES 2026/frontend/src/app/consolidados/[id]/page.tsx [Server Component]

  Client Component SSR:
    ./Documents/REMUNERACIONES 2026/frontend/src/app/consolidados/[id]/page.tsx [Client Component SSR]
    ./Documents/REMUNERACIONES 2026/frontend/src/app/consolidados/[id]/page.tsx [Server Component] 
[browser] ./Documents/REMUNERACIONES 2026/frontend/src/app/consolidados/[id]/page.tsx:529:6
Unterminated regexp literal
  527 |   );
  528 | }
> 529 |     </div>
      |      ^^^^^
  530 |   );
  531 | }
  532 |

Parsing ecmascript source code failed

Import traces:
  Client Component Browser:
    ./Documents/REMUNERACIONES 2026/frontend/src/app/consolidados/[id]/page.tsx [Client Component Browser]
    ./Documents/REMUNERACIONES 2026/frontend/src/app/consolidados/[id]/page.tsx [Server Component]

  Client Component SSR:
    ./Documents/REMUNERACIONES 2026/frontend/src/app/consolidados/[id]/page.tsx [Client Component SSR]
    ./Documents/REMUNERACIONES 2026/frontend/src/app/consolidados/[id]/page.tsx [Server Component] 
[browser] ./Documents/REMUNERACIONES 2026/frontend/src/app/consolidados/[id]/page.tsx:529:6
Unterminated regexp literal
  527 |   );
  528 | }
> 529 |     </div>
      |      ^^^^^
  530 |   );
  531 | }
  532 |

Parsing ecmascript source code failed

Import traces:
  Client Component Browser:
    ./Documents/REMUNERACIONES 2026/frontend/src/app/consolidados/[id]/page.tsx [Client Component Browser]
    ./Documents/REMUNERACIONES 2026/frontend/src/app/consolidados/[id]/page.tsx [Server Component]

  Client Component SSR:
    ./Documents/REMUNERACIONES 2026/frontend/src/app/consolidados/[id]/page.tsx [Client Component SSR]
    ./Documents/REMUNERACIONES 2026/frontend/src/app/consolidados/[id]/page.tsx [Server Component] 
[browser] ./Documents/REMUNERACIONES 2026/frontend/src/app/consolidados/[id]/page.tsx:529:5
Expression expected
  527 |   );
  528 | }
> 529 |     </div>
      |     ^
  530 |   );
  531 | }
  532 |

Parsing ecmascript source code failed

Import traces:
  Client Component Browser:
    ./Documents/REMUNERACIONES 2026/frontend/src/app/consolidados/[id]/page.tsx [Client Component Browser]
    ./Documents/REMUNERACIONES 2026/frontend/src/app/consolidados/[id]/page.tsx [Server Component]

  Client Component SSR:
    ./Documents/REMUNERACIONES 2026/frontend/src/app/consolidados/[id]/page.tsx [Client Component SSR]
    ./Documents/REMUNERACIONES 2026/frontend/src/app/consolidados/[id]/page.tsx [Server Component] 
[browser] ./Documents/REMUNERACIONES 2026/frontend/src/app/consolidados/[id]/page.tsx:529:5
Expression expected
  527 |   );
  528 | }
> 529 |     </div>
      |     ^
  530 |   );
  531 | }
  532 |

Parsing ecmascript source code failed

Import traces:
  Client Component Browser:
    ./Documents/REMUNERACIONES 2026/frontend/src/app/consolidados/[id]/page.tsx [Client Component Browser]
    ./Documents/REMUNERACIONES 2026/frontend/src/app/consolidados/[id]/page.tsx [Server Component]

  Client Component SSR:
    ./Documents/REMUNERACIONES 2026/frontend/src/app/consolidados/[id]/page.tsx [Client Component SSR]
    ./Documents/REMUNERACIONES 2026/frontend/src/app/consolidados/[id]/page.tsx [Server Component] 
[browser] ./Documents/REMUNERACIONES 2026/frontend/src/app/consolidados/[id]/page.tsx:529:6
Unterminated regexp literal
  527 |   );
  528 | }
> 529 |     </div>
      |      ^^^^^
  530 |   );
  531 | }
  532 |

Parsing ecmascript source code failed

Import traces:
  Client Component Browser:
    ./Documents/REMUNERACIONES 2026/frontend/src/app/consolidados/[id]/page.tsx [Client Component Browser]
    ./Documents/REMUNERACIONES 2026/frontend/src/app/consolidados/[id]/page.tsx [Server Component]

  Client Component SSR:
    ./Documents/REMUNERACIONES 2026/frontend/src/app/consolidados/[id]/page.tsx [Client Component SSR]
    ./Documents/REMUNERACIONES 2026/frontend/src/app/consolidados/[id]/page.tsx [Server Component] 
[browser] ./Documents/REMUNERACIONES 2026/frontend/src/app/consolidados/[id]/page.tsx:529:6
Unterminated regexp literal
  527 |   );
  528 | }
> 529 |     </div>
      |      ^^^^^
  530 |   );
  531 | }
  532 |

Parsing ecmascript source code failed

Import traces:
  Client Component Browser:
    ./Documents/REMUNERACIONES 2026/frontend/src/app/consolidados/[id]/page.tsx [Client Component Browser]
    ./Documents/REMUNERACIONES 2026/frontend/src/app/consolidados/[id]/page.tsx [Server Component]

  Client Component SSR:
    ./Documents/REMUNERACIONES 2026/frontend/src/app/consolidados/[id]/page.tsx [Client Component SSR]
    ./Documents/REMUNERACIONES 2026/frontend/src/app/consolidados/[id]/page.tsx [Server Component] 
[browser] ./Documents/REMUNERACIONES 2026/frontend/src/app/consolidados/[id]/page.tsx:529:5
Expression expected
  527 |   );
  528 | }
> 529 |     </div>
      |     ^
  530 |   );
  531 | }
  532 |

Parsing ecmascript source code failed

Import traces:
  Client Component Browser:
    ./Documents/REMUNERACIONES 2026/frontend/src/app/consolidados/[id]/page.tsx [Client Component Browser]
    ./Documents/REMUNERACIONES 2026/frontend/src/app/consolidados/[id]/page.tsx [Server Component]

  Client Component SSR:
    ./Documents/REMUNERACIONES 2026/frontend/src/app/consolidados/[id]/page.tsx [Client Component SSR]
    ./Documents/REMUNERACIONES 2026/frontend/src/app/consolidados/[id]/page.tsx [Server Component] 
[browser] ./Documents/REMUNERACIONES 2026/frontend/src/app/consolidados/[id]/page.tsx:529:5
Expression expected
  527 |   );
  528 | }
> 529 |     </div>
      |     ^
  530 |   );
  531 | }
  532 |

Parsing ecmascript source code failed

Import traces:
  Client Component Browser:
    ./Documents/REMUNERACIONES 2026/frontend/src/app/consolidados/[id]/page.tsx [Client Component Browser]
    ./Documents/REMUNERACIONES 2026/frontend/src/app/consolidados/[id]/page.tsx [Server Component]

  Client Component SSR:
    ./Documents/REMUNERACIONES 2026/frontend/src/app/consolidados/[id]/page.tsx [Client Component SSR]
    ./Documents/REMUNERACIONES 2026/frontend/src/app/consolidados/[id]/page.tsx [Server Component] 
[browser] ./Documents/REMUNERACIONES 2026/frontend/src/app/consolidados/[id]/page.tsx:529:6
Unterminated regexp literal
  527 |   );
  528 | }
> 529 |     </div>
      |      ^^^^^
  530 |   );
  531 | }
  532 |

Parsing ecmascript source code failed

Import traces:
  Client Component Browser:
    ./Documents/REMUNERACIONES 2026/frontend/src/app/consolidados/[id]/page.tsx [Client Component Browser]
    ./Documents/REMUNERACIONES 2026/frontend/src/app/consolidados/[id]/page.tsx [Server Component]

  Client Component SSR:
    ./Documents/REMUNERACIONES 2026/frontend/src/app/consolidados/[id]/page.tsx [Client Component SSR]
    ./Documents/REMUNERACIONES 2026/frontend/src/app/consolidados/[id]/page.tsx [Server Component] 
[browser] ./Documents/REMUNERACIONES 2026/frontend/src/app/consolidados/[id]/page.tsx:529:6
Unterminated regexp literal
  527 |   );
  528 | }
> 529 |     </div>
      |      ^^^^^
  530 |   );
  531 | }
  532 |

Parsing ecmascript source code failed

Import traces:
  Client Component Browser:
    ./Documents/REMUNERACIONES 2026/frontend/src/app/consolidados/[id]/page.tsx [Client Component Browser]
    ./Documents/REMUNERACIONES 2026/frontend/src/app/consolidados/[id]/page.tsx [Server Component]

  Client Component SSR:
    ./Documents/REMUNERACIONES 2026/frontend/src/app/consolidados/[id]/page.tsx [Client Component SSR]
    ./Documents/REMUNERACIONES 2026/frontend/src/app/consolidados/[id]/page.tsx [Server Component] 
 GET /consolidados 500 in 642ms (next.js: 520ms, application-code: 122ms)
[browser] Uncaught Error: ./Documents/REMUNERACIONES 2026/frontend/src/app/consolidados/[id]/page.tsx:529:5
Expression expected
  527 |   );
  528 | }
> 529 |     </div>
      |     ^
  530 |   );
  531 | }
  532 |

Parsing ecmascript source code failed

Import traces:
  Client Component Browser:
    ./Documents/REMUNERACIONES 2026/frontend/src/app/consolidados/[id]/page.tsx [Client Component Browser]
    ./Documents/REMUNERACIONES 2026/frontend/src/app/consolidados/[id]/page.tsx [Server Component]

  Client Component SSR:
    ./Documents/REMUNERACIONES 2026/frontend/src/app/consolidados/[id]/page.tsx [Client Component SSR]
    ./Documents/REMUNERACIONES 2026/frontend/src/app/consolidados/[id]/page.tsx [Server Component]


    at <unknown> (Error: ./Documents/REMUNERACIONES 2026/frontend/src/app/consolidados/[id]/page.tsx:529:5)
    at <unknown> (Error: (./Documents/REMUNERACIONES 2026/frontend/src/app/consolidados/[id]/page.tsx:529:5)
[browser] ./Documents/REMUNERACIONES 2026/frontend/src/app/consolidados/[id]/page.tsx:529:5
Expression expected
  527 |   );
  528 | }
> 529 |     </div>
      |     ^
  530 |   );
  531 | }
  532 |

Parsing ecmascript source code failed

Import traces:
  Client Component Browser:
    ./Documents/REMUNERACIONES 2026/frontend/src/app/consolidados/[id]/page.tsx [Client Component Browser]
    ./Documents/REMUNERACIONES 2026/frontend/src/app/consolidados/[id]/page.tsx [Server Component]

  Client Component SSR:
    ./Documents/REMUNERACIONES 2026/frontend/src/app/consolidados/[id]/page.tsx [Client Component SSR]
    ./Documents/REMUNERACIONES 2026/frontend/src/app/consolidados/[id]/page.tsx [Server Component] 
[browser] ./Documents/REMUNERACIONES 2026/frontend/src/app/consolidados/[id]/page.tsx:529:6
Unterminated regexp literal
  527 |   );
  528 | }
> 529 |     </div>
      |      ^^^^^
  530 |   );
  531 | }
  532 |

Parsing ecmascript source code failed

Import traces:
  Client Component Browser:
    ./Documents/REMUNERACIONES 2026/frontend/src/app/consolidados/[id]/page.tsx [Client Component Browser]
    ./Documents/REMUNERACIONES 2026/frontend/src/app/consolidados/[id]/page.tsx [Server Component]

  Client Component SSR:
    ./Documents/REMUNERACIONES 2026/frontend/src/app/consolidados/[id]/page.tsx [Client Component SSR]
    ./Documents/REMUNERACIONES 2026/frontend/src/app/consolidados/[id]/page.tsx [Server Component] 
[browser] ./Documents/REMUNERACIONES 2026/frontend/src/app/consolidados/[id]/page.tsx:529:5
Expression expected
  527 |   );
  528 | }
> 529 |     </div>
      |     ^
  530 |   );
  531 | }
  532 |

Parsing ecmascript source code failed

Import traces:
  Client Component Browser:
    ./Documents/REMUNERACIONES 2026/frontend/src/app/consolidados/[id]/page.tsx [Client Component Browser]
    ./Documents/REMUNERACIONES 2026/frontend/src/app/consolidados/[id]/page.tsx [Server Component]

  Client Component SSR:
    ./Documents/REMUNERACIONES 2026/frontend/src/app/consolidados/[id]/page.tsx [Client Component SSR]
    ./Documents/REMUNERACIONES 2026/frontend/src/app/consolidados/[id]/page.tsx [Server Component] 
[browser] ./Documents/REMUNERACIONES 2026/frontend/src/app/consolidados/[id]/page.tsx:529:6
Unterminated regexp literal
  527 |   );
  528 | }
> 529 |     </div>
      |      ^^^^^
  530 |   );
  531 | }
  532 |

Parsing ecmascript source code failed

Import traces:
  Client Component Browser:
    ./Documents/REMUNERACIONES 2026/frontend/src/app/consolidados/[id]/page.tsx [Client Component Browser]
    ./Documents/REMUNERACIONES 2026/frontend/src/app/consolidados/[id]/page.tsx [Server Component]

  Client Component SSR:
    ./Documents/REMUNERACIONES 2026/frontend/src/app/consolidados/[id]/page.tsx [Client Component SSR]
    ./Documents/REMUNERACIONES 2026/frontend/src/app/consolidados/[id]/page.tsx [Server Component] 
[browser] ./Documents/REMUNERACIONES 2026/frontend/src/app/consolidados/[id]/page.tsx:529:5
Expression expected
  527 |   );
  528 | }
> 529 |     </div>
      |     ^
  530 |   );
  531 | }
  532 |

Parsing ecmascript source code failed

Import traces:
  Client Component Browser:
    ./Documents/REMUNERACIONES 2026/frontend/src/app/consolidados/[id]/page.tsx [Client Component Browser]
    ./Documents/REMUNERACIONES 2026/frontend/src/app/consolidados/[id]/page.tsx [Server Component]

  Client Component SSR:
    ./Documents/REMUNERACIONES 2026/frontend/src/app/consolidados/[id]/page.tsx [Client Component SSR]
    ./Documents/REMUNERACIONES 2026/frontend/src/app/consolidados/[id]/page.tsx [Server Component] 
[browser] ./Documents/REMUNERACIONES 2026/frontend/src/app/consolidados/[id]/page.tsx:529:6
Unterminated regexp literal
  527 |   );
  528 | }
> 529 |     </div>
      |      ^^^^^
  530 |   );
  531 | }
  532 |

Parsing ecmascript source code failed

Import traces:
  Client Component Browser:
    ./Documents/REMUNERACIONES 2026/frontend/src/app/consolidados/[id]/page.tsx [Client Component Browser]
    ./Documents/REMUNERACIONES 2026/frontend/src/app/consolidados/[id]/page.tsx [Server Component]

  Client Component SSR:
    ./Documents/REMUNERACIONES 2026/frontend/src/app/consolidados/[id]/page.tsx [Client Component SSR]
    ./Documents/REMUNERACIONES 2026/frontend/src/app/consolidados/[id]/page.tsx [Server Component] 
[browser] ./Documents/REMUNERACIONES 2026/frontend/src/app/consolidados/[id]/page.tsx:529:5
Expression expected
  527 |   );
  528 | }
> 529 |     </div>
      |     ^
  530 |   );
  531 | }
  532 |

Parsing ecmascript source code failed

Import traces:
  Client Component Browser:
    ./Documents/REMUNERACIONES 2026/frontend/src/app/consolidados/[id]/page.tsx [Client Component Browser]
    ./Documents/REMUNERACIONES 2026/frontend/src/app/consolidados/[id]/page.tsx [Server Component]

  Client Component SSR:
    ./Documents/REMUNERACIONES 2026/frontend/src/app/consolidados/[id]/page.tsx [Client Component SSR]
    ./Documents/REMUNERACIONES 2026/frontend/src/app/consolidados/[id]/page.tsx [Server Component] 
[browser] ./Documents/REMUNERACIONES 2026/frontend/src/app/consolidados/[id]/page.tsx:529:6
Unterminated regexp literal
  527 |   );
  528 | }
> 529 |     </div>
      |      ^^^^^
  530 |   );
  531 | }
  532 |

Parsing ecmascript source code failed

Import traces:
  Client Component Browser:
    ./Documents/REMUNERACIONES 2026/frontend/src/app/consolidados/[id]/page.tsx [Client Component Browser]
    ./Documents/REMUNERACIONES 2026/frontend/src/app/consolidados/[id]/page.tsx [Server Component]

  Client Component SSR:
    ./Documents/REMUNERACIONES 2026/frontend/src/app/consolidados/[id]/page.tsx [Client Component SSR]
    ./Documents/REMUNERACIONES 2026/frontend/src/app/consolidados/[id]/page.tsx [Server Component] 
[browser] ./Documents/REMUNERACIONES 2026/frontend/src/app/consolidados/[id]/page.tsx:529:5
Expression expected
  527 |   );
  528 | }
> 529 |     </div>
      |     ^
  530 |   );
  531 | }
  532 |

Parsing ecmascript source code failed

Import traces:
  Client Component Browser:
    ./Documents/REMUNERACIONES 2026/frontend/src/app/consolidados/[id]/page.tsx [Client Component Browser]
    ./Documents/REMUNERACIONES 2026/frontend/src/app/consolidados/[id]/page.tsx [Server Component]

  Client Component SSR:
    ./Documents/REMUNERACIONES 2026/frontend/src/app/consolidados/[id]/page.tsx [Client Component SSR]
    ./Documents/REMUNERACIONES 2026/frontend/src/app/consolidados/[id]/page.tsx [Server Component] 
[browser] ./Documents/REMUNERACIONES 2026/frontend/src/app/consolidados/[id]/page.tsx:529:6
Unterminated regexp literal
  527 |   );
  528 | }
> 529 |     </div>
      |      ^^^^^
  530 |   );
  531 | }
  532 |

Parsing ecmascript source code failed

Import traces:
  Client Component Browser:
    ./Documents/REMUNERACIONES 2026/frontend/src/app/consolidados/[id]/page.tsx [Client Component Browser]
    ./Documents/REMUNERACIONES 2026/frontend/src/app/consolidados/[id]/page.tsx [Server Component]

  Client Component SSR:
    ./Documents/REMUNERACIONES 2026/frontend/src/app/consolidados/[id]/page.tsx [Client Component SSR]
    ./Documents/REMUNERACIONES 2026/frontend/src/app/consolidados/[id]/page.tsx [Server Component] 
[browser] ./Documents/REMUNERACIONES 2026/frontend/src/app/consolidados/[id]/page.tsx:529:5
Expression expected
  527 |   );
  528 | }
> 529 |     </div>
      |     ^
  530 |   );
  531 | }
  532 |

Parsing ecmascript source code failed

Import traces:
  Client Component Browser:
    ./Documents/REMUNERACIONES 2026/frontend/src/app/consolidados/[id]/page.tsx [Client Component Browser]
    ./Documents/REMUNERACIONES 2026/frontend/src/app/consolidados/[id]/page.tsx [Server Component]

  Client Component SSR:
    ./Documents/REMUNERACIONES 2026/frontend/src/app/consolidados/[id]/page.tsx [Client Component SSR]
    ./Documents/REMUNERACIONES 2026/frontend/src/app/consolidados/[id]/page.tsx [Server Component] 
[browser] ./Documents/REMUNERACIONES 2026/frontend/src/app/consolidados/[id]/page.tsx:529:6
Unterminated regexp literal
  527 |   );
  528 | }
> 529 |     </div>
      |      ^^^^^
  530 |   );
  531 | }
  532 |

Parsing ecmascript source code failed

Import traces:
  Client Component Browser:
    ./Documents/REMUNERACIONES 2026/frontend/src/app/consolidados/[id]/page.tsx [Client Component Browser]
    ./Documents/REMUNERACIONES 2026/frontend/src/app/consolidados/[id]/page.tsx [Server Component]

  Client Component SSR:
    ./Documents/REMUNERACIONES 2026/frontend/src/app/consolidados/[id]/page.tsx [Client Component SSR]
    ./Documents/REMUNERACIONES 2026/frontend/src/app/consolidados/[id]/page.tsx [Server Component] 
[browser] ./Documents/REMUNERACIONES 2026/frontend/src/app/consolidados/[id]/page.tsx:529:5
Expression expected
  527 |   );
  528 | }
> 529 |     </div>
      |     ^
  530 |   );
  531 | }
  532 |

Parsing ecmascript source code failed

Import traces:
  Client Component Browser:
    ./Documents/REMUNERACIONES 2026/frontend/src/app/consolidados/[id]/page.tsx [Client Component Browser]
    ./Documents/REMUNERACIONES 2026/frontend/src/app/consolidados/[id]/page.tsx [Server Component]

  Client Component SSR:
    ./Documents/REMUNERACIONES 2026/frontend/src/app/consolidados/[id]/page.tsx [Client Component SSR]
    ./Documents/REMUNERACIONES 2026/frontend/src/app/consolidados/[id]/page.tsx [Server Component] 
[browser] ./Documents/REMUNERACIONES 2026/frontend/src/app/consolidados/[id]/page.tsx:529:6
Unterminated regexp literal
  527 |   );
  528 | }
> 529 |     </div>
      |      ^^^^^
  530 |   );
  531 | }
  532 |

Parsing ecmascript source code failed

Import traces:
  Client Component Browser:
    ./Documents/REMUNERACIONES 2026/frontend/src/app/consolidados/[id]/page.tsx [Client Component Browser]
    ./Documents/REMUNERACIONES 2026/frontend/src/app/consolidados/[id]/page.tsx [Server Component]

  Client Component SSR:
    ./Documents/REMUNERACIONES 2026/frontend/src/app/consolidados/[id]/page.tsx [Client Component SSR]
    ./Documents/REMUNERACIONES 2026/frontend/src/app/consolidados/[id]/page.tsx [Server Component] 
[browser] ./Documents/REMUNERACIONES 2026/frontend/src/app/consolidados/[id]/page.tsx:529:5
Expression expected
  527 |   );
  528 | }
> 529 |     </div>
      |     ^
  530 |   );
  531 | }
  532 |

Parsing ecmascript source code failed

Import traces:
  Client Component Browser:
    ./Documents/REMUNERACIONES 2026/frontend/src/app/consolidados/[id]/page.tsx [Client Component Browser]
    ./Documents/REMUNERACIONES 2026/frontend/src/app/consolidados/[id]/page.tsx [Server Component]

  Client Component SSR:
    ./Documents/REMUNERACIONES 2026/frontend/src/app/consolidados/[id]/page.tsx [Client Component SSR]
    ./Documents/REMUNERACIONES 2026/frontend/src/app/consolidados/[id]/page.tsx [Server Component] 
[browser] ./Documents/REMUNERACIONES 2026/frontend/src/app/consolidados/[id]/page.tsx:529:6
Unterminated regexp literal
  527 |   );
  528 | }
> 529 |     </div>
      |      ^^^^^
  530 |   );
  531 | }
  532 |

Parsing ecmascript source code failed

Import traces:
  Client Component Browser:
    ./Documents/REMUNERACIONES 2026/frontend/src/app/consolidados/[id]/page.tsx [Client Component Browser]
    ./Documents/REMUNERACIONES 2026/frontend/src/app/consolidados/[id]/page.tsx [Server Component]

  Client Component SSR:
    ./Documents/REMUNERACIONES 2026/frontend/src/app/consolidados/[id]/page.tsx [Client Component SSR]
    ./Documents/REMUNERACIONES 2026/frontend/src/app/consolidados/[id]/page.tsx [Server Component] 
[browser] ./Documents/REMUNERACIONES 2026/frontend/src/app/consolidados/[id]/page.tsx:529:5
Expression expected
  527 |   );
  528 | }
> 529 |     </div>
      |     ^
  530 |   );
  531 | }
  532 |

Parsing ecmascript source code failed

Import traces:
  Client Component Browser:
    ./Documents/REMUNERACIONES 2026/frontend/src/app/consolidados/[id]/page.tsx [Client Component Browser]
    ./Documents/REMUNERACIONES 2026/frontend/src/app/consolidados/[id]/page.tsx [Server Component]

  Client Component SSR:
    ./Documents/REMUNERACIONES 2026/frontend/src/app/consolidados/[id]/page.tsx [Client Component SSR]
    ./Documents/REMUNERACIONES 2026/frontend/src/app/consolidados/[id]/page.tsx [Server Component] 
[browser] ./Documents/REMUNERACIONES 2026/frontend/src/app/consolidados/[id]/page.tsx:529:6
Unterminated regexp literal
  527 |   );
  528 | }
> 529 |     </div>
      |      ^^^^^
  530 |   );
  531 | }
  532 |

Parsing ecmascript source code failed

Import traces:
  Client Component Browser:
    ./Documents/REMUNERACIONES 2026/frontend/src/app/consolidados/[id]/page.tsx [Client Component Browser]
    ./Documents/REMUNERACIONES 2026/frontend/src/app/consolidados/[id]/page.tsx [Server Component]

  Client Component SSR:
    ./Documents/REMUNERACIONES 2026/frontend/src/app/consolidados/[id]/page.tsx [Client Component SSR]
    ./Documents/REMUNERACIONES 2026/frontend/src/app/consolidados/[id]/page.tsx [Server Component] 
[browser] ./Documents/REMUNERACIONES 2026/frontend/src/app/consolidados/[id]/page.tsx:529:5
Expression expected
  527 |   );
  528 | }
> 529 |     </div>
      |     ^
  530 |   );
  531 | }
  532 |

Parsing ecmascript source code failed

Import traces:
  Client Component Browser:
    ./Documents/REMUNERACIONES 2026/frontend/src/app/consolidados/[id]/page.tsx [Client Component Browser]
    ./Documents/REMUNERACIONES 2026/frontend/src/app/consolidados/[id]/page.tsx [Server Component]

  Client Component SSR:
    ./Documents/REMUNERACIONES 2026/frontend/src/app/consolidados/[id]/page.tsx [Client Component SSR]
    ./Documents/REMUNERACIONES 2026/frontend/src/app/consolidados/[id]/page.tsx [Server Component] 
[browser] ./Documents/REMUNERACIONES 2026/frontend/src/app/consolidados/[id]/page.tsx:529:6
Unterminated regexp literal
  527 |   );
  528 | }
> 529 |     </div>
      |      ^^^^^
  530 |   );
  531 | }
  532 |

Parsing ecmascript source code failed

Import traces:
  Client Component Browser:
    ./Documents/REMUNERACIONES 2026/frontend/src/app/consolidados/[id]/page.tsx [Client Component Browser]
    ./Documents/REMUNERACIONES 2026/frontend/src/app/consolidados/[id]/page.tsx [Server Component]

  Client Component SSR:
    ./Documents/REMUNERACIONES 2026/frontend/src/app/consolidados/[id]/page.tsx [Client Component SSR]
    ./Documents/REMUNERACIONES 2026/frontend/src/app/consolidados/[id]/page.tsx [Server Component] 
[browser] ./Documents/REMUNERACIONES 2026/frontend/src/app/consolidados/[id]/page.tsx:529:5
Expression expected
  527 |   );
  528 | }
> 529 |     </div>
      |     ^
  530 |   );
  531 | }
  532 |

Parsing ecmascript source code failed

Import traces:
  Client Component Browser:
    ./Documents/REMUNERACIONES 2026/frontend/src/app/consolidados/[id]/page.tsx [Client Component Browser]
    ./Documents/REMUNERACIONES 2026/frontend/src/app/consolidados/[id]/page.tsx [Server Component]

  Client Component SSR:
    ./Documents/REMUNERACIONES 2026/frontend/src/app/consolidados/[id]/page.tsx [Client Component SSR]
    ./Documents/REMUNERACIONES 2026/frontend/src/app/consolidados/[id]/page.tsx [Server Component] 
[browser] ./Documents/REMUNERACIONES 2026/frontend/src/app/consolidados/[id]/page.tsx:529:6
Unterminated regexp literal
  527 |   );
  528 | }
> 529 |     </div>
      |      ^^^^^
  530 |   );
  531 | }
  532 |

Parsing ecmascript source code failed

Import traces:
  Client Component Browser:
    ./Documents/REMUNERACIONES 2026/frontend/src/app/consolidados/[id]/page.tsx [Client Component Browser]
    ./Documents/REMUNERACIONES 2026/frontend/src/app/consolidados/[id]/page.tsx [Server Component]

  Client Component SSR:
    ./Documents/REMUNERACIONES 2026/frontend/src/app/consolidados/[id]/page.tsx [Client Component SSR]
    ./Documents/REMUNERACIONES 2026/frontend/src/app/consolidados/[id]/page.tsx [Server Component] 
[browser] ./Documents/REMUNERACIONES 2026/frontend/src/app/consolidados/[id]/page.tsx:529:5
Expression expected
  527 |   );
  528 | }
> 529 |     </div>
      |     ^
  530 |   );
  531 | }
  532 |

Parsing ecmascript source code failed

Import traces:
  Client Component Browser:
    ./Documents/REMUNERACIONES 2026/frontend/src/app/consolidados/[id]/page.tsx [Client Component Browser]
    ./Documents/REMUNERACIONES 2026/frontend/src/app/consolidados/[id]/page.tsx [Server Component]

  Client Component SSR:
    ./Documents/REMUNERACIONES 2026/frontend/src/app/consolidados/[id]/page.tsx [Client Component SSR]
    ./Documents/REMUNERACIONES 2026/frontend/src/app/consolidados/[id]/page.tsx [Server Component] 
[browser] ./Documents/REMUNERACIONES 2026/frontend/src/app/consolidados/[id]/page.tsx:529:6
Unterminated regexp literal
  527 |   );
  528 | }
> 529 |     </div>
      |      ^^^^^
  530 |   );
  531 | }
  532 |

Parsing ecmascript source code failed

Import traces:
  Client Component Browser:
    ./Documents/REMUNERACIONES 2026/frontend/src/app/consolidados/[id]/page.tsx [Client Component Browser]
    ./Documents/REMUNERACIONES 2026/frontend/src/app/consolidados/[id]/page.tsx [Server Component]

  Client Component SSR:
    ./Documents/REMUNERACIONES 2026/frontend/src/app/consolidados/[id]/page.tsx [Client Component SSR]
    ./Documents/REMUNERACIONES 2026/frontend/src/app/consolidados/[id]/page.tsx [Server Component] 
[browser] ./Documents/REMUNERACIONES 2026/frontend/src/app/consolidados/[id]/page.tsx:529:5
Expression expected
  527 |   );
  528 | }
> 529 |     </div>
      |     ^
  530 |   );
  531 | }
  532 |

Parsing ecmascript source code failed

Import traces:
  Client Component Browser:
    ./Documents/REMUNERACIONES 2026/frontend/src/app/consolidados/[id]/page.tsx [Client Component Browser]
    ./Documents/REMUNERACIONES 2026/frontend/src/app/consolidados/[id]/page.tsx [Server Component]

  Client Component SSR:
    ./Documents/REMUNERACIONES 2026/frontend/src/app/consolidados/[id]/page.tsx [Client Component SSR]
    ./Documents/REMUNERACIONES 2026/frontend/src/app/consolidados/[id]/page.tsx [Server Component] 
[browser] ./Documents/REMUNERACIONES 2026/frontend/src/app/consolidados/[id]/page.tsx:529:6
Unterminated regexp literal
  527 |   );
  528 | }
> 529 |     </div>
      |      ^^^^^
  530 |   );
  531 | }
  532 |

Parsing ecmascript source code failed

Import traces:
  Client Component Browser:
    ./Documents/REMUNERACIONES 2026/frontend/src/app/consolidados/[id]/page.tsx [Client Component Browser]
    ./Documents/REMUNERACIONES 2026/frontend/src/app/consolidados/[id]/page.tsx [Server Component]

  Client Component SSR:
    ./Documents/REMUNERACIONES 2026/frontend/src/app/consolidados/[id]/page.tsx [Client Component SSR]
    ./Documents/REMUNERACIONES 2026/frontend/src/app/consolidados/[id]/page.tsx [Server Component] 
[browser] ./Documents/REMUNERACIONES 2026/frontend/src/app/consolidados/[id]/page.tsx:529:5
Expression expected
  527 |   );
  528 | }
> 529 |     </div>
      |     ^
  530 |   );
  531 | }
  532 |

Parsing ecmascript source code failed

Import traces:
  Client Component Browser:
    ./Documents/REMUNERACIONES 2026/frontend/src/app/consolidados/[id]/page.tsx [Client Component Browser]
    ./Documents/REMUNERACIONES 2026/frontend/src/app/consolidados/[id]/page.tsx [Server Component]

  Client Component SSR:
    ./Documents/REMUNERACIONES 2026/frontend/src/app/consolidados/[id]/page.tsx [Client Component SSR]
    ./Documents/REMUNERACIONES 2026/frontend/src/app/consolidados/[id]/page.tsx [Server Component] 
[browser] ./Documents/REMUNERACIONES 2026/frontend/src/app/consolidados/[id]/page.tsx:529:6
Unterminated regexp literal
  527 |   );
  528 | }
> 529 |     </div>
      |      ^^^^^
  530 |   );
  531 | }
  532 |

Parsing ecmascript source code failed

Import traces:
  Client Component Browser:
    ./Documents/REMUNERACIONES 2026/frontend/src/app/consolidados/[id]/page.tsx [Client Component Browser]
    ./Documents/REMUNERACIONES 2026/frontend/src/app/consolidados/[id]/page.tsx [Server Component]

  Client Component SSR:
    ./Documents/REMUNERACIONES 2026/frontend/src/app/consolidados/[id]/page.tsx [Client Component SSR]
    ./Documents/REMUNERACIONES 2026/frontend/src/app/consolidados/[id]/page.tsx [Server Component] 
[browser] ./Documents/REMUNERACIONES 2026/frontend/src/app/consolidados/[id]/page.tsx:529:5
Expression expected
  527 |   );
  528 | }
> 529 |     </div>
      |     ^
  530 |   );
  531 | }
  532 |

Parsing ecmascript source code failed

Import traces:
  Client Component Browser:
    ./Documents/REMUNERACIONES 2026/frontend/src/app/consolidados/[id]/page.tsx [Client Component Browser]
    ./Documents/REMUNERACIONES 2026/frontend/src/app/consolidados/[id]/page.tsx [Server Component]

  Client Component SSR:
    ./Documents/REMUNERACIONES 2026/frontend/src/app/consolidados/[id]/page.tsx [Client Component SSR]
    ./Documents/REMUNERACIONES 2026/frontend/src/app/consolidados/[id]/page.tsx [Server Component] 
[browser] ./Documents/REMUNERACIONES 2026/frontend/src/app/consolidados/[id]/page.tsx:529:6
Unterminated regexp literal
  527 |   );
  528 | }
> 529 |     </div>
      |      ^^^^^
  530 |   );
  531 | }
  532 |

Parsing ecmascript source code failed

Import traces:
  Client Component Browser:
    ./Documents/REMUNERACIONES 2026/frontend/src/app/consolidados/[id]/page.tsx [Client Component Browser]
    ./Documents/REMUNERACIONES 2026/frontend/src/app/consolidados/[id]/page.tsx [Server Component]

  Client Component SSR:
    ./Documents/REMUNERACIONES 2026/frontend/src/app/consolidados/[id]/page.tsx [Client Component SSR]
    ./Documents/REMUNERACIONES 2026/frontend/src/app/consolidados/[id]/page.tsx [Server Component] 
[browser] ./Documents/REMUNERACIONES 2026/frontend/src/app/consolidados/[id]/page.tsx:529:5
Expression expected
  527 |   );
  528 | }
> 529 |     </div>
      |     ^
  530 |   );
  531 | }
  532 |

Parsing ecmascript source code failed

Import traces:
  Client Component Browser:
    ./Documents/REMUNERACIONES 2026/frontend/src/app/consolidados/[id]/page.tsx [Client Component Browser]
    ./Documents/REMUNERACIONES 2026/frontend/src/app/consolidados/[id]/page.tsx [Server Component]

  Client Component SSR:
    ./Documents/REMUNERACIONES 2026/frontend/src/app/consolidados/[id]/page.tsx [Client Component SSR]
    ./Documents/REMUNERACIONES 2026/frontend/src/app/consolidados/[id]/page.tsx [Server Component] 
[browser] ./Documents/REMUNERACIONES 2026/frontend/src/app/consolidados/[id]/page.tsx:529:6
Unterminated regexp literal
  527 |   );
  528 | }
> 529 |     </div>
      |      ^^^^^
  530 |   );
  531 | }
  532 |

Parsing ecmascript source code failed

Import traces:
  Client Component Browser:
    ./Documents/REMUNERACIONES 2026/frontend/src/app/consolidados/[id]/page.tsx [Client Component Browser]
    ./Documents/REMUNERACIONES 2026/frontend/src/app/consolidados/[id]/page.tsx [Server Component]

  Client Component SSR:
    ./Documents/REMUNERACIONES 2026/frontend/src/app/consolidados/[id]/page.tsx [Client Component SSR]
    ./Documents/REMUNERACIONES 2026/frontend/src/app/consolidados/[id]/page.tsx [Server Component] 
[browser] ./Documents/REMUNERACIONES 2026/frontend/src/app/consolidados/[id]/page.tsx:529:5
Expression expected
  527 |   );
  528 | }
> 529 |     </div>
      |     ^
  530 |   );
  531 | }
  532 |

Parsing ecmascript source code failed

Import traces:
  Client Component Browser:
    ./Documents/REMUNERACIONES 2026/frontend/src/app/consolidados/[id]/page.tsx [Client Component Browser]
    ./Documents/REMUNERACIONES 2026/frontend/src/app/consolidados/[id]/page.tsx [Server Component]

  Client Component SSR:
    ./Documents/REMUNERACIONES 2026/frontend/src/app/consolidados/[id]/page.tsx [Client Component SSR]
    ./Documents/REMUNERACIONES 2026/frontend/src/app/consolidados/[id]/page.tsx [Server Component] 
[browser] ./Documents/REMUNERACIONES 2026/frontend/src/app/consolidados/[id]/page.tsx:529:6
Unterminated regexp literal
  527 |   );
  528 | }
> 529 |     </div>
      |      ^^^^^
  530 |   );
  531 | }
  532 |

Parsing ecmascript source code failed

Import traces:
  Client Component Browser:
    ./Documents/REMUNERACIONES 2026/frontend/src/app/consolidados/[id]/page.tsx [Client Component Browser]
    ./Documents/REMUNERACIONES 2026/frontend/src/app/consolidados/[id]/page.tsx [Server Component]

  Client Component SSR:
    ./Documents/REMUNERACIONES 2026/frontend/src/app/consolidados/[id]/page.tsx [Client Component SSR]
    ./Documents/REMUNERACIONES 2026/frontend/src/app/consolidados/[id]/page.tsx [Server Component] 
[browser] ./Documents/REMUNERACIONES 2026/frontend/src/app/consolidados/[id]/page.tsx:529:5
Expression expected
  527 |   );
  528 | }
> 529 |     </div>
      |     ^
  530 |   );
  531 | }
  532 |

Parsing ecmascript source code failed

Import traces:
  Client Component Browser:
    ./Documents/REMUNERACIONES 2026/frontend/src/app/consolidados/[id]/page.tsx [Client Component Browser]
    ./Documents/REMUNERACIONES 2026/frontend/src/app/consolidados/[id]/page.tsx [Server Component]

  Client Component SSR:
    ./Documents/REMUNERACIONES 2026/frontend/src/app/consolidados/[id]/page.tsx [Client Component SSR]
    ./Documents/REMUNERACIONES 2026/frontend/src/app/consolidados/[id]/page.tsx [Server Component] 
[browser] ./Documents/REMUNERACIONES 2026/frontend/src/app/consolidados/[id]/page.tsx:529:6
Unterminated regexp literal
  527 |   );
  528 | }
> 529 |     </div>
      |      ^^^^^
  530 |   );
  531 | }
  532 |

Parsing ecmascript source code failed

Import traces:
  Client Component Browser:
    ./Documents/REMUNERACIONES 2026/frontend/src/app/consolidados/[id]/page.tsx [Client Component Browser]
    ./Documents/REMUNERACIONES 2026/frontend/src/app/consolidados/[id]/page.tsx [Server Component]

  Client Component SSR:
    ./Documents/REMUNERACIONES 2026/frontend/src/app/consolidados/[id]/page.tsx [Client Component SSR]
    ./Documents/REMUNERACIONES 2026/frontend/src/app/consolidados/[id]/page.tsx [Server Component] 
[browser] ./Documents/REMUNERACIONES 2026/frontend/src/app/consolidados/[id]/page.tsx:529:5
Expression expected
  527 |   );
  528 | }
> 529 |     </div>
      |     ^
  530 |   );
  531 | }
  532 |

Parsing ecmascript source code failed

Import traces:
  Client Component Browser:
    ./Documents/REMUNERACIONES 2026/frontend/src/app/consolidados/[id]/page.tsx [Client Component Browser]
    ./Documents/REMUNERACIONES 2026/frontend/src/app/consolidados/[id]/page.tsx [Server Component]

  Client Component SSR:
    ./Documents/REMUNERACIONES 2026/frontend/src/app/consolidados/[id]/page.tsx [Client Component SSR]
    ./Documents/REMUNERACIONES 2026/frontend/src/app/consolidados/[id]/page.tsx [Server Component] 
[browser] ./Documents/REMUNERACIONES 2026/frontend/src/app/consolidados/[id]/page.tsx:529:6
Unterminated regexp literal
  527 |   );
  528 | }
> 529 |     </div>
      |      ^^^^^
  530 |   );
  531 | }
  532 |

Parsing ecmascript source code failed

Import traces:
  Client Component Browser:
    ./Documents/REMUNERACIONES 2026/frontend/src/app/consolidados/[id]/page.tsx [Client Component Browser]
    ./Documents/REMUNERACIONES 2026/frontend/src/app/consolidados/[id]/page.tsx [Server Component]

  Client Component SSR:
    ./Documents/REMUNERACIONES 2026/frontend/src/app/consolidados/[id]/page.tsx [Client Component SSR]
    ./Documents/REMUNERACIONES 2026/frontend/src/app/consolidados/[id]/page.tsx [Server Component] 
[browser] ./Documents/REMUNERACIONES 2026/frontend/src/app/consolidados/[id]/page.tsx:529:5
Expression expected
  527 |   );
  528 | }
> 529 |     </div>
      |     ^
  530 |   );
  531 | }
  532 |

Parsing ecmascript source code failed

Import traces:
  Client Component Browser:
    ./Documents/REMUNERACIONES 2026/frontend/src/app/consolidados/[id]/page.tsx [Client Component Browser]
    ./Documents/REMUNERACIONES 2026/frontend/src/app/consolidados/[id]/page.tsx [Server Component]

  Client Component SSR:
    ./Documents/REMUNERACIONES 2026/frontend/src/app/consolidados/[id]/page.tsx [Client Component SSR]
    ./Documents/REMUNERACIONES 2026/frontend/src/app/consolidados/[id]/page.tsx [Server Component] 
[browser] ./Documents/REMUNERACIONES 2026/frontend/src/app/consolidados/[id]/page.tsx:529:6
Unterminated regexp literal
  527 |   );
  528 | }
> 529 |     </div>
      |      ^^^^^
  530 |   );
  531 | }
  532 |

Parsing ecmascript source code failed

Import traces:
  Client Component Browser:
    ./Documents/REMUNERACIONES 2026/frontend/src/app/consolidados/[id]/page.tsx [Client Component Browser]
    ./Documents/REMUNERACIONES 2026/frontend/src/app/consolidados/[id]/page.tsx [Server Component]

  Client Component SSR:
    ./Documents/REMUNERACIONES 2026/frontend/src/app/consolidados/[id]/page.tsx [Client Component SSR]
    ./Documents/REMUNERACIONES 2026/frontend/src/app/consolidados/[id]/page.tsx [Server Component] 
[browser] ./Documents/REMUNERACIONES 2026/frontend/src/app/consolidados/[id]/page.tsx:529:5
Expression expected
  527 |   );
  528 | }
> 529 |     </div>
      |     ^
  530 |   );
  531 | }
  532 |

Parsing ecmascript source code failed

Import traces:
  Client Component Browser:
    ./Documents/REMUNERACIONES 2026/frontend/src/app/consolidados/[id]/page.tsx [Client Component Browser]
    ./Documents/REMUNERACIONES 2026/frontend/src/app/consolidados/[id]/page.tsx [Server Component]

  Client Component SSR:
    ./Documents/REMUNERACIONES 2026/frontend/src/app/consolidados/[id]/page.tsx [Client Component SSR]
    ./Documents/REMUNERACIONES 2026/frontend/src/app/consolidados/[id]/page.tsx [Server Component] 
[browser] ./Documents/REMUNERACIONES 2026/frontend/src/app/consolidados/[id]/page.tsx:529:6
Unterminated regexp literal
  527 |   );
  528 | }
> 529 |     </div>
      |      ^^^^^
  530 |   );
  531 | }
  532 |

Parsing ecmascript source code failed

Import traces:
  Client Component Browser:
    ./Documents/REMUNERACIONES 2026/frontend/src/app/consolidados/[id]/page.tsx [Client Component Browser]
    ./Documents/REMUNERACIONES 2026/frontend/src/app/consolidados/[id]/page.tsx [Server Component]

  Client Component SSR:
    ./Documents/REMUNERACIONES 2026/frontend/src/app/consolidados/[id]/page.tsx [Client Component SSR]
    ./Documents/REMUNERACIONES 2026/frontend/src/app/consolidados/[id]/page.tsx [Server Component] 
[browser] ./Documents/REMUNERACIONES 2026/frontend/src/app/consolidados/[id]/page.tsx:529:5
Expression expected
  527 |   );
  528 | }
> 529 |     </div>
      |     ^
  530 |   );
  531 | }
  532 |

Parsing ecmascript source code failed

Import traces:
  Client Component Browser:
    ./Documents/REMUNERACIONES 2026/frontend/src/app/consolidados/[id]/page.tsx [Client Component Browser]
    ./Documents/REMUNERACIONES 2026/frontend/src/app/consolidados/[id]/page.tsx [Server Component]

  Client Component SSR:
    ./Documents/REMUNERACIONES 2026/frontend/src/app/consolidados/[id]/page.tsx [Client Component SSR]
    ./Documents/REMUNERACIONES 2026/frontend/src/app/consolidados/[id]/page.tsx [Server Component] 
[browser] ./Documents/REMUNERACIONES 2026/frontend/src/app/consolidados/[id]/page.tsx:529:6
Unterminated regexp literal
  527 |   );
  528 | }
> 529 |     </div>
      |      ^^^^^
  530 |   );
  531 | }
  532 |

Parsing ecmascript source code failed

Import traces:
  Client Component Browser:
    ./Documents/REMUNERACIONES 2026/frontend/src/app/consolidados/[id]/page.tsx [Client Component Browser]
    ./Documents/REMUNERACIONES 2026/frontend/src/app/consolidados/[id]/page.tsx [Server Component]

  Client Component SSR:
    ./Documents/REMUNERACIONES 2026/frontend/src/app/consolidados/[id]/page.tsx [Client Component SSR]
    ./Documents/REMUNERACIONES 2026/frontend/src/app/consolidados/[id]/page.tsx [Server Component] 
[browser] ./Documents/REMUNERACIONES 2026/frontend/src/app/consolidados/[id]/page.tsx:529:5
Expression expected
  527 |   );
  528 | }
> 529 |     </div>
      |     ^
  530 |   );
  531 | }
  532 |

Parsing ecmascript source code failed

Import traces:
  Client Component Browser:
    ./Documents/REMUNERACIONES 2026/frontend/src/app/consolidados/[id]/page.tsx [Client Component Browser]
    ./Documents/REMUNERACIONES 2026/frontend/src/app/consolidados/[id]/page.tsx [Server Component]

  Client Component SSR:
    ./Documents/REMUNERACIONES 2026/frontend/src/app/consolidados/[id]/page.tsx [Client Component SSR]
    ./Documents/REMUNERACIONES 2026/frontend/src/app/consolidados/[id]/page.tsx [Server Component] 
[browser] ./Documents/REMUNERACIONES 2026/frontend/src/app/consolidados/[id]/page.tsx:529:6
Unterminated regexp literal
  527 |   );
  528 | }
> 529 |     </div>
      |      ^^^^^
  530 |   );
  531 | }
  532 |

Parsing ecmascript source code failed

Import traces:
  Client Component Browser:
    ./Documents/REMUNERACIONES 2026/frontend/src/app/consolidados/[id]/page.tsx [Client Component Browser]
    ./Documents/REMUNERACIONES 2026/frontend/src/app/consolidados/[id]/page.tsx [Server Component]

  Client Component SSR:
    ./Documents/REMUNERACIONES 2026/frontend/src/app/consolidados/[id]/page.tsx [Client Component SSR]
    ./Documents/REMUNERACIONES 2026/frontend/src/app/consolidados/[id]/page.tsx [Server Component] 
[browser] ./Documents/REMUNERACIONES 2026/frontend/src/app/consolidados/[id]/page.tsx:529:5
Expression expected
  527 |   );
  528 | }
> 529 |     </div>
      |     ^
  530 |   );
  531 | }
  532 |

Parsing ecmascript source code failed

Import traces:
  Client Component Browser:
    ./Documents/REMUNERACIONES 2026/frontend/src/app/consolidados/[id]/page.tsx [Client Component Browser]
    ./Documents/REMUNERACIONES 2026/frontend/src/app/consolidados/[id]/page.tsx [Server Component]

  Client Component SSR:
    ./Documents/REMUNERACIONES 2026/frontend/src/app/consolidados/[id]/page.tsx [Client Component SSR]
    ./Documents/REMUNERACIONES 2026/frontend/src/app/consolidados/[id]/page.tsx [Server Component] 
[browser] ./Documents/REMUNERACIONES 2026/frontend/src/app/consolidados/[id]/page.tsx:529:6
Unterminated regexp literal
  527 |   );
  528 | }
> 529 |     </div>
      |      ^^^^^
  530 |   );
  531 | }
  532 |

Parsing ecmascript source code failed

Import traces:
  Client Component Browser:
    ./Documents/REMUNERACIONES 2026/frontend/src/app/consolidados/[id]/page.tsx [Client Component Browser]
    ./Documents/REMUNERACIONES 2026/frontend/src/app/consolidados/[id]/page.tsx [Server Component]

  Client Component SSR:
    ./Documents/REMUNERACIONES 2026/frontend/src/app/consolidados/[id]/page.tsx [Client Component SSR]
    ./Documents/REMUNERACIONES 2026/frontend/src/app/consolidados/[id]/page.tsx [Server Component] 
[browser] ./Documents/REMUNERACIONES 2026/frontend/src/app/consolidados/[id]/page.tsx:529:5
Expression expected
  527 |   );
  528 | }
> 529 |     </div>
      |     ^
  530 |   );
  531 | }
  532 |

Parsing ecmascript source code failed

Import traces:
  Client Component Browser:
    ./Documents/REMUNERACIONES 2026/frontend/src/app/consolidados/[id]/page.tsx [Client Component Browser]
    ./Documents/REMUNERACIONES 2026/frontend/src/app/consolidados/[id]/page.tsx [Server Component]

  Client Component SSR:
    ./Documents/REMUNERACIONES 2026/frontend/src/app/consolidados/[id]/page.tsx [Client Component SSR]
    ./Documents/REMUNERACIONES 2026/frontend/src/app/consolidados/[id]/page.tsx [Server Component] 
[browser] ./Documents/REMUNERACIONES 2026/frontend/src/app/consolidados/[id]/page.tsx:529:6
Unterminated regexp literal
  527 |   );
  528 | }
> 529 |     </div>
      |      ^^^^^
  530 |   );
  531 | }
  532 |

Parsing ecmascript source code failed

Import traces:
  Client Component Browser:
    ./Documents/REMUNERACIONES 2026/frontend/src/app/consolidados/[id]/page.tsx [Client Component Browser]
    ./Documents/REMUNERACIONES 2026/frontend/src/app/consolidados/[id]/page.tsx [Server Component]

  Client Component SSR:
    ./Documents/REMUNERACIONES 2026/frontend/src/app/consolidados/[id]/page.tsx [Client Component SSR]
    ./Documents/REMUNERACIONES 2026/frontend/src/app/consolidados/[id]/page.tsx [Server Component] 
[browser] ./Documents/REMUNERACIONES 2026/frontend/src/app/consolidados/[id]/page.tsx:529:5
Expression expected
  527 |   );
  528 | }
> 529 |     </div>
      |     ^
  530 |   );
  531 | }
  532 |

Parsing ecmascript source code failed

Import traces:
  Client Component Browser:
    ./Documents/REMUNERACIONES 2026/frontend/src/app/consolidados/[id]/page.tsx [Client Component Browser]
    ./Documents/REMUNERACIONES 2026/frontend/src/app/consolidados/[id]/page.tsx [Server Component]

  Client Component SSR:
    ./Documents/REMUNERACIONES 2026/frontend/src/app/consolidados/[id]/page.tsx [Client Component SSR]
    ./Documents/REMUNERACIONES 2026/frontend/src/app/consolidados/[id]/page.tsx [Server Component] 
[browser] ./Documents/REMUNERACIONES 2026/frontend/src/app/consolidados/[id]/page.tsx:529:6
Unterminated regexp literal
  527 |   );
  528 | }
> 529 |     </div>
      |      ^^^^^
  530 |   );
  531 | }
  532 |

Parsing ecmascript source code failed

Import traces:
  Client Component Browser:
    ./Documents/REMUNERACIONES 2026/frontend/src/app/consolidados/[id]/page.tsx [Client Component Browser]
    ./Documents/REMUNERACIONES 2026/frontend/src/app/consolidados/[id]/page.tsx [Server Component]

  Client Component SSR:
    ./Documents/REMUNERACIONES 2026/frontend/src/app/consolidados/[id]/page.tsx [Client Component SSR]
    ./Documents/REMUNERACIONES 2026/frontend/src/app/consolidados/[id]/page.tsx [Server Component] 
[browser] ./Documents/REMUNERACIONES 2026/frontend/src/app/consolidados/[id]/page.tsx:529:5
Expression expected
  527 |   );
  528 | }
> 529 |     </div>
      |     ^
  530 |   );
  531 | }
  532 |

Parsing ecmascript source code failed

Import traces:
  Client Component Browser:
    ./Documents/REMUNERACIONES 2026/frontend/src/app/consolidados/[id]/page.tsx [Client Component Browser]
    ./Documents/REMUNERACIONES 2026/frontend/src/app/consolidados/[id]/page.tsx [Server Component]

  Client Component SSR:
    ./Documents/REMUNERACIONES 2026/frontend/src/app/consolidados/[id]/page.tsx [Client Component SSR]
    ./Documents/REMUNERACIONES 2026/frontend/src/app/consolidados/[id]/page.tsx [Server Component] 
[browser] ./Documents/REMUNERACIONES 2026/frontend/src/app/consolidados/[id]/page.tsx:529:6
Unterminated regexp literal
  527 |   );
  528 | }
> 529 |     </div>
      |      ^^^^^
  530 |   );
  531 | }
  532 |

Parsing ecmascript source code failed

Import traces:
  Client Component Browser:
    ./Documents/REMUNERACIONES 2026/frontend/src/app/consolidados/[id]/page.tsx [Client Component Browser]
    ./Documents/REMUNERACIONES 2026/frontend/src/app/consolidados/[id]/page.tsx [Server Component]

  Client Component SSR:
    ./Documents/REMUNERACIONES 2026/frontend/src/app/consolidados/[id]/page.tsx [Client Component SSR]
    ./Documents/REMUNERACIONES 2026/frontend/src/app/consolidados/[id]/page.tsx [Server Component] 
[browser] ./Documents/REMUNERACIONES 2026/frontend/src/app/consolidados/[id]/page.tsx:529:5
Expression expected
  527 |   );
  528 | }
> 529 |     </div>
      |     ^
  530 |   );
  531 | }
  532 |

Parsing ecmascript source code failed

Import traces:
  Client Component Browser:
    ./Documents/REMUNERACIONES 2026/frontend/src/app/consolidados/[id]/page.tsx [Client Component Browser]
    ./Documents/REMUNERACIONES 2026/frontend/src/app/consolidados/[id]/page.tsx [Server Component]

  Client Component SSR:
    ./Documents/REMUNERACIONES 2026/frontend/src/app/consolidados/[id]/page.tsx [Client Component SSR]
    ./Documents/REMUNERACIONES 2026/frontend/src/app/consolidados/[id]/page.tsx [Server Component] 
[browser] ./Documents/REMUNERACIONES 2026/frontend/src/app/consolidados/[id]/page.tsx:529:6
Unterminated regexp literal
  527 |   );
  528 | }
> 529 |     </div>
      |      ^^^^^
  530 |   );
  531 | }
  532 |

Parsing ecmascript source code failed

Import traces:
  Client Component Browser:
    ./Documents/REMUNERACIONES 2026/frontend/src/app/consolidados/[id]/page.tsx [Client Component Browser]
    ./Documents/REMUNERACIONES 2026/frontend/src/app/consolidados/[id]/page.tsx [Server Component]

  Client Component SSR:
    ./Documents/REMUNERACIONES 2026/frontend/src/app/consolidados/[id]/page.tsx [Client Component SSR]
    ./Documents/REMUNERACIONES 2026/frontend/src/app/consolidados/[id]/page.tsx [Server Component] 
⨯ ./Documents/REMUNERACIONES 2026/frontend/src/app/consolidados/[id]/page.tsx:529:5
Expression expected
  [90m527 |[0m   );
  [90m528 |[0m }
[31m[1m>[0m [90m529 |[0m     </div>
  [90m    |[0m     [31m[1m^[0m
  [90m530 |[0m   );
  [90m531 |[0m }
  [90m532 |[0m

Parsing ecmascript source code failed

Import traces:
  Client Component Browser:
    ./Documents/REMUNERACIONES 2026/frontend/src/app/consolidados/[id]/page.tsx [Client Component Browser]
    ./Documents/REMUNERACIONES 2026/frontend/src/app/consolidados/[id]/page.tsx [Server Component]

  Client Component SSR:
    ./Documents/REMUNERACIONES 2026/frontend/src/app/consolidados/[id]/page.tsx [Client Component SSR]
    ./Documents/REMUNERACIONES 2026/frontend/src/app/consolidados/[id]/page.tsx [Server Component]



./Documents/REMUNERACIONES 2026/frontend/src/app/consolidados/[id]/page.tsx:529:6
Unterminated regexp literal
  [90m527 |[0m   );
  [90m528 |[0m }
[31m[1m>[0m [90m529 |[0m     </div>
  [90m    |[0m      [31m[1m^^^^^[0m
  [90m530 |[0m   );
  [90m531 |[0m }
  [90m532 |[0m

Parsing ecmascript source code failed

Import traces:
  Client Component Browser:
    ./Documents/REMUNERACIONES 2026/frontend/src/app/consolidados/[id]/page.tsx [Client Component Browser]
    ./Documents/REMUNERACIONES 2026/frontend/src/app/consolidados/[id]/page.tsx [Server Component]

  Client Component SSR:
    ./Documents/REMUNERACIONES 2026/frontend/src/app/consolidados/[id]/page.tsx [Client Component SSR]
    ./Documents/REMUNERACIONES 2026/frontend/src/app/consolidados/[id]/page.tsx [Server Component]


[browser] ./Documents/REMUNERACIONES 2026/frontend/src/app/consolidados/[id]/page.tsx:529:5
Expression expected
  527 |   );
  528 | }
> 529 |     </div>
      |     ^
  530 |   );
  531 | }
  532 |

Parsing ecmascript source code failed

Import traces:
  Client Component Browser:
    ./Documents/REMUNERACIONES 2026/frontend/src/app/consolidados/[id]/page.tsx [Client Component Browser]
    ./Documents/REMUNERACIONES 2026/frontend/src/app/consolidados/[id]/page.tsx [Server Component]

  Client Component SSR:
    ./Documents/REMUNERACIONES 2026/frontend/src/app/consolidados/[id]/page.tsx [Client Component SSR]
    ./Documents/REMUNERACIONES 2026/frontend/src/app/consolidados/[id]/page.tsx [Server Component] 
[browser] ./Documents/REMUNERACIONES 2026/frontend/src/app/consolidados/[id]/page.tsx:529:6
Unterminated regexp literal
  527 |   );
  528 | }
> 529 |     </div>
      |      ^^^^^
  530 |   );
  531 | }
  532 |

Parsing ecmascript source code failed

Import traces:
  Client Component Browser:
    ./Documents/REMUNERACIONES 2026/frontend/src/app/consolidados/[id]/page.tsx [Client Component Browser]
    ./Documents/REMUNERACIONES 2026/frontend/src/app/consolidados/[id]/page.tsx [Server Component]

  Client Component SSR:
    ./Documents/REMUNERACIONES 2026/frontend/src/app/consolidados/[id]/page.tsx [Client Component SSR]
    ./Documents/REMUNERACIONES 2026/frontend/src/app/consolidados/[id]/page.tsx [Server Component] 
[browser] ./Documents/REMUNERACIONES 2026/frontend/src/app/consolidados/[id]/page.tsx:529:5
Expression expected
  527 |   );
  528 | }
> 529 |     </div>
      |     ^
  530 |   );
  531 | }
  532 |

Parsing ecmascript source code failed

Import traces:
  Client Component Browser:
    ./Documents/REMUNERACIONES 2026/frontend/src/app/consolidados/[id]/page.tsx [Client Component Browser]
    ./Documents/REMUNERACIONES 2026/frontend/src/app/consolidados/[id]/page.tsx [Server Component]

  Client Component SSR:
    ./Documents/REMUNERACIONES 2026/frontend/src/app/consolidados/[id]/page.tsx [Client Component SSR]
    ./Documents/REMUNERACIONES 2026/frontend/src/app/consolidados/[id]/page.tsx [Server Component] 
[browser] ./Documents/REMUNERACIONES 2026/frontend/src/app/consolidados/[id]/page.tsx:529:6
Unterminated regexp literal
  527 |   );
  528 | }
> 529 |     </div>
      |      ^^^^^
  530 |   );
  531 | }
  532 |

Parsing ecmascript source code failed

Import traces:
  Client Component Browser:
    ./Documents/REMUNERACIONES 2026/frontend/src/app/consolidados/[id]/page.tsx [Client Component Browser]
    ./Documents/REMUNERACIONES 2026/frontend/src/app/consolidados/[id]/page.tsx [Server Component]

  Client Component SSR:
    ./Documents/REMUNERACIONES 2026/frontend/src/app/consolidados/[id]/page.tsx [Client Component SSR]
    ./Documents/REMUNERACIONES 2026/frontend/src/app/consolidados/[id]/page.tsx [Server Component] 
[browser] ./Documents/REMUNERACIONES 2026/frontend/src/app/consolidados/[id]/page.tsx:529:5
Expression expected
  527 |   );
  528 | }
> 529 |     </div>
      |     ^
  530 |   );
  531 | }
  532 |

Parsing ecmascript source code failed

Import traces:
  Client Component Browser:
    ./Documents/REMUNERACIONES 2026/frontend/src/app/consolidados/[id]/page.tsx [Client Component Browser]
    ./Documents/REMUNERACIONES 2026/frontend/src/app/consolidados/[id]/page.tsx [Server Component]

  Client Component SSR:
    ./Documents/REMUNERACIONES 2026/frontend/src/app/consolidados/[id]/page.tsx [Client Component SSR]
    ./Documents/REMUNERACIONES 2026/frontend/src/app/consolidados/[id]/page.tsx [Server Component] 
[browser] ./Documents/REMUNERACIONES 2026/frontend/src/app/consolidados/[id]/page.tsx:529:6
Unterminated regexp literal
  527 |   );
  528 | }
> 529 |     </div>
      |      ^^^^^
  530 |   );
  531 | }
  532 |

Parsing ecmascript source code failed

Import traces:
  Client Component Browser:
    ./Documents/REMUNERACIONES 2026/frontend/src/app/consolidados/[id]/page.tsx [Client Component Browser]
    ./Documents/REMUNERACIONES 2026/frontend/src/app/consolidados/[id]/page.tsx [Server Component]

  Client Component SSR:
    ./Documents/REMUNERACIONES 2026/frontend/src/app/consolidados/[id]/page.tsx [Client Component SSR]
    ./Documents/REMUNERACIONES 2026/frontend/src/app/consolidados/[id]/page.tsx [Server Component] 
[browser] ./Documents/REMUNERACIONES 2026/frontend/src/app/consolidados/[id]/page.tsx:529:5
Expression expected
  527 |   );
  528 | }
> 529 |     </div>
      |     ^
  530 |   );
  531 | }
  532 |

Parsing ecmascript source code failed

Import traces:
  Client Component Browser:
    ./Documents/REMUNERACIONES 2026/frontend/src/app/consolidados/[id]/page.tsx [Client Component Browser]
    ./Documents/REMUNERACIONES 2026/frontend/src/app/consolidados/[id]/page.tsx [Server Component]

  Client Component SSR:
    ./Documents/REMUNERACIONES 2026/frontend/src/app/consolidados/[id]/page.tsx [Client Component SSR]
    ./Documents/REMUNERACIONES 2026/frontend/src/app/consolidados/[id]/page.tsx [Server Component] 
[browser] ./Documents/REMUNERACIONES 2026/frontend/src/app/consolidados/[id]/page.tsx:529:6
Unterminated regexp literal
  527 |   );
  528 | }
> 529 |     </div>
      |      ^^^^^
  530 |   );
  531 | }
  532 |

Parsing ecmascript source code failed

Import traces:
  Client Component Browser:
    ./Documents/REMUNERACIONES 2026/frontend/src/app/consolidados/[id]/page.tsx [Client Component Browser]
    ./Documents/REMUNERACIONES 2026/frontend/src/app/consolidados/[id]/page.tsx [Server Component]

  Client Component SSR:
    ./Documents/REMUNERACIONES 2026/frontend/src/app/consolidados/[id]/page.tsx [Client Component SSR]
    ./Documents/REMUNERACIONES 2026/frontend/src/app/consolidados/[id]/page.tsx [Server Component] 
[browser] ./Documents/REMUNERACIONES 2026/frontend/src/app/consolidados/[id]/page.tsx:529:5
Expression expected
  527 |   );
  528 | }
> 529 |     </div>
      |     ^
  530 |   );
  531 | }
  532 |

Parsing ecmascript source code failed

Import traces:
  Client Component Browser:
    ./Documents/REMUNERACIONES 2026/frontend/src/app/consolidados/[id]/page.tsx [Client Component Browser]
    ./Documents/REMUNERACIONES 2026/frontend/src/app/consolidados/[id]/page.tsx [Server Component]

  Client Component SSR:
    ./Documents/REMUNERACIONES 2026/frontend/src/app/consolidados/[id]/page.tsx [Client Component SSR]
    ./Documents/REMUNERACIONES 2026/frontend/src/app/consolidados/[id]/page.tsx [Server Component] 
[browser] ./Documents/REMUNERACIONES 2026/frontend/src/app/consolidados/[id]/page.tsx:529:6
Unterminated regexp literal
  527 |   );
  528 | }
> 529 |     </div>
      |      ^^^^^
  530 |   );
  531 | }
  532 |

Parsing ecmascript source code failed

Import traces:
  Client Component Browser:
    ./Documents/REMUNERACIONES 2026/frontend/src/app/consolidados/[id]/page.tsx [Client Component Browser]
    ./Documents/REMUNERACIONES 2026/frontend/src/app/consolidados/[id]/page.tsx [Server Component]

  Client Component SSR:
    ./Documents/REMUNERACIONES 2026/frontend/src/app/consolidados/[id]/page.tsx [Client Component SSR]
    ./Documents/REMUNERACIONES 2026/frontend/src/app/consolidados/[id]/page.tsx [Server Component] 
[browser] ./Documents/REMUNERACIONES 2026/frontend/src/app/consolidados/[id]/page.tsx:529:5
Expression expected
  527 |   );
  528 | }
> 529 |     </div>
      |     ^
  530 |   );
  531 | }
  532 |

Parsing ecmascript source code failed

Import traces:
  Client Component Browser:
    ./Documents/REMUNERACIONES 2026/frontend/src/app/consolidados/[id]/page.tsx [Client Component Browser]
    ./Documents/REMUNERACIONES 2026/frontend/src/app/consolidados/[id]/page.tsx [Server Component]

  Client Component SSR:
    ./Documents/REMUNERACIONES 2026/frontend/src/app/consolidados/[id]/page.tsx [Client Component SSR]
    ./Documents/REMUNERACIONES 2026/frontend/src/app/consolidados/[id]/page.tsx [Server Component] 
[browser] ./Documents/REMUNERACIONES 2026/frontend/src/app/consolidados/[id]/page.tsx:529:6
Unterminated regexp literal
  527 |   );
  528 | }
> 529 |     </div>
      |      ^^^^^
  530 |   );
  531 | }
  532 |

Parsing ecmascript source code failed

Import traces:
  Client Component Browser:
    ./Documents/REMUNERACIONES 2026/frontend/src/app/consolidados/[id]/page.tsx [Client Component Browser]
    ./Documents/REMUNERACIONES 2026/frontend/src/app/consolidados/[id]/page.tsx [Server Component]

  Client Component SSR:
    ./Documents/REMUNERACIONES 2026/frontend/src/app/consolidados/[id]/page.tsx [Client Component SSR]
    ./Documents/REMUNERACIONES 2026/frontend/src/app/consolidados/[id]/page.tsx [Server Component] 
[browser] ./Documents/REMUNERACIONES 2026/frontend/src/app/consolidados/[id]/page.tsx:529:5
Expression expected
  527 |   );
  528 | }
> 529 |     </div>
      |     ^
  530 |   );
  531 | }
  532 |

Parsing ecmascript source code failed

Import traces:
  Client Component Browser:
    ./Documents/REMUNERACIONES 2026/frontend/src/app/consolidados/[id]/page.tsx [Client Component Browser]
    ./Documents/REMUNERACIONES 2026/frontend/src/app/consolidados/[id]/page.tsx [Server Component]

  Client Component SSR:
    ./Documents/REMUNERACIONES 2026/frontend/src/app/consolidados/[id]/page.tsx [Client Component SSR]
    ./Documents/REMUNERACIONES 2026/frontend/src/app/consolidados/[id]/page.tsx [Server Component] 
[browser] ./Documents/REMUNERACIONES 2026/frontend/src/app/consolidados/[id]/page.tsx:529:6
Unterminated regexp literal
  527 |   );
  528 | }
> 529 |     </div>
      |      ^^^^^
  530 |   );
  531 | }
  532 |

Parsing ecmascript source code failed

Import traces:
  Client Component Browser:
    ./Documents/REMUNERACIONES 2026/frontend/src/app/consolidados/[id]/page.tsx [Client Component Browser]
    ./Documents/REMUNERACIONES 2026/frontend/src/app/consolidados/[id]/page.tsx [Server Component]

  Client Component SSR:
    ./Documents/REMUNERACIONES 2026/frontend/src/app/consolidados/[id]/page.tsx [Client Component SSR]
    ./Documents/REMUNERACIONES 2026/frontend/src/app/consolidados/[id]/page.tsx [Server Component] 
[browser] ./Documents/REMUNERACIONES 2026/frontend/src/app/consolidados/[id]/page.tsx:529:5
Expression expected
  527 |   );
  528 | }
> 529 |     </div>
      |     ^
  530 |   );
  531 | }
  532 |

Parsing ecmascript source code failed

Import traces:
  Client Component Browser:
    ./Documents/REMUNERACIONES 2026/frontend/src/app/consolidados/[id]/page.tsx [Client Component Browser]
    ./Documents/REMUNERACIONES 2026/frontend/src/app/consolidados/[id]/page.tsx [Server Component]

  Client Component SSR:
    ./Documents/REMUNERACIONES 2026/frontend/src/app/consolidados/[id]/page.tsx [Client Component SSR]
    ./Documents/REMUNERACIONES 2026/frontend/src/app/consolidados/[id]/page.tsx [Server Component] 
[browser] ./Documents/REMUNERACIONES 2026/frontend/src/app/consolidados/[id]/page.tsx:529:6
Unterminated regexp literal
  527 |   );
  528 | }
> 529 |     </div>
      |      ^^^^^
  530 |   );
  531 | }
  532 |

Parsing ecmascript source code failed

Import traces:
  Client Component Browser:
    ./Documents/REMUNERACIONES 2026/frontend/src/app/consolidados/[id]/page.tsx [Client Component Browser]
    ./Documents/REMUNERACIONES 2026/frontend/src/app/consolidados/[id]/page.tsx [Server Component]

  Client Component SSR:
    ./Documents/REMUNERACIONES 2026/frontend/src/app/consolidados/[id]/page.tsx [Client Component SSR]
    ./Documents/REMUNERACIONES 2026/frontend/src/app/consolidados/[id]/page.tsx [Server Component] 
[browser] ./Documents/REMUNERACIONES 2026/frontend/src/app/consolidados/[id]/page.tsx:529:5
Expression expected
  527 |   );
  528 | }
> 529 |     </div>
      |     ^
  530 |   );
  531 | }
  532 |

Parsing ecmascript source code failed

Import traces:
  Client Component Browser:
    ./Documents/REMUNERACIONES 2026/frontend/src/app/consolidados/[id]/page.tsx [Client Component Browser]
    ./Documents/REMUNERACIONES 2026/frontend/src/app/consolidados/[id]/page.tsx [Server Component]

  Client Component SSR:
    ./Documents/REMUNERACIONES 2026/frontend/src/app/consolidados/[id]/page.tsx [Client Component SSR]
    ./Documents/REMUNERACIONES 2026/frontend/src/app/consolidados/[id]/page.tsx [Server Component] 
[browser] ./Documents/REMUNERACIONES 2026/frontend/src/app/consolidados/[id]/page.tsx:529:6
Unterminated regexp literal
  527 |   );
  528 | }
> 529 |     </div>
      |      ^^^^^
  530 |   );
  531 | }
  532 |

Parsing ecmascript source code failed

Import traces:
  Client Component Browser:
    ./Documents/REMUNERACIONES 2026/frontend/src/app/consolidados/[id]/page.tsx [Client Component Browser]
    ./Documents/REMUNERACIONES 2026/frontend/src/app/consolidados/[id]/page.tsx [Server Component]

  Client Component SSR:
    ./Documents/REMUNERACIONES 2026/frontend/src/app/consolidados/[id]/page.tsx [Client Component SSR]
    ./Documents/REMUNERACIONES 2026/frontend/src/app/consolidados/[id]/page.tsx [Server Component] 
[browser] ./Documents/REMUNERACIONES 2026/frontend/src/app/consolidados/[id]/page.tsx:529:5
Expression expected
  527 |   );
  528 | }
> 529 |     </div>
      |     ^
  530 |   );
  531 | }
  532 |

Parsing ecmascript source code failed

Import traces:
  Client Component Browser:
    ./Documents/REMUNERACIONES 2026/frontend/src/app/consolidados/[id]/page.tsx [Client Component Browser]
    ./Documents/REMUNERACIONES 2026/frontend/src/app/consolidados/[id]/page.tsx [Server Component]

  Client Component SSR:
    ./Documents/REMUNERACIONES 2026/frontend/src/app/consolidados/[id]/page.tsx [Client Component SSR]
    ./Documents/REMUNERACIONES 2026/frontend/src/app/consolidados/[id]/page.tsx [Server Component] 
[browser] ./Documents/REMUNERACIONES 2026/frontend/src/app/consolidados/[id]/page.tsx:529:6
Unterminated regexp literal
  527 |   );
  528 | }
> 529 |     </div>
      |      ^^^^^
  530 |   );
  531 | }
  532 |

Parsing ecmascript source code failed

Import traces:
  Client Component Browser:
    ./Documents/REMUNERACIONES 2026/frontend/src/app/consolidados/[id]/page.tsx [Client Component Browser]
    ./Documents/REMUNERACIONES 2026/frontend/src/app/consolidados/[id]/page.tsx [Server Component]

  Client Component SSR:
    ./Documents/REMUNERACIONES 2026/frontend/src/app/consolidados/[id]/page.tsx [Client Component SSR]
    ./Documents/REMUNERACIONES 2026/frontend/src/app/consolidados/[id]/page.tsx [Server Component] 
[browser] ./Documents/REMUNERACIONES 2026/frontend/src/app/consolidados/[id]/page.tsx:529:5
Expression expected
  527 |   );
  528 | }
> 529 |     </div>
      |     ^
  530 |   );
  531 | }
  532 |

Parsing ecmascript source code failed

Import traces:
  Client Component Browser:
    ./Documents/REMUNERACIONES 2026/frontend/src/app/consolidados/[id]/page.tsx [Client Component Browser]
    ./Documents/REMUNERACIONES 2026/frontend/src/app/consolidados/[id]/page.tsx [Server Component]

  Client Component SSR:
    ./Documents/REMUNERACIONES 2026/frontend/src/app/consolidados/[id]/page.tsx [Client Component SSR]
    ./Documents/REMUNERACIONES 2026/frontend/src/app/consolidados/[id]/page.tsx [Server Component] 
[browser] ./Documents/REMUNERACIONES 2026/frontend/src/app/consolidados/[id]/page.tsx:529:6
Unterminated regexp literal
  527 |   );
  528 | }
> 529 |     </div>
      |      ^^^^^
  530 |   );
  531 | }
  532 |

Parsing ecmascript source code failed

Import traces:
  Client Component Browser:
    ./Documents/REMUNERACIONES 2026/frontend/src/app/consolidados/[id]/page.tsx [Client Component Browser]
    ./Documents/REMUNERACIONES 2026/frontend/src/app/consolidados/[id]/page.tsx [Server Component]

  Client Component SSR:
    ./Documents/REMUNERACIONES 2026/frontend/src/app/consolidados/[id]/page.tsx [Client Component SSR]
    ./Documents/REMUNERACIONES 2026/frontend/src/app/consolidados/[id]/page.tsx [Server Component] 
[browser] ./Documents/REMUNERACIONES 2026/frontend/src/app/consolidados/[id]/page.tsx:529:5
Expression expected
  527 |   );
  528 | }
> 529 |     </div>
      |     ^
  530 |   );
  531 | }
  532 |

Parsing ecmascript source code failed

Import traces:
  Client Component Browser:
    ./Documents/REMUNERACIONES 2026/frontend/src/app/consolidados/[id]/page.tsx [Client Component Browser]
    ./Documents/REMUNERACIONES 2026/frontend/src/app/consolidados/[id]/page.tsx [Server Component]

  Client Component SSR:
    ./Documents/REMUNERACIONES 2026/frontend/src/app/consolidados/[id]/page.tsx [Client Component SSR]
    ./Documents/REMUNERACIONES 2026/frontend/src/app/consolidados/[id]/page.tsx [Server Component] 
[browser] ./Documents/REMUNERACIONES 2026/frontend/src/app/consolidados/[id]/page.tsx:529:6
Unterminated regexp literal
  527 |   );
  528 | }
> 529 |     </div>
      |      ^^^^^
  530 |   );
  531 | }
  532 |

Parsing ecmascript source code failed

Import traces:
  Client Component Browser:
    ./Documents/REMUNERACIONES 2026/frontend/src/app/consolidados/[id]/page.tsx [Client Component Browser]
    ./Documents/REMUNERACIONES 2026/frontend/src/app/consolidados/[id]/page.tsx [Server Component]

  Client Component SSR:
    ./Documents/REMUNERACIONES 2026/frontend/src/app/consolidados/[id]/page.tsx [Client Component SSR]
    ./Documents/REMUNERACIONES 2026/frontend/src/app/consolidados/[id]/page.tsx [Server Component] 
[browser] ./Documents/REMUNERACIONES 2026/frontend/src/app/consolidados/[id]/page.tsx:529:5
Expression expected
  527 |   );
  528 | }
> 529 |     </div>
      |     ^
  530 |   );
  531 | }
  532 |

Parsing ecmascript source code failed

Import traces:
  Client Component Browser:
    ./Documents/REMUNERACIONES 2026/frontend/src/app/consolidados/[id]/page.tsx [Client Component Browser]
    ./Documents/REMUNERACIONES 2026/frontend/src/app/consolidados/[id]/page.tsx [Server Component]

  Client Component SSR:
    ./Documents/REMUNERACIONES 2026/frontend/src/app/consolidados/[id]/page.tsx [Client Component SSR]
    ./Documents/REMUNERACIONES 2026/frontend/src/app/consolidados/[id]/page.tsx [Server Component] 
[browser] ./Documents/REMUNERACIONES 2026/frontend/src/app/consolidados/[id]/page.tsx:529:6
Unterminated regexp literal
  527 |   );
  528 | }
> 529 |     </div>
      |      ^^^^^
  530 |   );
  531 | }
  532 |

Parsing ecmascript source code failed

Import traces:
  Client Component Browser:
    ./Documents/REMUNERACIONES 2026/frontend/src/app/consolidados/[id]/page.tsx [Client Component Browser]
    ./Documents/REMUNERACIONES 2026/frontend/src/app/consolidados/[id]/page.tsx [Server Component]

  Client Component SSR:
    ./Documents/REMUNERACIONES 2026/frontend/src/app/consolidados/[id]/page.tsx [Client Component SSR]
    ./Documents/REMUNERACIONES 2026/frontend/src/app/consolidados/[id]/page.tsx [Server Component] 
 GET /consolidados/1 500 in 942ms (next.js: 500ms, application-code: 442ms)
[browser] Uncaught Error: ./Documents/REMUNERACIONES 2026/frontend/src/app/consolidados/[id]/page.tsx:529:5
Expression expected
  527 |   );
  528 | }
> 529 |     </div>
      |     ^
  530 |   );
  531 | }
  532 |

Parsing ecmascript source code failed

Import traces:
  Client Component Browser:
    ./Documents/REMUNERACIONES 2026/frontend/src/app/consolidados/[id]/page.tsx [Client Component Browser]
    ./Documents/REMUNERACIONES 2026/frontend/src/app/consolidados/[id]/page.tsx [Server Component]

  Client Component SSR:
    ./Documents/REMUNERACIONES 2026/frontend/src/app/consolidados/[id]/page.tsx [Client Component SSR]
    ./Documents/REMUNERACIONES 2026/frontend/src/app/consolidados/[id]/page.tsx [Server Component]


    at <unknown> (Error: ./Documents/REMUNERACIONES 2026/frontend/src/app/consolidados/[id]/page.tsx:529:5)
    at <unknown> (Error: (./Documents/REMUNERACIONES 2026/frontend/src/app/consolidados/[id]/page.tsx:529:5)
[browser] ./Documents/REMUNERACIONES 2026/frontend/src/app/consolidados/[id]/page.tsx:529:5
Expression expected
  527 |   );
  528 | }
> 529 |     </div>
      |     ^
  530 |   );
  531 | }
  532 |

Parsing ecmascript source code failed

Import traces:
  Client Component Browser:
    ./Documents/REMUNERACIONES 2026/frontend/src/app/consolidados/[id]/page.tsx [Client Component Browser]
    ./Documents/REMUNERACIONES 2026/frontend/src/app/consolidados/[id]/page.tsx [Server Component]

  Client Component SSR:
    ./Documents/REMUNERACIONES 2026/frontend/src/app/consolidados/[id]/page.tsx [Client Component SSR]
    ./Documents/REMUNERACIONES 2026/frontend/src/app/consolidados/[id]/page.tsx [Server Component] 
[browser] ./Documents/REMUNERACIONES 2026/frontend/src/app/consolidados/[id]/page.tsx:529:6
Unterminated regexp literal
  527 |   );
  528 | }
> 529 |     </div>
      |      ^^^^^
  530 |   );
  531 | }
  532 |

Parsing ecmascript source code failed

Import traces:
  Client Component Browser:
    ./Documents/REMUNERACIONES 2026/frontend/src/app/consolidados/[id]/page.tsx [Client Component Browser]
    ./Documents/REMUNERACIONES 2026/frontend/src/app/consolidados/[id]/page.tsx [Server Component]

  Client Component SSR:
    ./Documents/REMUNERACIONES 2026/frontend/src/app/consolidados/[id]/page.tsx [Client Component SSR]
    ./Documents/REMUNERACIONES 2026/frontend/src/app/consolidados/[id]/page.tsx [Server Component] 
[browser] ./Documents/REMUNERACIONES 2026/frontend/src/app/consolidados/[id]/page.tsx:529:5
Expression expected
  527 |   );
  528 | }
> 529 |     </div>
      |     ^
  530 |   );
  531 | }
  532 |

Parsing ecmascript source code failed

Import traces:
  Client Component Browser:
    ./Documents/REMUNERACIONES 2026/frontend/src/app/consolidados/[id]/page.tsx [Client Component Browser]
    ./Documents/REMUNERACIONES 2026/frontend/src/app/consolidados/[id]/page.tsx [Server Component]

  Client Component SSR:
    ./Documents/REMUNERACIONES 2026/frontend/src/app/consolidados/[id]/page.tsx [Client Component SSR]
    ./Documents/REMUNERACIONES 2026/frontend/src/app/consolidados/[id]/page.tsx [Server Component] 
[browser] ./Documents/REMUNERACIONES 2026/frontend/src/app/consolidados/[id]/page.tsx:529:6
Unterminated regexp literal
  527 |   );
  528 | }
> 529 |     </div>
      |      ^^^^^
  530 |   );
  531 | }
  532 |

Parsing ecmascript source code failed

Import traces:
  Client Component Browser:
    ./Documents/REMUNERACIONES 2026/frontend/src/app/consolidados/[id]/page.tsx [Client Component Browser]
    ./Documents/REMUNERACIONES 2026/frontend/src/app/consolidados/[id]/page.tsx [Server Component]

  Client Component SSR:
    ./Documents/REMUNERACIONES 2026/frontend/src/app/consolidados/[id]/page.tsx [Client Component SSR]
    ./Documents/REMUNERACIONES 2026/frontend/src/app/consolidados/[id]/page.tsx [Server Component] 
[browser] ./Documents/REMUNERACIONES 2026/frontend/src/app/consolidados/[id]/page.tsx:529:5
Expression expected
  527 |   );
  528 | }
> 529 |     </div>
      |     ^
  530 |   );
  531 | }
  532 |

Parsing ecmascript source code failed

Import traces:
  Client Component Browser:
    ./Documents/REMUNERACIONES 2026/frontend/src/app/consolidados/[id]/page.tsx [Client Component Browser]
    ./Documents/REMUNERACIONES 2026/frontend/src/app/consolidados/[id]/page.tsx [Server Component]

  Client Component SSR:
    ./Documents/REMUNERACIONES 2026/frontend/src/app/consolidados/[id]/page.tsx [Client Component SSR]
    ./Documents/REMUNERACIONES 2026/frontend/src/app/consolidados/[id]/page.tsx [Server Component] 
[browser] ./Documents/REMUNERACIONES 2026/frontend/src/app/consolidados/[id]/page.tsx:529:6
Unterminated regexp literal
  527 |   );
  528 | }
> 529 |     </div>
      |      ^^^^^
  530 |   );
  531 | }
  532 |

Parsing ecmascript source code failed

Import traces:
  Client Component Browser:
    ./Documents/REMUNERACIONES 2026/frontend/src/app/consolidados/[id]/page.tsx [Client Component Browser]
    ./Documents/REMUNERACIONES 2026/frontend/src/app/consolidados/[id]/page.tsx [Server Component]

  Client Component SSR:
    ./Documents/REMUNERACIONES 2026/frontend/src/app/consolidados/[id]/page.tsx [Client Component SSR]
    ./Documents/REMUNERACIONES 2026/frontend/src/app/consolidados/[id]/page.tsx [Server Component] 
[browser] ./Documents/REMUNERACIONES 2026/frontend/src/app/consolidados/[id]/page.tsx:529:5
Expression expected
  527 |   );
  528 | }
> 529 |     </div>
      |     ^
  530 |   );
  531 | }
  532 |

Parsing ecmascript source code failed

Import traces:
  Client Component Browser:
    ./Documents/REMUNERACIONES 2026/frontend/src/app/consolidados/[id]/page.tsx [Client Component Browser]
    ./Documents/REMUNERACIONES 2026/frontend/src/app/consolidados/[id]/page.tsx [Server Component]

  Client Component SSR:
    ./Documents/REMUNERACIONES 2026/frontend/src/app/consolidados/[id]/page.tsx [Client Component SSR]
    ./Documents/REMUNERACIONES 2026/frontend/src/app/consolidados/[id]/page.tsx [Server Component] 
[browser] ./Documents/REMUNERACIONES 2026/frontend/src/app/consolidados/[id]/page.tsx:529:6
Unterminated regexp literal
  527 |   );
  528 | }
> 529 |     </div>
      |      ^^^^^
  530 |   );
  531 | }
  532 |

Parsing ecmascript source code failed

Import traces:
  Client Component Browser:
    ./Documents/REMUNERACIONES 2026/frontend/src/app/consolidados/[id]/page.tsx [Client Component Browser]
    ./Documents/REMUNERACIONES 2026/frontend/src/app/consolidados/[id]/page.tsx [Server Component]

  Client Component SSR:
    ./Documents/REMUNERACIONES 2026/frontend/src/app/consolidados/[id]/page.tsx [Client Component SSR]
    ./Documents/REMUNERACIONES 2026/frontend/src/app/consolidados/[id]/page.tsx [Server Component] 
[browser] ./Documents/REMUNERACIONES 2026/frontend/src/app/consolidados/[id]/page.tsx:529:5
Expression expected
  527 |   );
  528 | }
> 529 |     </div>
      |     ^
  530 |   );
  531 | }
  532 |

Parsing ecmascript source code failed

Import traces:
  Client Component Browser:
    ./Documents/REMUNERACIONES 2026/frontend/src/app/consolidados/[id]/page.tsx [Client Component Browser]
    ./Documents/REMUNERACIONES 2026/frontend/src/app/consolidados/[id]/page.tsx [Server Component]

  Client Component SSR:
    ./Documents/REMUNERACIONES 2026/frontend/src/app/consolidados/[id]/page.tsx [Client Component SSR]
    ./Documents/REMUNERACIONES 2026/frontend/src/app/consolidados/[id]/page.tsx [Server Component] 
[browser] ./Documents/REMUNERACIONES 2026/frontend/src/app/consolidados/[id]/page.tsx:529:6
Unterminated regexp literal
  527 |   );
  528 | }
> 529 |     </div>
      |      ^^^^^
  530 |   );
  531 | }
  532 |

Parsing ecmascript source code failed

Import traces:
  Client Component Browser:
    ./Documents/REMUNERACIONES 2026/frontend/src/app/consolidados/[id]/page.tsx [Client Component Browser]
    ./Documents/REMUNERACIONES 2026/frontend/src/app/consolidados/[id]/page.tsx [Server Component]

  Client Component SSR:
    ./Documents/REMUNERACIONES 2026/frontend/src/app/consolidados/[id]/page.tsx [Client Component SSR]
    ./Documents/REMUNERACIONES 2026/frontend/src/app/consolidados/[id]/page.tsx [Server Component] 
[browser] ./Documents/REMUNERACIONES 2026/frontend/src/app/consolidados/[id]/page.tsx:529:5
Expression expected
  527 |   );
  528 | }
> 529 |     </div>
      |     ^
  530 |   );
  531 | }
  532 |

Parsing ecmascript source code failed

Import traces:
  Client Component Browser:
    ./Documents/REMUNERACIONES 2026/frontend/src/app/consolidados/[id]/page.tsx [Client Component Browser]
    ./Documents/REMUNERACIONES 2026/frontend/src/app/consolidados/[id]/page.tsx [Server Component]

  Client Component SSR:
    ./Documents/REMUNERACIONES 2026/frontend/src/app/consolidados/[id]/page.tsx [Client Component SSR]
    ./Documents/REMUNERACIONES 2026/frontend/src/app/consolidados/[id]/page.tsx [Server Component] 
[browser] ./Documents/REMUNERACIONES 2026/frontend/src/app/consolidados/[id]/page.tsx:529:6
Unterminated regexp literal
  527 |   );
  528 | }
> 529 |     </div>
      |      ^^^^^
  530 |   );
  531 | }
  532 |

Parsing ecmascript source code failed

Import traces:
  Client Component Browser:
    ./Documents/REMUNERACIONES 2026/frontend/src/app/consolidados/[id]/page.tsx [Client Component Browser]
    ./Documents/REMUNERACIONES 2026/frontend/src/app/consolidados/[id]/page.tsx [Server Component]

  Client Component SSR:
    ./Documents/REMUNERACIONES 2026/frontend/src/app/consolidados/[id]/page.tsx [Client Component SSR]
    ./Documents/REMUNERACIONES 2026/frontend/src/app/consolidados/[id]/page.tsx [Server Component] 
[browser] ./Documents/REMUNERACIONES 2026/frontend/src/app/consolidados/[id]/page.tsx:529:5
Expression expected
  527 |   );
  528 | }
> 529 |     </div>
      |     ^
  530 |   );
  531 | }
  532 |

Parsing ecmascript source code failed

Import traces:
  Client Component Browser:
    ./Documents/REMUNERACIONES 2026/frontend/src/app/consolidados/[id]/page.tsx [Client Component Browser]
    ./Documents/REMUNERACIONES 2026/frontend/src/app/consolidados/[id]/page.tsx [Server Component]

  Client Component SSR:
    ./Documents/REMUNERACIONES 2026/frontend/src/app/consolidados/[id]/page.tsx [Client Component SSR]
    ./Documents/REMUNERACIONES 2026/frontend/src/app/consolidados/[id]/page.tsx [Server Component] 
[browser] ./Documents/REMUNERACIONES 2026/frontend/src/app/consolidados/[id]/page.tsx:529:6
Unterminated regexp literal
  527 |   );
  528 | }
> 529 |     </div>
      |      ^^^^^
  530 |   );
  531 | }
  532 |

Parsing ecmascript source code failed

Import traces:
  Client Component Browser:
    ./Documents/REMUNERACIONES 2026/frontend/src/app/consolidados/[id]/page.tsx [Client Component Browser]
    ./Documents/REMUNERACIONES 2026/frontend/src/app/consolidados/[id]/page.tsx [Server Component]

  Client Component SSR:
    ./Documents/REMUNERACIONES 2026/frontend/src/app/consolidados/[id]/page.tsx [Client Component SSR]
    ./Documents/REMUNERACIONES 2026/frontend/src/app/consolidados/[id]/page.tsx [Server Component] 
[browser] ./Documents/REMUNERACIONES 2026/frontend/src/app/consolidados/[id]/page.tsx:529:5
Expression expected
  527 |   );
  528 | }
> 529 |     </div>
      |     ^
  530 |   );
  531 | }
  532 |

Parsing ecmascript source code failed

Import traces:
  Client Component Browser:
    ./Documents/REMUNERACIONES 2026/frontend/src/app/consolidados/[id]/page.tsx [Client Component Browser]
    ./Documents/REMUNERACIONES 2026/frontend/src/app/consolidados/[id]/page.tsx [Server Component]

  Client Component SSR:
    ./Documents/REMUNERACIONES 2026/frontend/src/app/consolidados/[id]/page.tsx [Client Component SSR]
    ./Documents/REMUNERACIONES 2026/frontend/src/app/consolidados/[id]/page.tsx [Server Component] 
[browser] ./Documents/REMUNERACIONES 2026/frontend/src/app/consolidados/[id]/page.tsx:529:6
Unterminated regexp literal
  527 |   );
  528 | }
> 529 |     </div>
      |      ^^^^^
  530 |   );
  531 | }
  532 |

Parsing ecmascript source code failed

Import traces:
  Client Component Browser:
    ./Documents/REMUNERACIONES 2026/frontend/src/app/consolidados/[id]/page.tsx [Client Component Browser]
    ./Documents/REMUNERACIONES 2026/frontend/src/app/consolidados/[id]/page.tsx [Server Component]

  Client Component SSR:
    ./Documents/REMUNERACIONES 2026/frontend/src/app/consolidados/[id]/page.tsx [Client Component SSR]
    ./Documents/REMUNERACIONES 2026/frontend/src/app/consolidados/[id]/page.tsx [Server Component] 
[browser] ./Documents/REMUNERACIONES 2026/frontend/src/app/consolidados/[id]/page.tsx:529:5
Expression expected
  527 |   );
  528 | }
> 529 |     </div>
      |     ^
  530 |   );
  531 | }
  532 |

Parsing ecmascript source code failed

Import traces:
  Client Component Browser:
    ./Documents/REMUNERACIONES 2026/frontend/src/app/consolidados/[id]/page.tsx [Client Component Browser]
    ./Documents/REMUNERACIONES 2026/frontend/src/app/consolidados/[id]/page.tsx [Server Component]

  Client Component SSR:
    ./Documents/REMUNERACIONES 2026/frontend/src/app/consolidados/[id]/page.tsx [Client Component SSR]
    ./Documents/REMUNERACIONES 2026/frontend/src/app/consolidados/[id]/page.tsx [Server Component] 
[browser] ./Documents/REMUNERACIONES 2026/frontend/src/app/consolidados/[id]/page.tsx:529:6
Unterminated regexp literal
  527 |   );
  528 | }
> 529 |     </div>
      |      ^^^^^
  530 |   );
  531 | }
  532 |

Parsing ecmascript source code failed

Import traces:
  Client Component Browser:
    ./Documents/REMUNERACIONES 2026/frontend/src/app/consolidados/[id]/page.tsx [Client Component Browser]
    ./Documents/REMUNERACIONES 2026/frontend/src/app/consolidados/[id]/page.tsx [Server Component]

  Client Component SSR:
    ./Documents/REMUNERACIONES 2026/frontend/src/app/consolidados/[id]/page.tsx [Client Component SSR]
    ./Documents/REMUNERACIONES 2026/frontend/src/app/consolidados/[id]/page.tsx [Server Component] 
[browser] ./Documents/REMUNERACIONES 2026/frontend/src/app/consolidados/[id]/page.tsx:529:5
Expression expected
  527 |   );
  528 | }
> 529 |     </div>
      |     ^
  530 |   );
  531 | }
  532 |

Parsing ecmascript source code failed

Import traces:
  Client Component Browser:
    ./Documents/REMUNERACIONES 2026/frontend/src/app/consolidados/[id]/page.tsx [Client Component Browser]
    ./Documents/REMUNERACIONES 2026/frontend/src/app/consolidados/[id]/page.tsx [Server Component]

  Client Component SSR:
    ./Documents/REMUNERACIONES 2026/frontend/src/app/consolidados/[id]/page.tsx [Client Component SSR]
    ./Documents/REMUNERACIONES 2026/frontend/src/app/consolidados/[id]/page.tsx [Server Component] 
[browser] ./Documents/REMUNERACIONES 2026/frontend/src/app/consolidados/[id]/page.tsx:529:6
Unterminated regexp literal
  527 |   );
  528 | }
> 529 |     </div>
      |      ^^^^^
  530 |   );
  531 | }
  532 |

Parsing ecmascript source code failed

Import traces:
  Client Component Browser:
    ./Documents/REMUNERACIONES 2026/frontend/src/app/consolidados/[id]/page.tsx [Client Component Browser]
    ./Documents/REMUNERACIONES 2026/frontend/src/app/consolidados/[id]/page.tsx [Server Component]

  Client Component SSR:
    ./Documents/REMUNERACIONES 2026/frontend/src/app/consolidados/[id]/page.tsx [Client Component SSR]
    ./Documents/REMUNERACIONES 2026/frontend/src/app/consolidados/[id]/page.tsx [Server Component] 
[browser] ./Documents/REMUNERACIONES 2026/frontend/src/app/consolidados/[id]/page.tsx:529:5
Expression expected
  527 |   );
  528 | }
> 529 |     </div>
      |     ^
  530 |   );
  531 | }
  532 |

Parsing ecmascript source code failed

Import traces:
  Client Component Browser:
    ./Documents/REMUNERACIONES 2026/frontend/src/app/consolidados/[id]/page.tsx [Client Component Browser]
    ./Documents/REMUNERACIONES 2026/frontend/src/app/consolidados/[id]/page.tsx [Server Component]

  Client Component SSR:
    ./Documents/REMUNERACIONES 2026/frontend/src/app/consolidados/[id]/page.tsx [Client Component SSR]
    ./Documents/REMUNERACIONES 2026/frontend/src/app/consolidados/[id]/page.tsx [Server Component] 
[browser] ./Documents/REMUNERACIONES 2026/frontend/src/app/consolidados/[id]/page.tsx:529:6
Unterminated regexp literal
  527 |   );
  528 | }
> 529 |     </div>
      |      ^^^^^
  530 |   );
  531 | }
  532 |

Parsing ecmascript source code failed

Import traces:
  Client Component Browser:
    ./Documents/REMUNERACIONES 2026/frontend/src/app/consolidados/[id]/page.tsx [Client Component Browser]
    ./Documents/REMUNERACIONES 2026/frontend/src/app/consolidados/[id]/page.tsx [Server Component]

  Client Component SSR:
    ./Documents/REMUNERACIONES 2026/frontend/src/app/consolidados/[id]/page.tsx [Client Component SSR]
    ./Documents/REMUNERACIONES 2026/frontend/src/app/consolidados/[id]/page.tsx [Server Component] 
[browser] ./Documents/REMUNERACIONES 2026/frontend/src/app/consolidados/[id]/page.tsx:529:5
Expression expected
  527 |   );
  528 | }
> 529 |     </div>
      |     ^
  530 |   );
  531 | }
  532 |

Parsing ecmascript source code failed

Import traces:
  Client Component Browser:
    ./Documents/REMUNERACIONES 2026/frontend/src/app/consolidados/[id]/page.tsx [Client Component Browser]
    ./Documents/REMUNERACIONES 2026/frontend/src/app/consolidados/[id]/page.tsx [Server Component]

  Client Component SSR:
    ./Documents/REMUNERACIONES 2026/frontend/src/app/consolidados/[id]/page.tsx [Client Component SSR]
    ./Documents/REMUNERACIONES 2026/frontend/src/app/consolidados/[id]/page.tsx [Server Component] 
[browser] ./Documents/REMUNERACIONES 2026/frontend/src/app/consolidados/[id]/page.tsx:529:6
Unterminated regexp literal
  527 |   );
  528 | }
> 529 |     </div>
      |      ^^^^^
  530 |   );
  531 | }
  532 |

Parsing ecmascript source code failed

Import traces:
  Client Component Browser:
    ./Documents/REMUNERACIONES 2026/frontend/src/app/consolidados/[id]/page.tsx [Client Component Browser]
    ./Documents/REMUNERACIONES 2026/frontend/src/app/consolidados/[id]/page.tsx [Server Component]

  Client Component SSR:
    ./Documents/REMUNERACIONES 2026/frontend/src/app/consolidados/[id]/page.tsx [Client Component SSR]
    ./Documents/REMUNERACIONES 2026/frontend/src/app/consolidados/[id]/page.tsx [Server Component] 
[browser] ./Documents/REMUNERACIONES 2026/frontend/src/app/consolidados/[id]/page.tsx:529:5
Expression expected
  527 |   );
  528 | }
> 529 |     </div>
      |     ^
  530 |   );
  531 | }
  532 |

Parsing ecmascript source code failed

Import traces:
  Client Component Browser:
    ./Documents/REMUNERACIONES 2026/frontend/src/app/consolidados/[id]/page.tsx [Client Component Browser]
    ./Documents/REMUNERACIONES 2026/frontend/src/app/consolidados/[id]/page.tsx [Server Component]

  Client Component SSR:
    ./Documents/REMUNERACIONES 2026/frontend/src/app/consolidados/[id]/page.tsx [Client Component SSR]
    ./Documents/REMUNERACIONES 2026/frontend/src/app/consolidados/[id]/page.tsx [Server Component] 
[browser] ./Documents/REMUNERACIONES 2026/frontend/src/app/consolidados/[id]/page.tsx:529:6
Unterminated regexp literal
  527 |   );
  528 | }
> 529 |     </div>
      |      ^^^^^
  530 |   );
  531 | }
  532 |

Parsing ecmascript source code failed

Import traces:
  Client Component Browser:
    ./Documents/REMUNERACIONES 2026/frontend/src/app/consolidados/[id]/page.tsx [Client Component Browser]
    ./Documents/REMUNERACIONES 2026/frontend/src/app/consolidados/[id]/page.tsx [Server Component]

  Client Component SSR:
    ./Documents/REMUNERACIONES 2026/frontend/src/app/consolidados/[id]/page.tsx [Client Component SSR]
    ./Documents/REMUNERACIONES 2026/frontend/src/app/consolidados/[id]/page.tsx [Server Component] 
[browser] ./Documents/REMUNERACIONES 2026/frontend/src/app/consolidados/[id]/page.tsx:529:5
Expression expected
  527 |   );
  528 | }
> 529 |     </div>
      |     ^
  530 |   );
  531 | }
  532 |

Parsing ecmascript source code failed

Import traces:
  Client Component Browser:
    ./Documents/REMUNERACIONES 2026/frontend/src/app/consolidados/[id]/page.tsx [Client Component Browser]
    ./Documents/REMUNERACIONES 2026/frontend/src/app/consolidados/[id]/page.tsx [Server Component]

  Client Component SSR:
    ./Documents/REMUNERACIONES 2026/frontend/src/app/consolidados/[id]/page.tsx [Client Component SSR]
    ./Documents/REMUNERACIONES 2026/frontend/src/app/consolidados/[id]/page.tsx [Server Component] 
[browser] ./Documents/REMUNERACIONES 2026/frontend/src/app/consolidados/[id]/page.tsx:529:6
Unterminated regexp literal
  527 |   );
  528 | }
> 529 |     </div>
      |      ^^^^^
  530 |   );
  531 | }
  532 |

Parsing ecmascript source code failed

Import traces:
  Client Component Browser:
    ./Documents/REMUNERACIONES 2026/frontend/src/app/consolidados/[id]/page.tsx [Client Component Browser]
    ./Documents/REMUNERACIONES 2026/frontend/src/app/consolidados/[id]/page.tsx [Server Component]

  Client Component SSR:
    ./Documents/REMUNERACIONES 2026/frontend/src/app/consolidados/[id]/page.tsx [Client Component SSR]
    ./Documents/REMUNERACIONES 2026/frontend/src/app/consolidados/[id]/page.tsx [Server Component] 
[browser] ./Documents/REMUNERACIONES 2026/frontend/src/app/consolidados/[id]/page.tsx:529:5
Expression expected
  527 |   );
  528 | }
> 529 |     </div>
      |     ^
  530 |   );
  531 | }
  532 |

Parsing ecmascript source code failed

Import traces:
  Client Component Browser:
    ./Documents/REMUNERACIONES 2026/frontend/src/app/consolidados/[id]/page.tsx [Client Component Browser]
    ./Documents/REMUNERACIONES 2026/frontend/src/app/consolidados/[id]/page.tsx [Server Component]

  Client Component SSR:
    ./Documents/REMUNERACIONES 2026/frontend/src/app/consolidados/[id]/page.tsx [Client Component SSR]
    ./Documents/REMUNERACIONES 2026/frontend/src/app/consolidados/[id]/page.tsx [Server Component] 
[browser] ./Documents/REMUNERACIONES 2026/frontend/src/app/consolidados/[id]/page.tsx:529:6
Unterminated regexp literal
  527 |   );
  528 | }
> 529 |     </div>
      |      ^^^^^
  530 |   );
  531 | }
  532 |

Parsing ecmascript source code failed

Import traces:
  Client Component Browser:
    ./Documents/REMUNERACIONES 2026/frontend/src/app/consolidados/[id]/page.tsx [Client Component Browser]
    ./Documents/REMUNERACIONES 2026/frontend/src/app/consolidados/[id]/page.tsx [Server Component]

  Client Component SSR:
    ./Documents/REMUNERACIONES 2026/frontend/src/app/consolidados/[id]/page.tsx [Client Component SSR]
    ./Documents/REMUNERACIONES 2026/frontend/src/app/consolidados/[id]/page.tsx [Server Component] 
[browser] ./Documents/REMUNERACIONES 2026/frontend/src/app/consolidados/[id]/page.tsx:529:5
Expression expected
  527 |   );
  528 | }
> 529 |     </div>
      |     ^
  530 |   );
  531 | }
  532 |

Parsing ecmascript source code failed

Import traces:
  Client Component Browser:
    ./Documents/REMUNERACIONES 2026/frontend/src/app/consolidados/[id]/page.tsx [Client Component Browser]
    ./Documents/REMUNERACIONES 2026/frontend/src/app/consolidados/[id]/page.tsx [Server Component]

  Client Component SSR:
    ./Documents/REMUNERACIONES 2026/frontend/src/app/consolidados/[id]/page.tsx [Client Component SSR]
    ./Documents/REMUNERACIONES 2026/frontend/src/app/consolidados/[id]/page.tsx [Server Component] 
[browser] ./Documents/REMUNERACIONES 2026/frontend/src/app/consolidados/[id]/page.tsx:529:6
Unterminated regexp literal
  527 |   );
  528 | }
> 529 |     </div>
      |      ^^^^^
  530 |   );
  531 | }
  532 |

Parsing ecmascript source code failed

Import traces:
  Client Component Browser:
    ./Documents/REMUNERACIONES 2026/frontend/src/app/consolidados/[id]/page.tsx [Client Component Browser]
    ./Documents/REMUNERACIONES 2026/frontend/src/app/consolidados/[id]/page.tsx [Server Component]

  Client Component SSR:
    ./Documents/REMUNERACIONES 2026/frontend/src/app/consolidados/[id]/page.tsx [Client Component SSR]
    ./Documents/REMUNERACIONES 2026/frontend/src/app/consolidados/[id]/page.tsx [Server Component] 
[browser] ./Documents/REMUNERACIONES 2026/frontend/src/app/consolidados/[id]/page.tsx:529:5
Expression expected
  527 |   );
  528 | }
> 529 |     </div>
      |     ^
  530 |   );
  531 | }
  532 |

Parsing ecmascript source code failed

Import traces:
  Client Component Browser:
    ./Documents/REMUNERACIONES 2026/frontend/src/app/consolidados/[id]/page.tsx [Client Component Browser]
    ./Documents/REMUNERACIONES 2026/frontend/src/app/consolidados/[id]/page.tsx [Server Component]

  Client Component SSR:
    ./Documents/REMUNERACIONES 2026/frontend/src/app/consolidados/[id]/page.tsx [Client Component SSR]
    ./Documents/REMUNERACIONES 2026/frontend/src/app/consolidados/[id]/page.tsx [Server Component] 
[browser] ./Documents/REMUNERACIONES 2026/frontend/src/app/consolidados/[id]/page.tsx:529:6
Unterminated regexp literal
  527 |   );
  528 | }
> 529 |     </div>
      |      ^^^^^
  530 |   );
  531 | }
  532 |

Parsing ecmascript source code failed

Import traces:
  Client Component Browser:
    ./Documents/REMUNERACIONES 2026/frontend/src/app/consolidados/[id]/page.tsx [Client Component Browser]
    ./Documents/REMUNERACIONES 2026/frontend/src/app/consolidados/[id]/page.tsx [Server Component]

  Client Component SSR:
    ./Documents/REMUNERACIONES 2026/frontend/src/app/consolidados/[id]/page.tsx [Client Component SSR]
    ./Documents/REMUNERACIONES 2026/frontend/src/app/consolidados/[id]/page.tsx [Server Component] 
[browser] ./Documents/REMUNERACIONES 2026/frontend/src/app/consolidados/[id]/page.tsx:529:5
Expression expected
  527 |   );
  528 | }
> 529 |     </div>
      |     ^
  530 |   );
  531 | }
  532 |

Parsing ecmascript source code failed

Import traces:
  Client Component Browser:
    ./Documents/REMUNERACIONES 2026/frontend/src/app/consolidados/[id]/page.tsx [Client Component Browser]
    ./Documents/REMUNERACIONES 2026/frontend/src/app/consolidados/[id]/page.tsx [Server Component]

  Client Component SSR:
    ./Documents/REMUNERACIONES 2026/frontend/src/app/consolidados/[id]/page.tsx [Client Component SSR]
    ./Documents/REMUNERACIONES 2026/frontend/src/app/consolidados/[id]/page.tsx [Server Component] 
[browser] ./Documents/REMUNERACIONES 2026/frontend/src/app/consolidados/[id]/page.tsx:529:6
Unterminated regexp literal
  527 |   );
  528 | }
> 529 |     </div>
      |      ^^^^^
  530 |   );
  531 | }
  532 |

Parsing ecmascript source code failed

Import traces:
  Client Component Browser:
    ./Documents/REMUNERACIONES 2026/frontend/src/app/consolidados/[id]/page.tsx [Client Component Browser]
    ./Documents/REMUNERACIONES 2026/frontend/src/app/consolidados/[id]/page.tsx [Server Component]

  Client Component SSR:
    ./Documents/REMUNERACIONES 2026/frontend/src/app/consolidados/[id]/page.tsx [Client Component SSR]
    ./Documents/REMUNERACIONES 2026/frontend/src/app/consolidados/[id]/page.tsx [Server Component] 
[browser] ./Documents/REMUNERACIONES 2026/frontend/src/app/consolidados/[id]/page.tsx:529:5
Expression expected
  527 |   );
  528 | }
> 529 |     </div>
      |     ^
  530 |   );
  531 | }
  532 |

Parsing ecmascript source code failed

Import traces:
  Client Component Browser:
    ./Documents/REMUNERACIONES 2026/frontend/src/app/consolidados/[id]/page.tsx [Client Component Browser]
    ./Documents/REMUNERACIONES 2026/frontend/src/app/consolidados/[id]/page.tsx [Server Component]

  Client Component SSR:
    ./Documents/REMUNERACIONES 2026/frontend/src/app/consolidados/[id]/page.tsx [Client Component SSR]
    ./Documents/REMUNERACIONES 2026/frontend/src/app/consolidados/[id]/page.tsx [Server Component] 
[browser] ./Documents/REMUNERACIONES 2026/frontend/src/app/consolidados/[id]/page.tsx:529:6
Unterminated regexp literal
  527 |   );
  528 | }
> 529 |     </div>
      |      ^^^^^
  530 |   );
  531 | }
  532 |

Parsing ecmascript source code failed

Import traces:
  Client Component Browser:
    ./Documents/REMUNERACIONES 2026/frontend/src/app/consolidados/[id]/page.tsx [Client Component Browser]
    ./Documents/REMUNERACIONES 2026/frontend/src/app/consolidados/[id]/page.tsx [Server Component]

  Client Component SSR:
    ./Documents/REMUNERACIONES 2026/frontend/src/app/consolidados/[id]/page.tsx [Client Component SSR]
    ./Documents/REMUNERACIONES 2026/frontend/src/app/consolidados/[id]/page.tsx [Server Component] 
[browser] ./Documents/REMUNERACIONES 2026/frontend/src/app/consolidados/[id]/page.tsx:529:5
Expression expected
  527 |   );
  528 | }
> 529 |     </div>
      |     ^
  530 |   );
  531 | }
  532 |

Parsing ecmascript source code failed

Import traces:
  Client Component Browser:
    ./Documents/REMUNERACIONES 2026/frontend/src/app/consolidados/[id]/page.tsx [Client Component Browser]
    ./Documents/REMUNERACIONES 2026/frontend/src/app/consolidados/[id]/page.tsx [Server Component]

  Client Component SSR:
    ./Documents/REMUNERACIONES 2026/frontend/src/app/consolidados/[id]/page.tsx [Client Component SSR]
    ./Documents/REMUNERACIONES 2026/frontend/src/app/consolidados/[id]/page.tsx [Server Component] 
[browser] ./Documents/REMUNERACIONES 2026/frontend/src/app/consolidados/[id]/page.tsx:529:6
Unterminated regexp literal
  527 |   );
  528 | }
> 529 |     </div>
      |      ^^^^^
  530 |   );
  531 | }
  532 |

Parsing ecmascript source code failed

Import traces:
  Client Component Browser:
    ./Documents/REMUNERACIONES 2026/frontend/src/app/consolidados/[id]/page.tsx [Client Component Browser]
    ./Documents/REMUNERACIONES 2026/frontend/src/app/consolidados/[id]/page.tsx [Server Component]

  Client Component SSR:
    ./Documents/REMUNERACIONES 2026/frontend/src/app/consolidados/[id]/page.tsx [Client Component SSR]
    ./Documents/REMUNERACIONES 2026/frontend/src/app/consolidados/[id]/page.tsx [Server Component] 
[browser] ./Documents/REMUNERACIONES 2026/frontend/src/app/consolidados/[id]/page.tsx:529:5
Expression expected
  527 |   );
  528 | }
> 529 |     </div>
      |     ^
  530 |   );
  531 | }
  532 |

Parsing ecmascript source code failed

Import traces:
  Client Component Browser:
    ./Documents/REMUNERACIONES 2026/frontend/src/app/consolidados/[id]/page.tsx [Client Component Browser]
    ./Documents/REMUNERACIONES 2026/frontend/src/app/consolidados/[id]/page.tsx [Server Component]

  Client Component SSR:
    ./Documents/REMUNERACIONES 2026/frontend/src/app/consolidados/[id]/page.tsx [Client Component SSR]
    ./Documents/REMUNERACIONES 2026/frontend/src/app/consolidados/[id]/page.tsx [Server Component] 
[browser] ./Documents/REMUNERACIONES 2026/frontend/src/app/consolidados/[id]/page.tsx:529:6
Unterminated regexp literal
  527 |   );
  528 | }
> 529 |     </div>
      |      ^^^^^
  530 |   );
  531 | }
  532 |

Parsing ecmascript source code failed

Import traces:
  Client Component Browser:
    ./Documents/REMUNERACIONES 2026/frontend/src/app/consolidados/[id]/page.tsx [Client Component Browser]
    ./Documents/REMUNERACIONES 2026/frontend/src/app/consolidados/[id]/page.tsx [Server Component]

  Client Component SSR:
    ./Documents/REMUNERACIONES 2026/frontend/src/app/consolidados/[id]/page.tsx [Client Component SSR]
    ./Documents/REMUNERACIONES 2026/frontend/src/app/consolidados/[id]/page.tsx [Server Component] 
[browser] ./Documents/REMUNERACIONES 2026/frontend/src/app/consolidados/[id]/page.tsx:529:5
Expression expected
  527 |   );
  528 | }
> 529 |     </div>
      |     ^
  530 |   );
  531 | }
  532 |

Parsing ecmascript source code failed

Import traces:
  Client Component Browser:
    ./Documents/REMUNERACIONES 2026/frontend/src/app/consolidados/[id]/page.tsx [Client Component Browser]
    ./Documents/REMUNERACIONES 2026/frontend/src/app/consolidados/[id]/page.tsx [Server Component]

  Client Component SSR:
    ./Documents/REMUNERACIONES 2026/frontend/src/app/consolidados/[id]/page.tsx [Client Component SSR]
    ./Documents/REMUNERACIONES 2026/frontend/src/app/consolidados/[id]/page.tsx [Server Component] 
[browser] ./Documents/REMUNERACIONES 2026/frontend/src/app/consolidados/[id]/page.tsx:529:6
Unterminated regexp literal
  527 |   );
  528 | }
> 529 |     </div>
      |      ^^^^^
  530 |   );
  531 | }
  532 |

Parsing ecmascript source code failed

Import traces:
  Client Component Browser:
    ./Documents/REMUNERACIONES 2026/frontend/src/app/consolidados/[id]/page.tsx [Client Component Browser]
    ./Documents/REMUNERACIONES 2026/frontend/src/app/consolidados/[id]/page.tsx [Server Component]

  Client Component SSR:
    ./Documents/REMUNERACIONES 2026/frontend/src/app/consolidados/[id]/page.tsx [Client Component SSR]
    ./Documents/REMUNERACIONES 2026/frontend/src/app/consolidados/[id]/page.tsx [Server Component] 
[browser] ./Documents/REMUNERACIONES 2026/frontend/src/app/consolidados/[id]/page.tsx:529:5
Expression expected
  527 |   );
  528 | }
> 529 |     </div>
      |     ^
  530 |   );
  531 | }
  532 |

Parsing ecmascript source code failed

Import traces:
  Client Component Browser:
    ./Documents/REMUNERACIONES 2026/frontend/src/app/consolidados/[id]/page.tsx [Client Component Browser]
    ./Documents/REMUNERACIONES 2026/frontend/src/app/consolidados/[id]/page.tsx [Server Component]

  Client Component SSR:
    ./Documents/REMUNERACIONES 2026/frontend/src/app/consolidados/[id]/page.tsx [Client Component SSR]
    ./Documents/REMUNERACIONES 2026/frontend/src/app/consolidados/[id]/page.tsx [Server Component] 
[browser] ./Documents/REMUNERACIONES 2026/frontend/src/app/consolidados/[id]/page.tsx:529:6
Unterminated regexp literal
  527 |   );
  528 | }
> 529 |     </div>
      |      ^^^^^
  530 |   );
  531 | }
  532 |

Parsing ecmascript source code failed

Import traces:
  Client Component Browser:
    ./Documents/REMUNERACIONES 2026/frontend/src/app/consolidados/[id]/page.tsx [Client Component Browser]
    ./Documents/REMUNERACIONES 2026/frontend/src/app/consolidados/[id]/page.tsx [Server Component]

  Client Component SSR:
    ./Documents/REMUNERACIONES 2026/frontend/src/app/consolidados/[id]/page.tsx [Client Component SSR]
    ./Documents/REMUNERACIONES 2026/frontend/src/app/consolidados/[id]/page.tsx [Server Component] 
[browser] ./Documents/REMUNERACIONES 2026/frontend/src/app/consolidados/[id]/page.tsx:529:5
Expression expected
  527 |   );
  528 | }
> 529 |     </div>
      |     ^
  530 |   );
  531 | }
  532 |

Parsing ecmascript source code failed

Import traces:
  Client Component Browser:
    ./Documents/REMUNERACIONES 2026/frontend/src/app/consolidados/[id]/page.tsx [Client Component Browser]
    ./Documents/REMUNERACIONES 2026/frontend/src/app/consolidados/[id]/page.tsx [Server Component]

  Client Component SSR:
    ./Documents/REMUNERACIONES 2026/frontend/src/app/consolidados/[id]/page.tsx [Client Component SSR]
    ./Documents/REMUNERACIONES 2026/frontend/src/app/consolidados/[id]/page.tsx [Server Component] 
[browser] ./Documents/REMUNERACIONES 2026/frontend/src/app/consolidados/[id]/page.tsx:529:6
Unterminated regexp literal
  527 |   );
  528 | }
> 529 |     </div>
      |      ^^^^^
  530 |   );
  531 | }
  532 |

Parsing ecmascript source code failed

Import traces:
  Client Component Browser:
    ./Documents/REMUNERACIONES 2026/frontend/src/app/consolidados/[id]/page.tsx [Client Component Browser]
    ./Documents/REMUNERACIONES 2026/frontend/src/app/consolidados/[id]/page.tsx [Server Component]

  Client Component SSR:
    ./Documents/REMUNERACIONES 2026/frontend/src/app/consolidados/[id]/page.tsx [Client Component SSR]
    ./Documents/REMUNERACIONES 2026/frontend/src/app/consolidados/[id]/page.tsx [Server Component] 
[browser] ./Documents/REMUNERACIONES 2026/frontend/src/app/consolidados/[id]/page.tsx:529:5
Expression expected
  527 |   );
  528 | }
> 529 |     </div>
      |     ^
  530 |   );
  531 | }
  532 |

Parsing ecmascript source code failed

Import traces:
  Client Component Browser:
    ./Documents/REMUNERACIONES 2026/frontend/src/app/consolidados/[id]/page.tsx [Client Component Browser]
    ./Documents/REMUNERACIONES 2026/frontend/src/app/consolidados/[id]/page.tsx [Server Component]

  Client Component SSR:
    ./Documents/REMUNERACIONES 2026/frontend/src/app/consolidados/[id]/page.tsx [Client Component SSR]
    ./Documents/REMUNERACIONES 2026/frontend/src/app/consolidados/[id]/page.tsx [Server Component] 
[browser] ./Documents/REMUNERACIONES 2026/frontend/src/app/consolidados/[id]/page.tsx:529:6
Unterminated regexp literal
  527 |   );
  528 | }
> 529 |     </div>
      |      ^^^^^
  530 |   );
  531 | }
  532 |

Parsing ecmascript source code failed

Import traces:
  Client Component Browser:
    ./Documents/REMUNERACIONES 2026/frontend/src/app/consolidados/[id]/page.tsx [Client Component Browser]
    ./Documents/REMUNERACIONES 2026/frontend/src/app/consolidados/[id]/page.tsx [Server Component]

  Client Component SSR:
    ./Documents/REMUNERACIONES 2026/frontend/src/app/consolidados/[id]/page.tsx [Client Component SSR]
    ./Documents/REMUNERACIONES 2026/frontend/src/app/consolidados/[id]/page.tsx [Server Component] 
[browser] ./Documents/REMUNERACIONES 2026/frontend/src/app/consolidados/[id]/page.tsx:529:5
Expression expected
  527 |   );
  528 | }
> 529 |     </div>
      |     ^
  530 |   );
  531 | }
  532 |

Parsing ecmascript source code failed

Import traces:
  Client Component Browser:
    ./Documents/REMUNERACIONES 2026/frontend/src/app/consolidados/[id]/page.tsx [Client Component Browser]
    ./Documents/REMUNERACIONES 2026/frontend/src/app/consolidados/[id]/page.tsx [Server Component]

  Client Component SSR:
    ./Documents/REMUNERACIONES 2026/frontend/src/app/consolidados/[id]/page.tsx [Client Component SSR]
    ./Documents/REMUNERACIONES 2026/frontend/src/app/consolidados/[id]/page.tsx [Server Component] 
[browser] ./Documents/REMUNERACIONES 2026/frontend/src/app/consolidados/[id]/page.tsx:529:6
Unterminated regexp literal
  527 |   );
  528 | }
> 529 |     </div>
      |      ^^^^^
  530 |   );
  531 | }
  532 |

Parsing ecmascript source code failed

Import traces:
  Client Component Browser:
    ./Documents/REMUNERACIONES 2026/frontend/src/app/consolidados/[id]/page.tsx [Client Component Browser]
    ./Documents/REMUNERACIONES 2026/frontend/src/app/consolidados/[id]/page.tsx [Server Component]

  Client Component SSR:
    ./Documents/REMUNERACIONES 2026/frontend/src/app/consolidados/[id]/page.tsx [Client Component SSR]
    ./Documents/REMUNERACIONES 2026/frontend/src/app/consolidados/[id]/page.tsx [Server Component] 
[browser] ./Documents/REMUNERACIONES 2026/frontend/src/app/consolidados/[id]/page.tsx:529:5
Expression expected
  527 |   );
  528 | }
> 529 |     </div>
      |     ^
  530 |   );
  531 | }
  532 |

Parsing ecmascript source code failed

Import traces:
  Client Component Browser:
    ./Documents/REMUNERACIONES 2026/frontend/src/app/consolidados/[id]/page.tsx [Client Component Browser]
    ./Documents/REMUNERACIONES 2026/frontend/src/app/consolidados/[id]/page.tsx [Server Component]

  Client Component SSR:
    ./Documents/REMUNERACIONES 2026/frontend/src/app/consolidados/[id]/page.tsx [Client Component SSR]
    ./Documents/REMUNERACIONES 2026/frontend/src/app/consolidados/[id]/page.tsx [Server Component] 
[browser] ./Documents/REMUNERACIONES 2026/frontend/src/app/consolidados/[id]/page.tsx:529:6
Unterminated regexp literal
  527 |   );
  528 | }
> 529 |     </div>
      |      ^^^^^
  530 |   );
  531 | }
  532 |

Parsing ecmascript source code failed

Import traces:
  Client Component Browser:
    ./Documents/REMUNERACIONES 2026/frontend/src/app/consolidados/[id]/page.tsx [Client Component Browser]
    ./Documents/REMUNERACIONES 2026/frontend/src/app/consolidados/[id]/page.tsx [Server Component]

  Client Component SSR:
    ./Documents/REMUNERACIONES 2026/frontend/src/app/consolidados/[id]/page.tsx [Client Component SSR]
    ./Documents/REMUNERACIONES 2026/frontend/src/app/consolidados/[id]/page.tsx [Server Component] 
[browser] ./Documents/REMUNERACIONES 2026/frontend/src/app/consolidados/[id]/page.tsx:529:5
Expression expected
  527 |   );
  528 | }
> 529 |     </div>
      |     ^
  530 |   );
  531 | }
  532 |

Parsing ecmascript source code failed

Import traces:
  Client Component Browser:
    ./Documents/REMUNERACIONES 2026/frontend/src/app/consolidados/[id]/page.tsx [Client Component Browser]
    ./Documents/REMUNERACIONES 2026/frontend/src/app/consolidados/[id]/page.tsx [Server Component]

  Client Component SSR:
    ./Documents/REMUNERACIONES 2026/frontend/src/app/consolidados/[id]/page.tsx [Client Component SSR]
    ./Documents/REMUNERACIONES 2026/frontend/src/app/consolidados/[id]/page.tsx [Server Component] 
[browser] ./Documents/REMUNERACIONES 2026/frontend/src/app/consolidados/[id]/page.tsx:529:6
Unterminated regexp literal
  527 |   );
  528 | }
> 529 |     </div>
      |      ^^^^^
  530 |   );
  531 | }
  532 |

Parsing ecmascript source code failed

Import traces:
  Client Component Browser:
    ./Documents/REMUNERACIONES 2026/frontend/src/app/consolidados/[id]/page.tsx [Client Component Browser]
    ./Documents/REMUNERACIONES 2026/frontend/src/app/consolidados/[id]/page.tsx [Server Component]

  Client Component SSR:
    ./Documents/REMUNERACIONES 2026/frontend/src/app/consolidados/[id]/page.tsx [Client Component SSR]
    ./Documents/REMUNERACIONES 2026/frontend/src/app/consolidados/[id]/page.tsx [Server Component] 
[browser] ./Documents/REMUNERACIONES 2026/frontend/src/app/consolidados/[id]/page.tsx:529:5
Expression expected
  527 |   );
  528 | }
> 529 |     </div>
      |     ^
  530 |   );
  531 | }
  532 |

Parsing ecmascript source code failed

Import traces:
  Client Component Browser:
    ./Documents/REMUNERACIONES 2026/frontend/src/app/consolidados/[id]/page.tsx [Client Component Browser]
    ./Documents/REMUNERACIONES 2026/frontend/src/app/consolidados/[id]/page.tsx [Server Component]

  Client Component SSR:
    ./Documents/REMUNERACIONES 2026/frontend/src/app/consolidados/[id]/page.tsx [Client Component SSR]
    ./Documents/REMUNERACIONES 2026/frontend/src/app/consolidados/[id]/page.tsx [Server Component] 
[browser] ./Documents/REMUNERACIONES 2026/frontend/src/app/consolidados/[id]/page.tsx:529:6
Unterminated regexp literal
  527 |   );
  528 | }
> 529 |     </div>
      |      ^^^^^
  530 |   );
  531 | }
  532 |

Parsing ecmascript source code failed

Import traces:
  Client Component Browser:
    ./Documents/REMUNERACIONES 2026/frontend/src/app/consolidados/[id]/page.tsx [Client Component Browser]
    ./Documents/REMUNERACIONES 2026/frontend/src/app/consolidados/[id]/page.tsx [Server Component]

  Client Component SSR:
    ./Documents/REMUNERACIONES 2026/frontend/src/app/consolidados/[id]/page.tsx [Client Component SSR]
    ./Documents/REMUNERACIONES 2026/frontend/src/app/consolidados/[id]/page.tsx [Server Component] 
 GET /asdf 500 in 331ms (next.js: 212ms, application-code: 120ms)
[browser] ./Documents/REMUNERACIONES 2026/frontend/src/app/consolidados/[id]/page.tsx:529:5
Expression expected
  527 |   );
  528 | }
> 529 |     </div>
      |     ^
  530 |   );
  531 | }
  532 |

Parsing ecmascript source code failed

Import traces:
  Client Component Browser:
    ./Documents/REMUNERACIONES 2026/frontend/src/app/consolidados/[id]/page.tsx [Client Component Browser]
    ./Documents/REMUNERACIONES 2026/frontend/src/app/consolidados/[id]/page.tsx [Server Component]

  Client Component SSR:
    ./Documents/REMUNERACIONES 2026/frontend/src/app/consolidados/[id]/page.tsx [Client Component SSR]
    ./Documents/REMUNERACIONES 2026/frontend/src/app/consolidados/[id]/page.tsx [Server Component] 
[browser] ./Documents/REMUNERACIONES 2026/frontend/src/app/consolidados/[id]/page.tsx:529:6
Unterminated regexp literal
  527 |   );
  528 | }
> 529 |     </div>
      |      ^^^^^
  530 |   );
  531 | }
  532 |

Parsing ecmascript source code failed

Import traces:
  Client Component Browser:
    ./Documents/REMUNERACIONES 2026/frontend/src/app/consolidados/[id]/page.tsx [Client Component Browser]
    ./Documents/REMUNERACIONES 2026/frontend/src/app/consolidados/[id]/page.tsx [Server Component]

  Client Component SSR:
    ./Documents/REMUNERACIONES 2026/frontend/src/app/consolidados/[id]/page.tsx [Client Component SSR]
    ./Documents/REMUNERACIONES 2026/frontend/src/app/consolidados/[id]/page.tsx [Server Component] 
[browser] Uncaught Error: ./Documents/REMUNERACIONES 2026/frontend/src/app/consolidados/[id]/page.tsx:529:5
Expression expected
  527 |   );
  528 | }
> 529 |     </div>
      |     ^
  530 |   );
  531 | }
  532 |

Parsing ecmascript source code failed

Import traces:
  Client Component Browser:
    ./Documents/REMUNERACIONES 2026/frontend/src/app/consolidados/[id]/page.tsx [Client Component Browser]
    ./Documents/REMUNERACIONES 2026/frontend/src/app/consolidados/[id]/page.tsx [Server Component]

  Client Component SSR:
    ./Documents/REMUNERACIONES 2026/frontend/src/app/consolidados/[id]/page.tsx [Client Component SSR]
    ./Documents/REMUNERACIONES 2026/frontend/src/app/consolidados/[id]/page.tsx [Server Component]


    at <unknown> (Error: ./Documents/REMUNERACIONES 2026/frontend/src/app/consolidados/[id]/page.tsx:529:5)
    at <unknown> (Error: (./Documents/REMUNERACIONES 2026/frontend/src/app/consolidados/[id]/page.tsx:529:5)
[browser] ./Documents/REMUNERACIONES 2026/frontend/src/app/consolidados/[id]/page.tsx:529:5
Expression expected
  527 |   );
  528 | }
> 529 |     </div>
      |     ^
  530 |   );
  531 | }
  532 |

Parsing ecmascript source code failed

Import traces:
  Client Component Browser:
    ./Documents/REMUNERACIONES 2026/frontend/src/app/consolidados/[id]/page.tsx [Client Component Browser]
    ./Documents/REMUNERACIONES 2026/frontend/src/app/consolidados/[id]/page.tsx [Server Component]

  Client Component SSR:
    ./Documents/REMUNERACIONES 2026/frontend/src/app/consolidados/[id]/page.tsx [Client Component SSR]
    ./Documents/REMUNERACIONES 2026/frontend/src/app/consolidados/[id]/page.tsx [Server Component] 
[browser] ./Documents/REMUNERACIONES 2026/frontend/src/app/consolidados/[id]/page.tsx:529:6
Unterminated regexp literal
  527 |   );
  528 | }
> 529 |     </div>
      |      ^^^^^
  530 |   );
  531 | }
  532 |

Parsing ecmascript source code failed

Import traces:
  Client Component Browser:
    ./Documents/REMUNERACIONES 2026/frontend/src/app/consolidados/[id]/page.tsx [Client Component Browser]
    ./Documents/REMUNERACIONES 2026/frontend/src/app/consolidados/[id]/page.tsx [Server Component]

  Client Component SSR:
    ./Documents/REMUNERACIONES 2026/frontend/src/app/consolidados/[id]/page.tsx [Client Component SSR]
    ./Documents/REMUNERACIONES 2026/frontend/src/app/consolidados/[id]/page.tsx [Server Component] 
[browser] ./Documents/REMUNERACIONES 2026/frontend/src/app/consolidados/[id]/page.tsx:529:5
Expression expected
  527 |   );
  528 | }
> 529 |     </div>
      |     ^
  530 |   );
  531 | }
  532 |

Parsing ecmascript source code failed

Import traces:
  Client Component Browser:
    ./Documents/REMUNERACIONES 2026/frontend/src/app/consolidados/[id]/page.tsx [Client Component Browser]
    ./Documents/REMUNERACIONES 2026/frontend/src/app/consolidados/[id]/page.tsx [Server Component]

  Client Component SSR:
    ./Documents/REMUNERACIONES 2026/frontend/src/app/consolidados/[id]/page.tsx [Client Component SSR]
    ./Documents/REMUNERACIONES 2026/frontend/src/app/consolidados/[id]/page.tsx [Server Component] 
[browser] ./Documents/REMUNERACIONES 2026/frontend/src/app/consolidados/[id]/page.tsx:529:6
Unterminated regexp literal
  527 |   );
  528 | }
> 529 |     </div>
      |      ^^^^^
  530 |   );
  531 | }
  532 |

Parsing ecmascript source code failed

Import traces:
  Client Component Browser:
    ./Documents/REMUNERACIONES 2026/frontend/src/app/consolidados/[id]/page.tsx [Client Component Browser]
    ./Documents/REMUNERACIONES 2026/frontend/src/app/consolidados/[id]/page.tsx [Server Component]

  Client Component SSR:
    ./Documents/REMUNERACIONES 2026/frontend/src/app/consolidados/[id]/page.tsx [Client Component SSR]
    ./Documents/REMUNERACIONES 2026/frontend/src/app/consolidados/[id]/page.tsx [Server Component] 
[browser] ./Documents/REMUNERACIONES 2026/frontend/src/app/consolidados/[id]/page.tsx:529:5
Expression expected
  527 |   );
  528 | }
> 529 |     </div>
      |     ^
  530 |   );
  531 | }
  532 |

Parsing ecmascript source code failed

Import traces:
  Client Component Browser:
    ./Documents/REMUNERACIONES 2026/frontend/src/app/consolidados/[id]/page.tsx [Client Component Browser]
    ./Documents/REMUNERACIONES 2026/frontend/src/app/consolidados/[id]/page.tsx [Server Component]

  Client Component SSR:
    ./Documents/REMUNERACIONES 2026/frontend/src/app/consolidados/[id]/page.tsx [Client Component SSR]
    ./Documents/REMUNERACIONES 2026/frontend/src/app/consolidados/[id]/page.tsx [Server Component] 
[browser] ./Documents/REMUNERACIONES 2026/frontend/src/app/consolidados/[id]/page.tsx:529:6
Unterminated regexp literal
  527 |   );
  528 | }
> 529 |     </div>
      |      ^^^^^
  530 |   );
  531 | }
  532 |

Parsing ecmascript source code failed

Import traces:
  Client Component Browser:
    ./Documents/REMUNERACIONES 2026/frontend/src/app/consolidados/[id]/page.tsx [Client Component Browser]
    ./Documents/REMUNERACIONES 2026/frontend/src/app/consolidados/[id]/page.tsx [Server Component]

  Client Component SSR:
    ./Documents/REMUNERACIONES 2026/frontend/src/app/consolidados/[id]/page.tsx [Client Component SSR]
    ./Documents/REMUNERACIONES 2026/frontend/src/app/consolidados/[id]/page.tsx [Server Component] 
[browser] ./Documents/REMUNERACIONES 2026/frontend/src/app/consolidados/[id]/page.tsx:529:5
Expression expected
  527 |   );
  528 | }
> 529 |     </div>
      |     ^
  530 |   );
  531 | }
  532 |

Parsing ecmascript source code failed

Import traces:
  Client Component Browser:
    ./Documents/REMUNERACIONES 2026/frontend/src/app/consolidados/[id]/page.tsx [Client Component Browser]
    ./Documents/REMUNERACIONES 2026/frontend/src/app/consolidados/[id]/page.tsx [Server Component]

  Client Component SSR:
    ./Documents/REMUNERACIONES 2026/frontend/src/app/consolidados/[id]/page.tsx [Client Component SSR]
    ./Documents/REMUNERACIONES 2026/frontend/src/app/consolidados/[id]/page.tsx [Server Component] 
[browser] ./Documents/REMUNERACIONES 2026/frontend/src/app/consolidados/[id]/page.tsx:529:6
Unterminated regexp literal
  527 |   );
  528 | }
> 529 |     </div>
      |      ^^^^^
  530 |   );
  531 | }
  532 |

Parsing ecmascript source code failed

Import traces:
  Client Component Browser:
    ./Documents/REMUNERACIONES 2026/frontend/src/app/consolidados/[id]/page.tsx [Client Component Browser]
    ./Documents/REMUNERACIONES 2026/frontend/src/app/consolidados/[id]/page.tsx [Server Component]

  Client Component SSR:
    ./Documents/REMUNERACIONES 2026/frontend/src/app/consolidados/[id]/page.tsx [Client Component SSR]
    ./Documents/REMUNERACIONES 2026/frontend/src/app/consolidados/[id]/page.tsx [Server Component] 
[browser] ./Documents/REMUNERACIONES 2026/frontend/src/app/consolidados/[id]/page.tsx:529:5
Expression expected
  527 |   );
  528 | }
> 529 |     </div>
      |     ^
  530 |   );
  531 | }
  532 |

Parsing ecmascript source code failed

Import traces:
  Client Component Browser:
    ./Documents/REMUNERACIONES 2026/frontend/src/app/consolidados/[id]/page.tsx [Client Component Browser]
    ./Documents/REMUNERACIONES 2026/frontend/src/app/consolidados/[id]/page.tsx [Server Component]

  Client Component SSR:
    ./Documents/REMUNERACIONES 2026/frontend/src/app/consolidados/[id]/page.tsx [Client Component SSR]
    ./Documents/REMUNERACIONES 2026/frontend/src/app/consolidados/[id]/page.tsx [Server Component] 
[browser] ./Documents/REMUNERACIONES 2026/frontend/src/app/consolidados/[id]/page.tsx:529:6
Unterminated regexp literal
  527 |   );
  528 | }
> 529 |     </div>
      |      ^^^^^
  530 |   );
  531 | }
  532 |

Parsing ecmascript source code failed

Import traces:
  Client Component Browser:
    ./Documents/REMUNERACIONES 2026/frontend/src/app/consolidados/[id]/page.tsx [Client Component Browser]
    ./Documents/REMUNERACIONES 2026/frontend/src/app/consolidados/[id]/page.tsx [Server Component]

  Client Component SSR:
    ./Documents/REMUNERACIONES 2026/frontend/src/app/consolidados/[id]/page.tsx [Client Component SSR]
    ./Documents/REMUNERACIONES 2026/frontend/src/app/consolidados/[id]/page.tsx [Server Component] 
[browser] ./Documents/REMUNERACIONES 2026/frontend/src/app/consolidados/[id]/page.tsx:529:5
Expression expected
  527 |   );
  528 | }
> 529 |     </div>
      |     ^
  530 |   );
  531 | }
  532 |

Parsing ecmascript source code failed

Import traces:
  Client Component Browser:
    ./Documents/REMUNERACIONES 2026/frontend/src/app/consolidados/[id]/page.tsx [Client Component Browser]
    ./Documents/REMUNERACIONES 2026/frontend/src/app/consolidados/[id]/page.tsx [Server Component]

  Client Component SSR:
    ./Documents/REMUNERACIONES 2026/frontend/src/app/consolidados/[id]/page.tsx [Client Component SSR]
    ./Documents/REMUNERACIONES 2026/frontend/src/app/consolidados/[id]/page.tsx [Server Component] 
[browser] ./Documents/REMUNERACIONES 2026/frontend/src/app/consolidados/[id]/page.tsx:529:6
Unterminated regexp literal
  527 |   );
  528 | }
> 529 |     </div>
      |      ^^^^^
  530 |   );
  531 | }
  532 |

Parsing ecmascript source code failed

Import traces:
  Client Component Browser:
    ./Documents/REMUNERACIONES 2026/frontend/src/app/consolidados/[id]/page.tsx [Client Component Browser]
    ./Documents/REMUNERACIONES 2026/frontend/src/app/consolidados/[id]/page.tsx [Server Component]

  Client Component SSR:
    ./Documents/REMUNERACIONES 2026/frontend/src/app/consolidados/[id]/page.tsx [Client Component SSR]
    ./Documents/REMUNERACIONES 2026/frontend/src/app/consolidados/[id]/page.tsx [Server Component] 
[browser] ./Documents/REMUNERACIONES 2026/frontend/src/app/consolidados/[id]/page.tsx:529:5
Expression expected
  527 |   );
  528 | }
> 529 |     </div>
      |     ^
  530 |   );
  531 | }
  532 |

Parsing ecmascript source code failed

Import traces:
  Client Component Browser:
    ./Documents/REMUNERACIONES 2026/frontend/src/app/consolidados/[id]/page.tsx [Client Component Browser]
    ./Documents/REMUNERACIONES 2026/frontend/src/app/consolidados/[id]/page.tsx [Server Component]

  Client Component SSR:
    ./Documents/REMUNERACIONES 2026/frontend/src/app/consolidados/[id]/page.tsx [Client Component SSR]
    ./Documents/REMUNERACIONES 2026/frontend/src/app/consolidados/[id]/page.tsx [Server Component] 
[browser] ./Documents/REMUNERACIONES 2026/frontend/src/app/consolidados/[id]/page.tsx:529:6
Unterminated regexp literal
  527 |   );
  528 | }
> 529 |     </div>
      |      ^^^^^
  530 |   );
  531 | }
  532 |

Parsing ecmascript source code failed

Import traces:
  Client Component Browser:
    ./Documents/REMUNERACIONES 2026/frontend/src/app/consolidados/[id]/page.tsx [Client Component Browser]
    ./Documents/REMUNERACIONES 2026/frontend/src/app/consolidados/[id]/page.tsx [Server Component]

  Client Component SSR:
    ./Documents/REMUNERACIONES 2026/frontend/src/app/consolidados/[id]/page.tsx [Client Component SSR]
    ./Documents/REMUNERACIONES 2026/frontend/src/app/consolidados/[id]/page.tsx [Server Component] 
[browser] ./Documents/REMUNERACIONES 2026/frontend/src/app/consolidados/[id]/page.tsx:529:5
Expression expected
  527 |   );
  528 | }
> 529 |     </div>
      |     ^
  530 |   );
  531 | }
  532 |

Parsing ecmascript source code failed

Import traces:
  Client Component Browser:
    ./Documents/REMUNERACIONES 2026/frontend/src/app/consolidados/[id]/page.tsx [Client Component Browser]
    ./Documents/REMUNERACIONES 2026/frontend/src/app/consolidados/[id]/page.tsx [Server Component]

  Client Component SSR:
    ./Documents/REMUNERACIONES 2026/frontend/src/app/consolidados/[id]/page.tsx [Client Component SSR]
    ./Documents/REMUNERACIONES 2026/frontend/src/app/consolidados/[id]/page.tsx [Server Component] 
[browser] ./Documents/REMUNERACIONES 2026/frontend/src/app/consolidados/[id]/page.tsx:529:6
Unterminated regexp literal
  527 |   );
  528 | }
> 529 |     </div>
      |      ^^^^^
  530 |   );
  531 | }
  532 |

Parsing ecmascript source code failed

Import traces:
  Client Component Browser:
    ./Documents/REMUNERACIONES 2026/frontend/src/app/consolidados/[id]/page.tsx [Client Component Browser]
    ./Documents/REMUNERACIONES 2026/frontend/src/app/consolidados/[id]/page.tsx [Server Component]

  Client Component SSR:
    ./Documents/REMUNERACIONES 2026/frontend/src/app/consolidados/[id]/page.tsx [Client Component SSR]
    ./Documents/REMUNERACIONES 2026/frontend/src/app/consolidados/[id]/page.tsx [Server Component] 
[browser] ./Documents/REMUNERACIONES 2026/frontend/src/app/consolidados/[id]/page.tsx:529:5
Expression expected
  527 |   );
  528 | }
> 529 |     </div>
      |     ^
  530 |   );
  531 | }
  532 |

Parsing ecmascript source code failed

Import traces:
  Client Component Browser:
    ./Documents/REMUNERACIONES 2026/frontend/src/app/consolidados/[id]/page.tsx [Client Component Browser]
    ./Documents/REMUNERACIONES 2026/frontend/src/app/consolidados/[id]/page.tsx [Server Component]

  Client Component SSR:
    ./Documents/REMUNERACIONES 2026/frontend/src/app/consolidados/[id]/page.tsx [Client Component SSR]
    ./Documents/REMUNERACIONES 2026/frontend/src/app/consolidados/[id]/page.tsx [Server Component] 
[browser] ./Documents/REMUNERACIONES 2026/frontend/src/app/consolidados/[id]/page.tsx:529:6
Unterminated regexp literal
  527 |   );
  528 | }
> 529 |     </div>
      |      ^^^^^
  530 |   );
  531 | }
  532 |

Parsing ecmascript source code failed

Import traces:
  Client Component Browser:
    ./Documents/REMUNERACIONES 2026/frontend/src/app/consolidados/[id]/page.tsx [Client Component Browser]
    ./Documents/REMUNERACIONES 2026/frontend/src/app/consolidados/[id]/page.tsx [Server Component]

  Client Component SSR:
    ./Documents/REMUNERACIONES 2026/frontend/src/app/consolidados/[id]/page.tsx [Client Component SSR]
    ./Documents/REMUNERACIONES 2026/frontend/src/app/consolidados/[id]/page.tsx [Server Component] 
[browser] ./Documents/REMUNERACIONES 2026/frontend/src/app/consolidados/[id]/page.tsx:529:5
Expression expected
  527 |   );
  528 | }
> 529 |     </div>
      |     ^
  530 |   );
  531 | }
  532 |

Parsing ecmascript source code failed

Import traces:
  Client Component Browser:
    ./Documents/REMUNERACIONES 2026/frontend/src/app/consolidados/[id]/page.tsx [Client Component Browser]
    ./Documents/REMUNERACIONES 2026/frontend/src/app/consolidados/[id]/page.tsx [Server Component]

  Client Component SSR:
    ./Documents/REMUNERACIONES 2026/frontend/src/app/consolidados/[id]/page.tsx [Client Component SSR]
    ./Documents/REMUNERACIONES 2026/frontend/src/app/consolidados/[id]/page.tsx [Server Component] 
[browser] ./Documents/REMUNERACIONES 2026/frontend/src/app/consolidados/[id]/page.tsx:529:6
Unterminated regexp literal
  527 |   );
  528 | }
> 529 |     </div>
      |      ^^^^^
  530 |   );
  531 | }
  532 |

Parsing ecmascript source code failed

Import traces:
  Client Component Browser:
    ./Documents/REMUNERACIONES 2026/frontend/src/app/consolidados/[id]/page.tsx [Client Component Browser]
    ./Documents/REMUNERACIONES 2026/frontend/src/app/consolidados/[id]/page.tsx [Server Component]

  Client Component SSR:
    ./Documents/REMUNERACIONES 2026/frontend/src/app/consolidados/[id]/page.tsx [Client Component SSR]
    ./Documents/REMUNERACIONES 2026/frontend/src/app/consolidados/[id]/page.tsx [Server Component] 
[browser] ./Documents/REMUNERACIONES 2026/frontend/src/app/consolidados/[id]/page.tsx:529:5
Expression expected
  527 |   );
  528 | }
> 529 |     </div>
      |     ^
  530 |   );
  531 | }
  532 |

Parsing ecmascript source code failed

Import traces:
  Client Component Browser:
    ./Documents/REMUNERACIONES 2026/frontend/src/app/consolidados/[id]/page.tsx [Client Component Browser]
    ./Documents/REMUNERACIONES 2026/frontend/src/app/consolidados/[id]/page.tsx [Server Component]

  Client Component SSR:
    ./Documents/REMUNERACIONES 2026/frontend/src/app/consolidados/[id]/page.tsx [Client Component SSR]
    ./Documents/REMUNERACIONES 2026/frontend/src/app/consolidados/[id]/page.tsx [Server Component] 
[browser] ./Documents/REMUNERACIONES 2026/frontend/src/app/consolidados/[id]/page.tsx:529:6
Unterminated regexp literal
  527 |   );
  528 | }
> 529 |     </div>
      |      ^^^^^
  530 |   );
  531 | }
  532 |

Parsing ecmascript source code failed

Import traces:
  Client Component Browser:
    ./Documents/REMUNERACIONES 2026/frontend/src/app/consolidados/[id]/page.tsx [Client Component Browser]
    ./Documents/REMUNERACIONES 2026/frontend/src/app/consolidados/[id]/page.tsx [Server Component]

  Client Component SSR:
    ./Documents/REMUNERACIONES 2026/frontend/src/app/consolidados/[id]/page.tsx [Client Component SSR]
    ./Documents/REMUNERACIONES 2026/frontend/src/app/consolidados/[id]/page.tsx [Server Component] 
[browser] ./Documents/REMUNERACIONES 2026/frontend/src/app/consolidados/[id]/page.tsx:529:5
Expression expected
  527 |   );
  528 | }
> 529 |     </div>
      |     ^
  530 |   );
  531 | }
  532 |

Parsing ecmascript source code failed

Import traces:
  Client Component Browser:
    ./Documents/REMUNERACIONES 2026/frontend/src/app/consolidados/[id]/page.tsx [Client Component Browser]
    ./Documents/REMUNERACIONES 2026/frontend/src/app/consolidados/[id]/page.tsx [Server Component]

  Client Component SSR:
    ./Documents/REMUNERACIONES 2026/frontend/src/app/consolidados/[id]/page.tsx [Client Component SSR]
    ./Documents/REMUNERACIONES 2026/frontend/src/app/consolidados/[id]/page.tsx [Server Component] 
[browser] ./Documents/REMUNERACIONES 2026/frontend/src/app/consolidados/[id]/page.tsx:529:6
Unterminated regexp literal
  527 |   );
  528 | }
> 529 |     </div>
      |      ^^^^^
  530 |   );
  531 | }
  532 |

Parsing ecmascript source code failed

Import traces:
  Client Component Browser:
    ./Documents/REMUNERACIONES 2026/frontend/src/app/consolidados/[id]/page.tsx [Client Component Browser]
    ./Documents/REMUNERACIONES 2026/frontend/src/app/consolidados/[id]/page.tsx [Server Component]

  Client Component SSR:
    ./Documents/REMUNERACIONES 2026/frontend/src/app/consolidados/[id]/page.tsx [Client Component SSR]
    ./Documents/REMUNERACIONES 2026/frontend/src/app/consolidados/[id]/page.tsx [Server Component] 
[browser] ./Documents/REMUNERACIONES 2026/frontend/src/app/consolidados/[id]/page.tsx:529:5
Expression expected
  527 |   );
  528 | }
> 529 |     </div>
      |     ^
  530 |   );
  531 | }
  532 |

Parsing ecmascript source code failed

Import traces:
  Client Component Browser:
    ./Documents/REMUNERACIONES 2026/frontend/src/app/consolidados/[id]/page.tsx [Client Component Browser]
    ./Documents/REMUNERACIONES 2026/frontend/src/app/consolidados/[id]/page.tsx [Server Component]

  Client Component SSR:
    ./Documents/REMUNERACIONES 2026/frontend/src/app/consolidados/[id]/page.tsx [Client Component SSR]
    ./Documents/REMUNERACIONES 2026/frontend/src/app/consolidados/[id]/page.tsx [Server Component] 
[browser] ./Documents/REMUNERACIONES 2026/frontend/src/app/consolidados/[id]/page.tsx:529:6
Unterminated regexp literal
  527 |   );
  528 | }
> 529 |     </div>
      |      ^^^^^
  530 |   );
  531 | }
  532 |

Parsing ecmascript source code failed

Import traces:
  Client Component Browser:
    ./Documents/REMUNERACIONES 2026/frontend/src/app/consolidados/[id]/page.tsx [Client Component Browser]
    ./Documents/REMUNERACIONES 2026/frontend/src/app/consolidados/[id]/page.tsx [Server Component]

  Client Component SSR:
    ./Documents/REMUNERACIONES 2026/frontend/src/app/consolidados/[id]/page.tsx [Client Component SSR]
    ./Documents/REMUNERACIONES 2026/frontend/src/app/consolidados/[id]/page.tsx [Server Component] 
[browser] ./Documents/REMUNERACIONES 2026/frontend/src/app/consolidados/[id]/page.tsx:529:5
Expression expected
  527 |   );
  528 | }
> 529 |     </div>
      |     ^
  530 |   );
  531 | }
  532 |

Parsing ecmascript source code failed

Import traces:
  Client Component Browser:
    ./Documents/REMUNERACIONES 2026/frontend/src/app/consolidados/[id]/page.tsx [Client Component Browser]
    ./Documents/REMUNERACIONES 2026/frontend/src/app/consolidados/[id]/page.tsx [Server Component]

  Client Component SSR:
    ./Documents/REMUNERACIONES 2026/frontend/src/app/consolidados/[id]/page.tsx [Client Component SSR]
    ./Documents/REMUNERACIONES 2026/frontend/src/app/consolidados/[id]/page.tsx [Server Component] 
[browser] ./Documents/REMUNERACIONES 2026/frontend/src/app/consolidados/[id]/page.tsx:529:6
Unterminated regexp literal
  527 |   );
  528 | }
> 529 |     </div>
      |      ^^^^^
  530 |   );
  531 | }
  532 |

Parsing ecmascript source code failed

Import traces:
  Client Component Browser:
    ./Documents/REMUNERACIONES 2026/frontend/src/app/consolidados/[id]/page.tsx [Client Component Browser]
    ./Documents/REMUNERACIONES 2026/frontend/src/app/consolidados/[id]/page.tsx [Server Component]

  Client Component SSR:
    ./Documents/REMUNERACIONES 2026/frontend/src/app/consolidados/[id]/page.tsx [Client Component SSR]
    ./Documents/REMUNERACIONES 2026/frontend/src/app/consolidados/[id]/page.tsx [Server Component] 
✓ Compiled in 1649ms
⚠ Fast Refresh had to perform a full reload due to a runtime error.
 GET /configuracion 200 in 1338ms (next.js: 831ms, application-code: 508ms)
 GET / 200 in 441ms (next.js: 55ms, application-code: 386ms)
 GET /consolidados/1 200 in 443ms (next.js: 224ms, application-code: 219ms)
 GET /consolidados/2 200 in 145ms (next.js: 19ms, application-code: 126ms)
 GET /audit-console 404 in 141ms (next.js: 84ms, application-code: 57ms)
 GET /console 404 in 500ms (next.js: 74ms, application-code: 427ms)
 GET /consolidados 200 in 301ms (next.js: 38ms, application-code: 263ms)
 GET /reportes 404 in 333ms (next.js: 97ms, application-code: 237ms)
 GET /asdf 404 in 714ms (next.js: 9ms, application-code: 704ms)
 GET /audit-console 404 in 719ms (next.js: 370ms, application-code: 349ms)
 GET /funcionarios 200 in 224ms (next.js: 120ms, application-code: 104ms)
 GET /console 404 in 428ms (next.js: 22ms, application-code: 406ms)
 GET / 200 in 249ms (next.js: 78ms, application-code: 171ms)
 GET /configuracion 200 in 304ms (next.js: 18ms, application-code: 287ms)
 GET /reportes 404 in 332ms (next.js: 115ms, application-code: 217ms)
 GET /consolidados/1 200 in 151ms (next.js: 16ms, application-code: 134ms)
 GET /consolidados/2 200 in 175ms (next.js: 42ms, application-code: 133ms)
 GET /consolidados 200 in 120ms (next.js: 10ms, application-code: 110ms)
 GET /funcionarios 200 in 119ms (next.js: 3ms, application-code: 116ms)
 GET /configuracion 200 in 182ms (next.js: 10ms, application-code: 173ms)
 GET / 200 in 169ms (next.js: 12ms, application-code: 158ms)
 GET /consolidados 200 in 183ms (next.js: 6ms, application-code: 177ms)
 GET /consolidados/1 200 in 185ms (next.js: 38ms, application-code: 146ms)
 GET /consolidados/2 200 in 121ms (next.js: 5ms, application-code: 117ms)
 GET /funcionarios 200 in 109ms (next.js: 7ms, application-code: 102ms)
 GET /configuracion 200 in 120ms (next.js: 9ms, application-code: 111ms)
 GET / 200 in 115ms (next.js: 6ms, application-code: 108ms)
 GET /consolidados 200 in 127ms (next.js: 12ms, application-code: 115ms)
 GET /funcionarios 200 in 101ms (next.js: 24ms, application-code: 77ms)
 GET /consolidados/1 200 in 108ms (next.js: 11ms, application-code: 97ms)
 GET /consolidados/2 200 in 108ms (next.js: 5ms, application-code: 103ms)
 GET / 200 in 95ms (next.js: 15ms, application-code: 80ms)
 GET /configuracion 200 in 111ms (next.js: 2ms, application-code: 109ms)
 GET /consolidados 200 in 201ms (next.js: 31ms, application-code: 170ms)
 GET /funcionarios 200 in 157ms (next.js: 3ms, application-code: 154ms)
 GET /configuracion 200 in 172ms (next.js: 35ms, application-code: 138ms)
 GET / 200 in 147ms (next.js: 11ms, application-code: 136ms)
 GET /consolidados/1 200 in 202ms (next.js: 3ms, application-code: 199ms)
 GET /consolidados/2 200 in 433ms (next.js: 29ms, application-code: 403ms)
 GET /configuracion 200 in 619ms (next.js: 45ms, application-code: 574ms)
 GET /consolidados/1 200 in 593ms (next.js: 195ms, application-code: 398ms)
 GET / 200 in 305ms (next.js: 14ms, application-code: 291ms)
 GET /configuracion 200 in 251ms (next.js: 17ms, application-code: 234ms)
 GET / 200 in 276ms (next.js: 31ms, application-code: 246ms)
 GET /consolidados/1 200 in 353ms (next.js: 3ms, application-code: 350ms)
 GET /configuracion 200 in 336ms (next.js: 7ms, application-code: 329ms)
 GET / 200 in 268ms (next.js: 49ms, application-code: 219ms)
 GET /configuracion 200 in 206ms (next.js: 57ms, application-code: 149ms)
 GET /consolidados/1 200 in 210ms (next.js: 26ms, application-code: 184ms)
 GET / 200 in 145ms (next.js: 11ms, application-code: 133ms)
 GET /consolidados/1 200 in 132ms (next.js: 9ms, application-code: 124ms)
 GET /consolidados/1 200 in 115ms (next.js: 10ms, application-code: 105ms)
 GET /consolidados/1 200 in 184ms (next.js: 12ms, application-code: 173ms)
 GET /consolidados/1 200 in 221ms (next.js: 22ms, application-code: 200ms)
 GET /consolidados/1 200 in 360ms (next.js: 17ms, application-code: 343ms)
 GET /consolidados/1 200 in 240ms (next.js: 32ms, application-code: 208ms)
 GET /consolidados/1 200 in 313ms (next.js: 18ms, application-code: 295ms)
 GET /consolidados/1 200 in 296ms (next.js: 36ms, application-code: 260ms)
 GET /consolidados/1 200 in 230ms (next.js: 16ms, application-code: 214ms)
 GET /consolidados/1 200 in 185ms (next.js: 3ms, application-code: 182ms)
 GET /consolidados/1 200 in 164ms (next.js: 15ms, application-code: 149ms)
 GET /consolidados/1 200 in 117ms (next.js: 4ms, application-code: 113ms)
 GET /consolidados/1 200 in 155ms (next.js: 5ms, application-code: 150ms)
 GET /consolidados/1 200 in 136ms (next.js: 4ms, application-code: 132ms)
 GET /consolidados/1 200 in 29ms (next.js: 3ms, application-code: 26ms)
 GET /consolidados/1 200 in 60ms (next.js: 11ms, application-code: 49ms)
 GET /consolidados/1 200 in 29ms (next.js: 1915µs, application-code: 27ms)
 GET /consolidados/1 200 in 320ms (next.js: 126ms, application-code: 194ms)
 GET /funcionarios 200 in 278ms (next.js: 141ms, application-code: 136ms)
 GET /importar 200 in 146ms (next.js: 105ms, application-code: 42ms)
 GET /reportes 404 in 34ms (next.js: 10ms, application-code: 24ms)
 GET /reportes 404 in 37ms (next.js: 5ms, application-code: 32ms)
 GET /configuracion 200 in 16ms (next.js: 5ms, application-code: 11ms)
 GET /consolidados 200 in 50ms (next.js: 13ms, application-code: 36ms)
✓ Compiled in 1666ms
 GET /consolidados 200 in 1256ms (next.js: 770ms, application-code: 486ms)
 GET /consolidados 200 in 311ms (next.js: 7ms, application-code: 303ms)
 GET /consolidados/2 200 in 319ms (next.js: 201ms, application-code: 118ms)
 GET /consolidados 200 in 105ms (next.js: 43ms, application-code: 62ms)
 GET /consolidados/2 200 in 44ms (next.js: 1837µs, application-code: 42ms)
 GET /consolidados/2 200 in 23ms (next.js: 4ms, application-code: 19ms)
✓ Compiled in 0ms
 GET /consolidados 200 in 713ms (next.js: 512ms, application-code: 202ms)
 GET /consolidados/2 200 in 703ms (next.js: 292ms, application-code: 411ms)
 GET /consolidados 200 in 154ms (next.js: 5ms, application-code: 148ms)
 GET /consolidados/2 200 in 173ms (next.js: 3ms, application-code: 170ms)
 GET /consolidados 200 in 181ms (next.js: 14ms, application-code: 166ms)
 GET /consolidados 200 in 129ms (next.js: 4ms, application-code: 125ms)
 GET /consolidados/2 200 in 121ms (next.js: 4ms, application-code: 118ms)
 GET /consolidados 200 in 121ms (next.js: 43ms, application-code: 79ms)
 GET /consolidados 200 in 115ms (next.js: 3ms, application-code: 112ms)
 GET /consolidados/2 200 in 116ms (next.js: 15ms, application-code: 101ms)
 GET /consolidados 200 in 93ms (next.js: 1859µs, application-code: 91ms)
 GET /consolidados/2 200 in 135ms (next.js: 1554µs, application-code: 133ms)
 GET /consolidados 200 in 135ms (next.js: 37ms, application-code: 98ms)
 GET /consolidados/2 200 in 83ms (next.js: 19ms, application-code: 65ms)
 GET /consolidados 200 in 87ms (next.js: 6ms, application-code: 80ms)
 GET /consolidados 200 in 67ms (next.js: 3ms, application-code: 65ms)
 GET /consolidados/2 200 in 87ms (next.js: 1758µs, application-code: 86ms)
 GET /consolidados 200 in 88ms (next.js: 11ms, application-code: 77ms)
 GET /consolidados 200 in 97ms (next.js: 1571µs, application-code: 95ms)
 GET /consolidados/2 200 in 99ms (next.js: 22ms, application-code: 77ms)
 GET /consolidados 200 in 89ms (next.js: 4ms, application-code: 86ms)
 GET /consolidados 200 in 100ms (next.js: 3ms, application-code: 97ms)
 GET /consolidados/2 200 in 100ms (next.js: 15ms, application-code: 86ms)
 GET /consolidados 200 in 78ms (next.js: 4ms, application-code: 74ms)
 GET /consolidados 200 in 70ms (next.js: 3ms, application-code: 68ms)
 GET /consolidados/2 200 in 58ms (next.js: 3ms, application-code: 55ms)
 GET /consolidados 200 in 47ms (next.js: 2ms, application-code: 45ms)
 GET /consolidados 200 in 48ms (next.js: 4ms, application-code: 45ms)
 GET /consolidados/2 200 in 33ms (next.js: 2ms, application-code: 30ms)
 GET /consolidados/2 200 in 33ms (next.js: 1178µs, application-code: 32ms)
 GET /consolidados/2 200 in 32ms (next.js: 2ms, application-code: 30ms)
 GET /consolidados/2 200 in 29ms (next.js: 1620µs, application-code: 27ms)
 GET /consolidados/2 200 in 28ms (next.js: 1402µs, application-code: 27ms)
 GET /consolidados/2 200 in 30ms (next.js: 2ms, application-code: 28ms)
 GET /consolidados/2 200 in 27ms (next.js: 1928µs, application-code: 25ms)
 GET /consolidados/2 200 in 12ms (next.js: 1208µs, application-code: 11ms)
 GET /funcionarios 200 in 541ms (next.js: 89ms, application-code: 452ms)
[browser] In HTML, <tr> cannot be a child of <a>.
This will cause a hydration error.

  ...
    <HTTPAccessFallbackBoundary notFound={undefined} forbidden={undefined} unauthorized={undefined}>
      <RedirectBoundary>
        <RedirectErrorBoundary router={{...}}>
          <InnerLayoutRouter url="/funcionarios" tree={[...]} params={{}} cacheNode={{rsc:{...}, ...}} ...>
            <SegmentViewNode type="page" pagePath="funcionari...">
              <SegmentTrieNode>
              <ClientPageRoot Component={function FuncionariosPage} serverProvidedParams={{...}}>
                <FuncionariosPage params={Promise} searchParams={Promise}>
                  <div className="space-y-12...">
                    <div>
                    <div>
                    <div className="bg-white r...">
                      <table className="w-full tex...">
                        <thead>
                        <tbody className="divide-y d...">
                          <LinkComponent href="/funcionar..." as="/funcionar...">
>                           <a
>                             ref={function}
>                             onClick={function onClick}
>                             onMouseEnter={function onMouseEnter}
>                             onTouchStart={function onTouchStart}
>                             href="/funcionarios/18289977-1"
>                           >
                              <motion.tr initial={{opacity:0,x:-10}} animate={{opacity:1,x:0}} transition={{delay:0}} ...>
>                               <tr
>                                 className="hover:bg-slate-50/50 transition-colors group cursor-pointer border-b bord..."
>                                 style={{opacity:0,transform:"translateX..."}}
>                                 ref={function useMotionRef.useCallback}
>                               >
                          ...
            ...
          ...
 
[browser] <a> cannot contain a nested <tr>.
See this log for the ancestor stack trace. 
[browser] In HTML, <a> cannot be a child of <tbody>.
This will cause a hydration error.

  ...
    <InnerScrollAndFocusHandlerOld focusAndScrollRef={{scrollRef:null, ...}} cacheNode={{rsc:{...}, ...}}>
      <ErrorBoundary errorComponent={undefined} errorStyles={undefined} errorScripts={undefined}>
        <LoadingBoundary name="funcionarios/" loading={null}>
          <HTTPAccessFallbackBoundary notFound={undefined} forbidden={undefined} unauthorized={undefined}>
            <RedirectBoundary>
              <RedirectErrorBoundary router={{...}}>
                <InnerLayoutRouter url="/funcionarios" tree={[...]} params={{}} cacheNode={{rsc:{...}, ...}} ...>
                  <SegmentViewNode type="page" pagePath="funcionari...">
                    <SegmentTrieNode>
                    <ClientPageRoot Component={function FuncionariosPage} serverProvidedParams={{...}}>
                      <FuncionariosPage params={Promise} searchParams={Promise}>
                        <div className="space-y-12...">
                          <div>
                          <div>
                          <div className="bg-white r...">
                            <table className="w-full tex...">
                              <thead>
>                             <tbody className="divide-y divide-slate-50">
                                <LinkComponent href="/funcionar..." as="/funcionar...">
>                                 <a
>                                   ref={function}
>                                   onClick={function onClick}
>                                   onMouseEnter={function onMouseEnter}
>                                   onTouchStart={function onTouchStart}
>                                   href="/funcionarios/18289977-1"
>                                 >
                                ...
                  ...
                ...
      ...
 
[browser] <tbody> cannot contain a nested <a>.
See this log for the ancestor stack trace. 
 GET /funcionarios/18289977-1 200 in 3.5s (next.js: 3.4s, application-code: 50ms)
 GET /funcionarios/10070286-K 200 in 543ms (next.js: 187ms, application-code: 356ms)
 GET / 200 in 221ms (next.js: 172ms, application-code: 49ms)
[browser] Error fetching dashboard: AxiosError: Request failed with status code 500 (../../REMUNERACIONES 2026/frontend/src/app/page.tsx:18:17)
[browser] Error fetching dashboard: AxiosError: Request failed with status code 500 (../../REMUNERACIONES 2026/frontend/src/app/page.tsx:18:17)
 GET /consolidados 200 in 36ms (next.js: 16ms, application-code: 20ms)
 GET /consolidados/1 200 in 37ms (next.js: 17ms, application-code: 20ms)
 GET /consolidados 200 in 58ms (next.js: 13ms, application-code: 45ms)
 GET /funcionarios 200 in 24ms (next.js: 9ms, application-code: 15ms)
[browser] In HTML, <tr> cannot be a child of <a>.
This will cause a hydration error.

  ...
    <HTTPAccessFallbackBoundary notFound={undefined} forbidden={undefined} unauthorized={undefined}>
      <RedirectBoundary>
        <RedirectErrorBoundary router={{...}}>
          <InnerLayoutRouter url="/funcionarios" tree={[...]} params={{}} cacheNode={{rsc:<Fragment>, ...}} ...>
            <SegmentViewNode type="page" pagePath="funcionari...">
              <SegmentTrieNode>
              <ClientPageRoot Component={function FuncionariosPage} serverProvidedParams={{...}}>
                <FuncionariosPage params={Promise} searchParams={Promise}>
                  <div className="space-y-12...">
                    <div>
                    <div>
                    <div className="bg-white r...">
                      <table className="w-full tex...">
                        <thead>
                        <tbody className="divide-y d...">
                          <LinkComponent href="/funcionar..." as="/funcionar...">
>                           <a
>                             ref={function}
>                             onClick={function onClick}
>                             onMouseEnter={function onMouseEnter}
>                             onTouchStart={function onTouchStart}
>                             href="/funcionarios/18289977-1"
>                           >
                              <motion.tr initial={{opacity:0,x:-10}} animate={{opacity:1,x:0}} transition={{delay:0}} ...>
>                               <tr
>                                 className="hover:bg-slate-50/50 transition-colors group cursor-pointer border-b bord..."
>                                 style={{opacity:0,transform:"translateX..."}}
>                                 ref={function useMotionRef.useCallback}
>                               >
                          ...
            ...
          ...
 
[browser] <a> cannot contain a nested <tr>.
See this log for the ancestor stack trace. 
[browser] In HTML, <a> cannot be a child of <tbody>.
This will cause a hydration error.

  ...
    <InnerScrollAndFocusHandlerOld focusAndScrollRef={{...}} cacheNode={{rsc:<Fragment>, ...}}>
      <ErrorBoundary errorComponent={undefined} errorStyles={undefined} errorScripts={undefined}>
        <LoadingBoundary name="funcionarios/" loading={null}>
          <HTTPAccessFallbackBoundary notFound={undefined} forbidden={undefined} unauthorized={undefined}>
            <RedirectBoundary>
              <RedirectErrorBoundary router={{...}}>
                <InnerLayoutRouter url="/funcionarios" tree={[...]} params={{}} cacheNode={{rsc:<Fragment>, ...}} ...>
                  <SegmentViewNode type="page" pagePath="funcionari...">
                    <SegmentTrieNode>
                    <ClientPageRoot Component={function FuncionariosPage} serverProvidedParams={{...}}>
                      <FuncionariosPage params={Promise} searchParams={Promise}>
                        <div className="space-y-12...">
                          <div>
                          <div>
                          <div className="bg-white r...">
                            <table className="w-full tex...">
                              <thead>
>                             <tbody className="divide-y divide-slate-50">
                                <LinkComponent href="/funcionar..." as="/funcionar...">
>                                 <a
>                                   ref={function}
>                                   onClick={function onClick}
>                                   onMouseEnter={function onMouseEnter}
>                                   onTouchStart={function onTouchStart}
>                                   href="/funcionarios/18289977-1"
>                                 >
                                ...
                  ...
                ...
      ...
 
[browser] <tbody> cannot contain a nested <a>.
See this log for the ancestor stack trace. 
 GET /consolidados 200 in 15ms (next.js: 3ms, application-code: 13ms)
 GET /consolidados/1 200 in 32ms (next.js: 9ms, application-code: 23ms)
 GET /funcionarios 200 in 63ms (next.js: 17ms, application-code: 46ms)
 GET /configuracion 200 in 69ms (next.js: 43ms, application-code: 26ms)
 GET /reportes 404 in 93ms (next.js: 54ms, application-code: 40ms)
 GET /reportes 404 in 51ms (next.js: 3ms, application-code: 49ms)
 GET /importar 200 in 84ms (next.js: 73ms, application-code: 11ms)
 GET /funcionarios 200 in 22ms (next.js: 5ms, application-code: 17ms)
[browser] In HTML, <tr> cannot be a child of <a>.
This will cause a hydration error.

  ...
    <HTTPAccessFallbackBoundary notFound={undefined} forbidden={undefined} unauthorized={undefined}>
      <RedirectBoundary>
        <RedirectErrorBoundary router={{...}}>
          <InnerLayoutRouter url="/funcionarios" tree={[...]} params={{}} cacheNode={{rsc:<Fragment>, ...}} ...>
            <SegmentViewNode type="page" pagePath="funcionari...">
              <SegmentTrieNode>
              <ClientPageRoot Component={function FuncionariosPage} serverProvidedParams={{...}}>
                <FuncionariosPage params={Promise} searchParams={Promise}>
                  <div className="space-y-12...">
                    <div>
                    <div>
                    <div className="bg-white r...">
                      <table className="w-full tex...">
                        <thead>
                        <tbody className="divide-y d...">
                          <LinkComponent href="/funcionar..." as="/funcionar...">
>                           <a
>                             ref={function}
>                             onClick={function onClick}
>                             onMouseEnter={function onMouseEnter}
>                             onTouchStart={function onTouchStart}
>                             href="/funcionarios/18289977-1"
>                           >
                              <motion.tr initial={{opacity:0,x:-10}} animate={{opacity:1,x:0}} transition={{delay:0}} ...>
>                               <tr
>                                 className="hover:bg-slate-50/50 transition-colors group cursor-pointer border-b bord..."
>                                 style={{opacity:0,transform:"translateX..."}}
>                                 ref={function useMotionRef.useCallback}
>                               >
                          ...
            ...
          ...
 
[browser] <a> cannot contain a nested <tr>.
See this log for the ancestor stack trace. 
[browser] In HTML, <a> cannot be a child of <tbody>.
This will cause a hydration error.

  ...
    <InnerScrollAndFocusHandlerOld focusAndScrollRef={{...}} cacheNode={{rsc:<Fragment>, ...}}>
      <ErrorBoundary errorComponent={undefined} errorStyles={undefined} errorScripts={undefined}>
        <LoadingBoundary name="funcionarios/" loading={null}>
          <HTTPAccessFallbackBoundary notFound={undefined} forbidden={undefined} unauthorized={undefined}>
            <RedirectBoundary>
              <RedirectErrorBoundary router={{...}}>
                <InnerLayoutRouter url="/funcionarios" tree={[...]} params={{}} cacheNode={{rsc:<Fragment>, ...}} ...>
                  <SegmentViewNode type="page" pagePath="funcionari...">
                    <SegmentTrieNode>
                    <ClientPageRoot Component={function FuncionariosPage} serverProvidedParams={{...}}>
                      <FuncionariosPage params={Promise} searchParams={Promise}>
                        <div className="space-y-12...">
                          <div>
                          <div>
                          <div className="bg-white r...">
                            <table className="w-full tex...">
                              <thead>
>                             <tbody className="divide-y divide-slate-50">
                                <LinkComponent href="/funcionar..." as="/funcionar...">
>                                 <a
>                                   ref={function}
>                                   onClick={function onClick}
>                                   onMouseEnter={function onMouseEnter}
>                                   onTouchStart={function onTouchStart}
>                                   href="/funcionarios/18289977-1"
>                                 >
                                ...
                  ...
                ...
      ...
 
[browser] <tbody> cannot contain a nested <a>.
See this log for the ancestor stack trace. 
 GET /consolidados 200 in 20ms (next.js: 5ms, application-code: 15ms)
 GET / 200 in 20ms (next.js: 5ms, application-code: 15ms)
[browser] Error fetching dashboard: AxiosError: Request failed with status code 500 (../../REMUNERACIONES 2026/frontend/src/app/page.tsx:18:17)
[browser] Error fetching dashboard: AxiosError: Request failed with status code 500 (../../REMUNERACIONES 2026/frontend/src/app/page.tsx:18:17)
 GET /funcionarios 200 in 48ms (next.js: 14ms, application-code: 34ms)
 GET /funcionarios/18289977-1 200 in 23ms (next.js: 9ms, application-code: 14ms)
 GET /consolidados 200 in 49ms (next.js: 13ms, application-code: 36ms)
✓ Compiled in 842ms
✓ Compiled in 59ms
 GET /funcionarios 200 in 567ms (next.js: 162ms, application-code: 405ms)
[browser] In HTML, <tr> cannot be a child of <a>.
This will cause a hydration error.

  ...
    <HTTPAccessFallbackBoundary notFound={undefined} forbidden={undefined} unauthorized={undefined}>
      <RedirectBoundary>
        <RedirectErrorBoundary router={{...}}>
          <InnerLayoutRouter url="/funcionarios" tree={[...]} params={{}} cacheNode={{rsc:{...}, ...}} ...>
            <SegmentViewNode type="page" pagePath="funcionari...">
              <SegmentTrieNode>
              <ClientPageRoot Component={function FuncionariosPage} serverProvidedParams={{...}}>
                <FuncionariosPage params={Promise} searchParams={Promise}>
                  <div className="space-y-12...">
                    <div>
                    <div>
                    <div className="bg-white r...">
                      <table className="w-full tex...">
                        <thead>
                        <tbody className="divide-y d...">
                          <LinkComponent href="/funcionar..." as="/funcionar...">
>                           <a
>                             ref={function}
>                             onClick={function onClick}
>                             onMouseEnter={function onMouseEnter}
>                             onTouchStart={function onTouchStart}
>                             href="/funcionarios/18289977-1"
>                           >
                              <motion.tr initial={{opacity:0,x:-10}} animate={{opacity:1,x:0}} transition={{delay:0}} ...>
>                               <tr
>                                 className="hover:bg-slate-50/50 transition-colors group cursor-pointer border-b bord..."
>                                 style={{opacity:0,transform:"translateX..."}}
>                                 ref={function useMotionRef.useCallback}
>                               >
                          ...
            ...
          ...
 
[browser] <a> cannot contain a nested <tr>.
See this log for the ancestor stack trace. 
[browser] In HTML, <a> cannot be a child of <tbody>.
This will cause a hydration error.

  ...
    <InnerScrollAndFocusHandlerOld focusAndScrollRef={{scrollRef:null, ...}} cacheNode={{rsc:{...}, ...}}>
      <ErrorBoundary errorComponent={undefined} errorStyles={undefined} errorScripts={undefined}>
        <LoadingBoundary name="funcionarios/" loading={null}>
          <HTTPAccessFallbackBoundary notFound={undefined} forbidden={undefined} unauthorized={undefined}>
            <RedirectBoundary>
              <RedirectErrorBoundary router={{...}}>
                <InnerLayoutRouter url="/funcionarios" tree={[...]} params={{}} cacheNode={{rsc:{...}, ...}} ...>
                  <SegmentViewNode type="page" pagePath="funcionari...">
                    <SegmentTrieNode>
                    <ClientPageRoot Component={function FuncionariosPage} serverProvidedParams={{...}}>
                      <FuncionariosPage params={Promise} searchParams={Promise}>
                        <div className="space-y-12...">
                          <div>
                          <div>
                          <div className="bg-white r...">
                            <table className="w-full tex...">
                              <thead>
>                             <tbody className="divide-y divide-slate-50">
                                <LinkComponent href="/funcionar..." as="/funcionar...">
>                                 <a
>                                   ref={function}
>                                   onClick={function onClick}
>                                   onMouseEnter={function onMouseEnter}
>                                   onTouchStart={function onTouchStart}
>                                   href="/funcionarios/18289977-1"
>                                 >
                                ...
                  ...
                ...
      ...
 
[browser] <tbody> cannot contain a nested <a>.
See this log for the ancestor stack trace. 
 GET /funcionarios/18289977-1 200 in 230ms (next.js: 86ms, application-code: 144ms)
 GET /consolidados 200 in 229ms (next.js: 161ms, application-code: 69ms)
 GET /funcionarios 200 in 34ms (next.js: 16ms, application-code: 19ms)
 GET /importar 200 in 83ms (next.js: 63ms, application-code: 20ms)
 GET /consolidados 200 in 34ms (next.js: 4ms, application-code: 30ms)
 GET /funcionarios 200 in 32ms (next.js: 6ms, application-code: 26ms)
 GET /funcionarios/8263370-7 200 in 22ms (next.js: 9ms, application-code: 13ms)
 GET /funcionarios 200 in 49ms (next.js: 16ms, application-code: 32ms)
 GET /funcionarios/16543435-8 200 in 27ms (next.js: 8ms, application-code: 19ms)
 GET /consolidados 200 in 35ms (next.js: 11ms, application-code: 24ms)
 GET /consolidados/1 200 in 47ms (next.js: 28ms, application-code: 19ms)
 GET /reportes 404 in 69ms (next.js: 36ms, application-code: 33ms)
 GET /reportes 404 in 68ms (next.js: 5ms, application-code: 63ms)
✓ Compiled in 504ms
✓ Compiled in 109ms
[browser] Uncaught ReferenceError: LayoutDashboard is not defined
    at Sidebar (../../REMUNERACIONES 2026/frontend/src/components/Sidebar.tsx:17:43)
    at Set.forEach (<anonymous>)
    at RootLayout (../../REMUNERACIONES 2026/frontend/src/app/layout.tsx:25:9)
  15 |     { name: 'Importar', href: '/importar', icon: 'cloud_upload' },
  16 |     { name: 'Reportes', href: '/reportes', icon: 'description' },
> 17 |     { name: 'Dashboard', href: '/', icon: LayoutDashboard },
     |                                           ^
  18 |     { name: 'Consolidados', href: '/consolidados', icon: BarChart3 },
  19 |     { name: 'Funcionarios', href: '/funcionarios', icon: Users },
  20 |     { name: 'Importar', href: '/importar', icon: Upload },
[browser] Uncaught ReferenceError: LayoutDashboard is not defined
    at Sidebar (../../REMUNERACIONES 2026/frontend/src/components/Sidebar.tsx:17:43)
    at Set.forEach (<anonymous>)
    at RootLayout (../../REMUNERACIONES 2026/frontend/src/app/layout.tsx:25:9)
  15 |     { name: 'Importar', href: '/importar', icon: 'cloud_upload' },
  16 |     { name: 'Reportes', href: '/reportes', icon: 'description' },
> 17 |     { name: 'Dashboard', href: '/', icon: LayoutDashboard },
     |                                           ^
  18 |     { name: 'Consolidados', href: '/consolidados', icon: BarChart3 },
  19 |     { name: 'Funcionarios', href: '/funcionarios', icon: Users },
  20 |     { name: 'Importar', href: '/importar', icon: Upload },
[browser] Uncaught ReferenceError: LayoutDashboard is not defined
    at Sidebar (../../REMUNERACIONES 2026/frontend/src/components/Sidebar.tsx:17:43)
    at Set.forEach (<anonymous>)
    at RootLayout (../../REMUNERACIONES 2026/frontend/src/app/layout.tsx:25:9)
  15 |     { name: 'Importar', href: '/importar', icon: 'cloud_upload' },
  16 |     { name: 'Reportes', href: '/reportes', icon: 'description' },
> 17 |     { name: 'Dashboard', href: '/', icon: LayoutDashboard },
     |                                           ^
  18 |     { name: 'Consolidados', href: '/consolidados', icon: BarChart3 },
  19 |     { name: 'Funcionarios', href: '/funcionarios', icon: Users },
  20 |     { name: 'Importar', href: '/importar', icon: Upload },
[browser] Uncaught ReferenceError: LayoutDashboard is not defined
    at Sidebar (../../REMUNERACIONES 2026/frontend/src/components/Sidebar.tsx:17:43)
    at Set.forEach (<anonymous>)
    at RootLayout (../../REMUNERACIONES 2026/frontend/src/app/layout.tsx:25:9)
  15 |     { name: 'Importar', href: '/importar', icon: 'cloud_upload' },
  16 |     { name: 'Reportes', href: '/reportes', icon: 'description' },
> 17 |     { name: 'Dashboard', href: '/', icon: LayoutDashboard },
     |                                           ^
  18 |     { name: 'Consolidados', href: '/consolidados', icon: BarChart3 },
  19 |     { name: 'Funcionarios', href: '/funcionarios', icon: Users },
  20 |     { name: 'Importar', href: '/importar', icon: Upload },
[browser] Uncaught ReferenceError: LayoutDashboard is not defined
    at Sidebar (../../REMUNERACIONES 2026/frontend/src/components/Sidebar.tsx:17:43)
    at Set.forEach (<anonymous>)
    at RootLayout (../../REMUNERACIONES 2026/frontend/src/app/layout.tsx:25:9)
  15 |     { name: 'Importar', href: '/importar', icon: 'cloud_upload' },
  16 |     { name: 'Reportes', href: '/reportes', icon: 'description' },
> 17 |     { name: 'Dashboard', href: '/', icon: LayoutDashboard },
     |                                           ^
  18 |     { name: 'Consolidados', href: '/consolidados', icon: BarChart3 },
  19 |     { name: 'Funcionarios', href: '/funcionarios', icon: Users },
  20 |     { name: 'Importar', href: '/importar', icon: Upload },
✓ Compiled in 209ms
⚠ Fast Refresh had to perform a full reload due to a runtime error.
⚠ Fast Refresh had to perform a full reload due to a runtime error.
⚠ Fast Refresh had to perform a full reload due to a runtime error.
⚠ Fast Refresh had to perform a full reload due to a runtime error.
⚠ Fast Refresh had to perform a full reload due to a runtime error.
[browser] Uncaught ReferenceError: LayoutDashboard is not defined
    at Sidebar (../../REMUNERACIONES 2026/frontend/src/components/Sidebar.tsx:17:43)
    at Set.forEach (<anonymous>)
    at RootLayout (../../REMUNERACIONES 2026/frontend/src/app/layout.tsx:25:9)
  15 |     { name: 'Importar', href: '/importar', icon: 'cloud_upload' },
  16 |     { name: 'Reportes', href: '/reportes', icon: 'description' },
> 17 |     { name: 'Dashboard', href: '/', icon: LayoutDashboard },
     |                                           ^
  18 |     { name: 'Consolidados', href: '/consolidados', icon: BarChart3 },
  19 |     { name: 'Funcionarios', href: '/funcionarios', icon: Users },
  20 |     { name: 'Importar', href: '/importar', icon: Upload },
⨯ ReferenceError: LayoutDashboard is not defined
    at Sidebar (src/components/Sidebar.tsx:17:43)
  15 |     { name: 'Importar', href: '/importar', icon: 'cloud_upload' },
  16 |     { name: 'Reportes', href: '/reportes', icon: 'description' },
> 17 |     { name: 'Dashboard', href: '/', icon: LayoutDashboard },
     |                                           ^
  18 |     { name: 'Consolidados', href: '/consolidados', icon: BarChart3 },
  19 |     { name: 'Funcionarios', href: '/funcionarios', icon: Users },
  20 |     { name: 'Importar', href: '/importar', icon: Upload }, {
  digest: '3249630916'
}
⨯ ReferenceError: LayoutDashboard is not defined
    at Sidebar (src/components/Sidebar.tsx:17:43)
  15 |     { name: 'Importar', href: '/importar', icon: 'cloud_upload' },
  16 |     { name: 'Reportes', href: '/reportes', icon: 'description' },
> 17 |     { name: 'Dashboard', href: '/', icon: LayoutDashboard },
     |                                           ^
  18 |     { name: 'Consolidados', href: '/consolidados', icon: BarChart3 },
  19 |     { name: 'Funcionarios', href: '/funcionarios', icon: Users },
  20 |     { name: 'Importar', href: '/importar', icon: Upload }, {
  digest: '3249630916'
}
⨯ ReferenceError: LayoutDashboard is not defined
    at Sidebar (src/components/Sidebar.tsx:17:43)
  15 |     { name: 'Importar', href: '/importar', icon: 'cloud_upload' },
  16 |     { name: 'Reportes', href: '/reportes', icon: 'description' },
> 17 |     { name: 'Dashboard', href: '/', icon: LayoutDashboard },
     |                                           ^
  18 |     { name: 'Consolidados', href: '/consolidados', icon: BarChart3 },
  19 |     { name: 'Funcionarios', href: '/funcionarios', icon: Users },
  20 |     { name: 'Importar', href: '/importar', icon: Upload }, {
  digest: '3249630916'
}
⨯ ReferenceError: LayoutDashboard is not defined
    at Sidebar (src/components/Sidebar.tsx:17:43)
  15 |     { name: 'Importar', href: '/importar', icon: 'cloud_upload' },
  16 |     { name: 'Reportes', href: '/reportes', icon: 'description' },
> 17 |     { name: 'Dashboard', href: '/', icon: LayoutDashboard },
     |                                           ^
  18 |     { name: 'Consolidados', href: '/consolidados', icon: BarChart3 },
  19 |     { name: 'Funcionarios', href: '/funcionarios', icon: Users },
  20 |     { name: 'Importar', href: '/importar', icon: Upload }, {
  digest: '3249630916'
}
⨯ ReferenceError: LayoutDashboard is not defined
    at Sidebar (src/components/Sidebar.tsx:17:43)
  15 |     { name: 'Importar', href: '/importar', icon: 'cloud_upload' },
  16 |     { name: 'Reportes', href: '/reportes', icon: 'description' },
> 17 |     { name: 'Dashboard', href: '/', icon: LayoutDashboard },
     |                                           ^
  18 |     { name: 'Consolidados', href: '/consolidados', icon: BarChart3 },
  19 |     { name: 'Funcionarios', href: '/funcionarios', icon: Users },
  20 |     { name: 'Importar', href: '/importar', icon: Upload }, {
  digest: '3249630916'
}
 GET /reportes 500 in 1637ms (next.js: 1188ms, application-code: 449ms)
 GET /consolidados 500 in 1644ms (next.js: 476ms, application-code: 1168ms)
 GET /funcionarios/18289977-1 500 in 450ms (next.js: 27ms, application-code: 423ms)
 GET /consolidados/2 500 in 404ms (next.js: 114ms, application-code: 291ms)
 GET /consolidados 500 in 170ms (next.js: 11ms, application-code: 158ms)
[browser] Uncaught ReferenceError: LayoutDashboard is not defined
    at Sidebar (../../REMUNERACIONES 2026/frontend/src/components/Sidebar.tsx:17:43)
    at RootLayout (../../REMUNERACIONES 2026/frontend/src/app/layout.tsx:25:9)
  15 |     { name: 'Importar', href: '/importar', icon: 'cloud_upload' },
  16 |     { name: 'Reportes', href: '/reportes', icon: 'description' },
> 17 |     { name: 'Dashboard', href: '/', icon: LayoutDashboard },
     |                                           ^
  18 |     { name: 'Consolidados', href: '/consolidados', icon: BarChart3 },
  19 |     { name: 'Funcionarios', href: '/funcionarios', icon: Users },
  20 |     { name: 'Importar', href: '/importar', icon: Upload },
[browser] Uncaught ReferenceError: LayoutDashboard is not defined
    at Sidebar (../../REMUNERACIONES 2026/frontend/src/components/Sidebar.tsx:17:43)
    at RootLayout (../../REMUNERACIONES 2026/frontend/src/app/layout.tsx:25:9)
  15 |     { name: 'Importar', href: '/importar', icon: 'cloud_upload' },
  16 |     { name: 'Reportes', href: '/reportes', icon: 'description' },
> 17 |     { name: 'Dashboard', href: '/', icon: LayoutDashboard },
     |                                           ^
  18 |     { name: 'Consolidados', href: '/consolidados', icon: BarChart3 },
  19 |     { name: 'Funcionarios', href: '/funcionarios', icon: Users },
  20 |     { name: 'Importar', href: '/importar', icon: Upload },
[browser] Uncaught ReferenceError: LayoutDashboard is not defined
    at Sidebar (../../REMUNERACIONES 2026/frontend/src/components/Sidebar.tsx:17:43)
    at RootLayout (../../REMUNERACIONES 2026/frontend/src/app/layout.tsx:25:9)
  15 |     { name: 'Importar', href: '/importar', icon: 'cloud_upload' },
  16 |     { name: 'Reportes', href: '/reportes', icon: 'description' },
> 17 |     { name: 'Dashboard', href: '/', icon: LayoutDashboard },
     |                                           ^
  18 |     { name: 'Consolidados', href: '/consolidados', icon: BarChart3 },
  19 |     { name: 'Funcionarios', href: '/funcionarios', icon: Users },
  20 |     { name: 'Importar', href: '/importar', icon: Upload },
[browser] Uncaught ReferenceError: LayoutDashboard is not defined
    at Sidebar (../../REMUNERACIONES 2026/frontend/src/components/Sidebar.tsx:17:43)
    at RootLayout (../../REMUNERACIONES 2026/frontend/src/app/layout.tsx:25:9)
  15 |     { name: 'Importar', href: '/importar', icon: 'cloud_upload' },
  16 |     { name: 'Reportes', href: '/reportes', icon: 'description' },
> 17 |     { name: 'Dashboard', href: '/', icon: LayoutDashboard },
     |                                           ^
  18 |     { name: 'Consolidados', href: '/consolidados', icon: BarChart3 },
  19 |     { name: 'Funcionarios', href: '/funcionarios', icon: Users },
  20 |     { name: 'Importar', href: '/importar', icon: Upload },
[browser] Uncaught ReferenceError: LayoutDashboard is not defined
    at Sidebar (../../REMUNERACIONES 2026/frontend/src/components/Sidebar.tsx:17:43)
    at RootLayout (../../REMUNERACIONES 2026/frontend/src/app/layout.tsx:25:9)
  15 |     { name: 'Importar', href: '/importar', icon: 'cloud_upload' },
  16 |     { name: 'Reportes', href: '/reportes', icon: 'description' },
> 17 |     { name: 'Dashboard', href: '/', icon: LayoutDashboard },
     |                                           ^
  18 |     { name: 'Consolidados', href: '/consolidados', icon: BarChart3 },
  19 |     { name: 'Funcionarios', href: '/funcionarios', icon: Users },
  20 |     { name: 'Importar', href: '/importar', icon: Upload },
⚠ Fast Refresh had to perform a full reload due to a runtime error.
⚠ Fast Refresh had to perform a full reload due to a runtime error.
⚠ Fast Refresh had to perform a full reload due to a runtime error.
⚠ Fast Refresh had to perform a full reload due to a runtime error.
⚠ Fast Refresh had to perform a full reload due to a runtime error.
⨯ ReferenceError: LayoutDashboard is not defined
    at Sidebar (src/components/Sidebar.tsx:17:43)
  15 |     { name: 'Importar', href: '/importar', icon: 'cloud_upload' },
  16 |     { name: 'Reportes', href: '/reportes', icon: 'description' },
> 17 |     { name: 'Dashboard', href: '/', icon: LayoutDashboard },
     |                                           ^
  18 |     { name: 'Consolidados', href: '/consolidados', icon: BarChart3 },
  19 |     { name: 'Funcionarios', href: '/funcionarios', icon: Users },
  20 |     { name: 'Importar', href: '/importar', icon: Upload }, {
  digest: '3249630916'
}
⨯ ReferenceError: LayoutDashboard is not defined
    at Sidebar (src/components/Sidebar.tsx:17:43)
  15 |     { name: 'Importar', href: '/importar', icon: 'cloud_upload' },
  16 |     { name: 'Reportes', href: '/reportes', icon: 'description' },
> 17 |     { name: 'Dashboard', href: '/', icon: LayoutDashboard },
     |                                           ^
  18 |     { name: 'Consolidados', href: '/consolidados', icon: BarChart3 },
  19 |     { name: 'Funcionarios', href: '/funcionarios', icon: Users },
  20 |     { name: 'Importar', href: '/importar', icon: Upload }, {
  digest: '3249630916'
}
⨯ ReferenceError: LayoutDashboard is not defined
    at Sidebar (src/components/Sidebar.tsx:17:43)
  15 |     { name: 'Importar', href: '/importar', icon: 'cloud_upload' },
  16 |     { name: 'Reportes', href: '/reportes', icon: 'description' },
> 17 |     { name: 'Dashboard', href: '/', icon: LayoutDashboard },
     |                                           ^
  18 |     { name: 'Consolidados', href: '/consolidados', icon: BarChart3 },
  19 |     { name: 'Funcionarios', href: '/funcionarios', icon: Users },
  20 |     { name: 'Importar', href: '/importar', icon: Upload }, {
  digest: '3249630916'
}
 GET /reportes 500 in 650ms (next.js: 39ms, application-code: 611ms)
 GET /consolidados/2 500 in 539ms (next.js: 17ms, application-code: 522ms)
 GET /funcionarios/18289977-1 500 in 402ms (next.js: 49ms, application-code: 353ms)
[browser] Uncaught ReferenceError: LayoutDashboard is not defined
    at Sidebar (../../REMUNERACIONES 2026/frontend/src/components/Sidebar.tsx:17:43)
    at RootLayout (../../REMUNERACIONES 2026/frontend/src/app/layout.tsx:25:9)
  15 |     { name: 'Importar', href: '/importar', icon: 'cloud_upload' },
  16 |     { name: 'Reportes', href: '/reportes', icon: 'description' },
> 17 |     { name: 'Dashboard', href: '/', icon: LayoutDashboard },
     |                                           ^
  18 |     { name: 'Consolidados', href: '/consolidados', icon: BarChart3 },
  19 |     { name: 'Funcionarios', href: '/funcionarios', icon: Users },
  20 |     { name: 'Importar', href: '/importar', icon: Upload },
[browser] Uncaught ReferenceError: LayoutDashboard is not defined
    at Sidebar (../../REMUNERACIONES 2026/frontend/src/components/Sidebar.tsx:17:43)
    at RootLayout (../../REMUNERACIONES 2026/frontend/src/app/layout.tsx:25:9)
  15 |     { name: 'Importar', href: '/importar', icon: 'cloud_upload' },
  16 |     { name: 'Reportes', href: '/reportes', icon: 'description' },
> 17 |     { name: 'Dashboard', href: '/', icon: LayoutDashboard },
     |                                           ^
  18 |     { name: 'Consolidados', href: '/consolidados', icon: BarChart3 },
  19 |     { name: 'Funcionarios', href: '/funcionarios', icon: Users },
  20 |     { name: 'Importar', href: '/importar', icon: Upload },
⨯ ReferenceError: LayoutDashboard is not defined
    at Sidebar (src/components/Sidebar.tsx:17:43)
  15 |     { name: 'Importar', href: '/importar', icon: 'cloud_upload' },
  16 |     { name: 'Reportes', href: '/reportes', icon: 'description' },
> 17 |     { name: 'Dashboard', href: '/', icon: LayoutDashboard },
     |                                           ^
  18 |     { name: 'Consolidados', href: '/consolidados', icon: BarChart3 },
  19 |     { name: 'Funcionarios', href: '/funcionarios', icon: Users },
  20 |     { name: 'Importar', href: '/importar', icon: Upload }, {
  digest: '3249630916'
}
✓ Compiled in 1543ms
⚠ Fast Refresh had to perform a full reload due to a runtime error.
[browser] Uncaught ReferenceError: LayoutDashboard is not defined
    at Sidebar (../../REMUNERACIONES 2026/frontend/src/components/Sidebar.tsx:17:43)
    at RootLayout (../../REMUNERACIONES 2026/frontend/src/app/layout.tsx:25:9)
  15 |     { name: 'Importar', href: '/importar', icon: 'cloud_upload' },
  16 |     { name: 'Reportes', href: '/reportes', icon: 'description' },
> 17 |     { name: 'Dashboard', href: '/', icon: LayoutDashboard },
     |                                           ^
  18 |     { name: 'Consolidados', href: '/consolidados', icon: BarChart3 },
  19 |     { name: 'Funcionarios', href: '/funcionarios', icon: Users },
  20 |     { name: 'Importar', href: '/importar', icon: Upload },
⚠ Fast Refresh had to perform a full reload due to a runtime error.
⚠ Fast Refresh had to perform a full reload due to a runtime error.
⚠ Fast Refresh had to perform a full reload due to a runtime error.
⚠ Fast Refresh had to perform a full reload due to a runtime error.
⨯ ReferenceError: LayoutDashboard is not defined
    at Sidebar (src/components/Sidebar.tsx:17:43)
  15 |     { name: 'Importar', href: '/importar', icon: 'cloud_upload' },
  16 |     { name: 'Reportes', href: '/reportes', icon: 'description' },
> 17 |     { name: 'Dashboard', href: '/', icon: LayoutDashboard },
     |                                           ^
  18 |     { name: 'Consolidados', href: '/consolidados', icon: BarChart3 },
  19 |     { name: 'Funcionarios', href: '/funcionarios', icon: Users },
  20 |     { name: 'Importar', href: '/importar', icon: Upload }, {
  digest: '3249630916'
}
⨯ ReferenceError: LayoutDashboard is not defined
    at Sidebar (src/components/Sidebar.tsx:17:43)
  15 |     { name: 'Importar', href: '/importar', icon: 'cloud_upload' },
  16 |     { name: 'Reportes', href: '/reportes', icon: 'description' },
> 17 |     { name: 'Dashboard', href: '/', icon: LayoutDashboard },
     |                                           ^
  18 |     { name: 'Consolidados', href: '/consolidados', icon: BarChart3 },
  19 |     { name: 'Funcionarios', href: '/funcionarios', icon: Users },
  20 |     { name: 'Importar', href: '/importar', icon: Upload }, {
  digest: '3249630916'
}
⨯ ReferenceError: LayoutDashboard is not defined
    at Sidebar (src/components/Sidebar.tsx:17:43)
  15 |     { name: 'Importar', href: '/importar', icon: 'cloud_upload' },
  16 |     { name: 'Reportes', href: '/reportes', icon: 'description' },
> 17 |     { name: 'Dashboard', href: '/', icon: LayoutDashboard },
     |                                           ^
  18 |     { name: 'Consolidados', href: '/consolidados', icon: BarChart3 },
  19 |     { name: 'Funcionarios', href: '/funcionarios', icon: Users },
  20 |     { name: 'Importar', href: '/importar', icon: Upload }, {
  digest: '3249630916'
}
⨯ ReferenceError: LayoutDashboard is not defined
    at Sidebar (src/components/Sidebar.tsx:17:43)
  15 |     { name: 'Importar', href: '/importar', icon: 'cloud_upload' },
  16 |     { name: 'Reportes', href: '/reportes', icon: 'description' },
> 17 |     { name: 'Dashboard', href: '/', icon: LayoutDashboard },
     |                                           ^
  18 |     { name: 'Consolidados', href: '/consolidados', icon: BarChart3 },
  19 |     { name: 'Funcionarios', href: '/funcionarios', icon: Users },
  20 |     { name: 'Importar', href: '/importar', icon: Upload }, {
  digest: '3249630916'
}
 GET /consolidados 500 in 1959ms (next.js: 1084ms, application-code: 874ms)
 GET /reportes 500 in 418ms (next.js: 136ms, application-code: 282ms)
 GET /consolidados/2 500 in 404ms (next.js: 235ms, application-code: 170ms)
 GET /consolidados 500 in 402ms (next.js: 283ms, application-code: 120ms)
 GET /funcionarios/18289977-1 500 in 42ms (next.js: 6ms, application-code: 35ms)
[browser] Uncaught ReferenceError: LayoutDashboard is not defined
    at Sidebar (../../REMUNERACIONES 2026/frontend/src/components/Sidebar.tsx:17:43)
    at RootLayout (../../REMUNERACIONES 2026/frontend/src/app/layout.tsx:25:9)
  15 |     { name: 'Importar', href: '/importar', icon: 'cloud_upload' },
  16 |     { name: 'Reportes', href: '/reportes', icon: 'description' },
> 17 |     { name: 'Dashboard', href: '/', icon: LayoutDashboard },
     |                                           ^
  18 |     { name: 'Consolidados', href: '/consolidados', icon: BarChart3 },
  19 |     { name: 'Funcionarios', href: '/funcionarios', icon: Users },
  20 |     { name: 'Importar', href: '/importar', icon: Upload },
[browser] Uncaught ReferenceError: LayoutDashboard is not defined
    at Sidebar (../../REMUNERACIONES 2026/frontend/src/components/Sidebar.tsx:17:43)
    at RootLayout (../../REMUNERACIONES 2026/frontend/src/app/layout.tsx:25:9)
  15 |     { name: 'Importar', href: '/importar', icon: 'cloud_upload' },
  16 |     { name: 'Reportes', href: '/reportes', icon: 'description' },
> 17 |     { name: 'Dashboard', href: '/', icon: LayoutDashboard },
     |                                           ^
  18 |     { name: 'Consolidados', href: '/consolidados', icon: BarChart3 },
  19 |     { name: 'Funcionarios', href: '/funcionarios', icon: Users },
  20 |     { name: 'Importar', href: '/importar', icon: Upload },
[browser] Uncaught ReferenceError: LayoutDashboard is not defined
    at Sidebar (../../REMUNERACIONES 2026/frontend/src/components/Sidebar.tsx:17:43)
    at RootLayout (../../REMUNERACIONES 2026/frontend/src/app/layout.tsx:25:9)
  15 |     { name: 'Importar', href: '/importar', icon: 'cloud_upload' },
  16 |     { name: 'Reportes', href: '/reportes', icon: 'description' },
> 17 |     { name: 'Dashboard', href: '/', icon: LayoutDashboard },
     |                                           ^
  18 |     { name: 'Consolidados', href: '/consolidados', icon: BarChart3 },
  19 |     { name: 'Funcionarios', href: '/funcionarios', icon: Users },
  20 |     { name: 'Importar', href: '/importar', icon: Upload },
[browser] Uncaught ReferenceError: LayoutDashboard is not defined
    at Sidebar (../../REMUNERACIONES 2026/frontend/src/components/Sidebar.tsx:17:43)
    at RootLayout (../../REMUNERACIONES 2026/frontend/src/app/layout.tsx:25:9)
  15 |     { name: 'Importar', href: '/importar', icon: 'cloud_upload' },
  16 |     { name: 'Reportes', href: '/reportes', icon: 'description' },
> 17 |     { name: 'Dashboard', href: '/', icon: LayoutDashboard },
     |                                           ^
  18 |     { name: 'Consolidados', href: '/consolidados', icon: BarChart3 },
  19 |     { name: 'Funcionarios', href: '/funcionarios', icon: Users },
  20 |     { name: 'Importar', href: '/importar', icon: Upload },
[browser] Uncaught ReferenceError: LayoutDashboard is not defined
    at Sidebar (../../REMUNERACIONES 2026/frontend/src/components/Sidebar.tsx:17:43)
    at RootLayout (../../REMUNERACIONES 2026/frontend/src/app/layout.tsx:25:9)
  15 |     { name: 'Importar', href: '/importar', icon: 'cloud_upload' },
  16 |     { name: 'Reportes', href: '/reportes', icon: 'description' },
> 17 |     { name: 'Dashboard', href: '/', icon: LayoutDashboard },
     |                                           ^
  18 |     { name: 'Consolidados', href: '/consolidados', icon: BarChart3 },
  19 |     { name: 'Funcionarios', href: '/funcionarios', icon: Users },
  20 |     { name: 'Importar', href: '/importar', icon: Upload },
⚠ Fast Refresh had to perform a full reload due to a runtime error.
⚠ Fast Refresh had to perform a full reload due to a runtime error.
✓ Compiled in 124ms
⚠ Fast Refresh had to perform a full reload due to a runtime error.
⚠ Fast Refresh had to perform a full reload due to a runtime error.
⚠ Fast Refresh had to perform a full reload due to a runtime error.
⨯ ReferenceError: LayoutDashboard is not defined
    at Sidebar (src/components/Sidebar.tsx:17:43)
  15 |     { name: 'Importar', href: '/importar', icon: 'cloud_upload' },
  16 |     { name: 'Reportes', href: '/reportes', icon: 'description' },
> 17 |     { name: 'Dashboard', href: '/', icon: LayoutDashboard },
     |                                           ^
  18 |     { name: 'Consolidados', href: '/consolidados', icon: BarChart3 },
  19 |     { name: 'Funcionarios', href: '/funcionarios', icon: Users },
  20 |     { name: 'Importar', href: '/importar', icon: Upload }, {
  digest: '3249630916'
}
⨯ ReferenceError: LayoutDashboard is not defined
    at Sidebar (src/components/Sidebar.tsx:17:43)
  15 |     { name: 'Importar', href: '/importar', icon: 'cloud_upload' },
  16 |     { name: 'Reportes', href: '/reportes', icon: 'description' },
> 17 |     { name: 'Dashboard', href: '/', icon: LayoutDashboard },
     |                                           ^
  18 |     { name: 'Consolidados', href: '/consolidados', icon: BarChart3 },
  19 |     { name: 'Funcionarios', href: '/funcionarios', icon: Users },
  20 |     { name: 'Importar', href: '/importar', icon: Upload }, {
  digest: '3249630916'
}
⨯ ReferenceError: LayoutDashboard is not defined
    at Sidebar (src/components/Sidebar.tsx:17:43)
  15 |     { name: 'Importar', href: '/importar', icon: 'cloud_upload' },
  16 |     { name: 'Reportes', href: '/reportes', icon: 'description' },
> 17 |     { name: 'Dashboard', href: '/', icon: LayoutDashboard },
     |                                           ^
  18 |     { name: 'Consolidados', href: '/consolidados', icon: BarChart3 },
  19 |     { name: 'Funcionarios', href: '/funcionarios', icon: Users },
  20 |     { name: 'Importar', href: '/importar', icon: Upload }, {
  digest: '3249630916'
}
⨯ ReferenceError: LayoutDashboard is not defined
    at Sidebar (src/components/Sidebar.tsx:17:43)
  15 |     { name: 'Importar', href: '/importar', icon: 'cloud_upload' },
  16 |     { name: 'Reportes', href: '/reportes', icon: 'description' },
> 17 |     { name: 'Dashboard', href: '/', icon: LayoutDashboard },
     |                                           ^
  18 |     { name: 'Consolidados', href: '/consolidados', icon: BarChart3 },
  19 |     { name: 'Funcionarios', href: '/funcionarios', icon: Users },
  20 |     { name: 'Importar', href: '/importar', icon: Upload }, {
  digest: '3249630916'
}
⨯ ReferenceError: LayoutDashboard is not defined
    at Sidebar (src/components/Sidebar.tsx:17:43)
  15 |     { name: 'Importar', href: '/importar', icon: 'cloud_upload' },
  16 |     { name: 'Reportes', href: '/reportes', icon: 'description' },
> 17 |     { name: 'Dashboard', href: '/', icon: LayoutDashboard },
     |                                           ^
  18 |     { name: 'Consolidados', href: '/consolidados', icon: BarChart3 },
  19 |     { name: 'Funcionarios', href: '/funcionarios', icon: Users },
  20 |     { name: 'Importar', href: '/importar', icon: Upload }, {
  digest: '3249630916'
}
 GET /consolidados 500 in 476ms (next.js: 78ms, application-code: 399ms)
 GET /reportes 500 in 239ms (next.js: 9ms, application-code: 231ms)
 GET /funcionarios/18289977-1 500 in 209ms (next.js: 9ms, application-code: 200ms)
 GET /consolidados 500 in 158ms (next.js: 12ms, application-code: 147ms)
 GET /consolidados/2 500 in 116ms (next.js: 15ms, application-code: 102ms)
[browser] Uncaught ReferenceError: LayoutDashboard is not defined
    at Sidebar (../../REMUNERACIONES 2026/frontend/src/components/Sidebar.tsx:17:43)
    at RootLayout (../../REMUNERACIONES 2026/frontend/src/app/layout.tsx:25:9)
  15 |     { name: 'Importar', href: '/importar', icon: 'cloud_upload' },
  16 |     { name: 'Reportes', href: '/reportes', icon: 'description' },
> 17 |     { name: 'Dashboard', href: '/', icon: LayoutDashboard },
     |                                           ^
  18 |     { name: 'Consolidados', href: '/consolidados', icon: BarChart3 },
  19 |     { name: 'Funcionarios', href: '/funcionarios', icon: Users },
  20 |     { name: 'Importar', href: '/importar', icon: Upload },
[browser] Uncaught ReferenceError: LayoutDashboard is not defined
    at Sidebar (../../REMUNERACIONES 2026/frontend/src/components/Sidebar.tsx:17:43)
    at RootLayout (../../REMUNERACIONES 2026/frontend/src/app/layout.tsx:25:9)
  15 |     { name: 'Importar', href: '/importar', icon: 'cloud_upload' },
  16 |     { name: 'Reportes', href: '/reportes', icon: 'description' },
> 17 |     { name: 'Dashboard', href: '/', icon: LayoutDashboard },
     |                                           ^
  18 |     { name: 'Consolidados', href: '/consolidados', icon: BarChart3 },
  19 |     { name: 'Funcionarios', href: '/funcionarios', icon: Users },
  20 |     { name: 'Importar', href: '/importar', icon: Upload },
[browser] Uncaught ReferenceError: LayoutDashboard is not defined
    at Sidebar (../../REMUNERACIONES 2026/frontend/src/components/Sidebar.tsx:17:43)
    at RootLayout (../../REMUNERACIONES 2026/frontend/src/app/layout.tsx:25:9)
  15 |     { name: 'Importar', href: '/importar', icon: 'cloud_upload' },
  16 |     { name: 'Reportes', href: '/reportes', icon: 'description' },
> 17 |     { name: 'Dashboard', href: '/', icon: LayoutDashboard },
     |                                           ^
  18 |     { name: 'Consolidados', href: '/consolidados', icon: BarChart3 },
  19 |     { name: 'Funcionarios', href: '/funcionarios', icon: Users },
  20 |     { name: 'Importar', href: '/importar', icon: Upload },
[browser] Uncaught ReferenceError: LayoutDashboard is not defined
    at Sidebar (../../REMUNERACIONES 2026/frontend/src/components/Sidebar.tsx:17:43)
    at RootLayout (../../REMUNERACIONES 2026/frontend/src/app/layout.tsx:25:9)
  15 |     { name: 'Importar', href: '/importar', icon: 'cloud_upload' },
  16 |     { name: 'Reportes', href: '/reportes', icon: 'description' },
> 17 |     { name: 'Dashboard', href: '/', icon: LayoutDashboard },
     |                                           ^
  18 |     { name: 'Consolidados', href: '/consolidados', icon: BarChart3 },
  19 |     { name: 'Funcionarios', href: '/funcionarios', icon: Users },
  20 |     { name: 'Importar', href: '/importar', icon: Upload },
[browser] Uncaught ReferenceError: LayoutDashboard is not defined
    at Sidebar (../../REMUNERACIONES 2026/frontend/src/components/Sidebar.tsx:17:43)
    at RootLayout (../../REMUNERACIONES 2026/frontend/src/app/layout.tsx:25:9)
  15 |     { name: 'Importar', href: '/importar', icon: 'cloud_upload' },
  16 |     { name: 'Reportes', href: '/reportes', icon: 'description' },
> 17 |     { name: 'Dashboard', href: '/', icon: LayoutDashboard },
     |                                           ^
  18 |     { name: 'Consolidados', href: '/consolidados', icon: BarChart3 },
  19 |     { name: 'Funcionarios', href: '/funcionarios', icon: Users },
  20 |     { name: 'Importar', href: '/importar', icon: Upload },
⚠ Fast Refresh had to perform a full reload due to a runtime error.
⚠ Fast Refresh had to perform a full reload due to a runtime error.
✓ Compiled in 363ms
⚠ Fast Refresh had to perform a full reload due to a runtime error.
⚠ Fast Refresh had to perform a full reload due to a runtime error.
⚠ Fast Refresh had to perform a full reload due to a runtime error.
⨯ ReferenceError: LayoutDashboard is not defined
    at Sidebar (src/components/Sidebar.tsx:17:43)
  15 |     { name: 'Importar', href: '/importar', icon: 'cloud_upload' },
  16 |     { name: 'Reportes', href: '/reportes', icon: 'description' },
> 17 |     { name: 'Dashboard', href: '/', icon: LayoutDashboard },
     |                                           ^
  18 |     { name: 'Consolidados', href: '/consolidados', icon: BarChart3 },
  19 |     { name: 'Funcionarios', href: '/funcionarios', icon: Users },
  20 |     { name: 'Importar', href: '/importar', icon: Upload }, {
  digest: '3249630916'
}
⨯ ReferenceError: LayoutDashboard is not defined
    at Sidebar (src/components/Sidebar.tsx:17:43)
  15 |     { name: 'Importar', href: '/importar', icon: 'cloud_upload' },
  16 |     { name: 'Reportes', href: '/reportes', icon: 'description' },
> 17 |     { name: 'Dashboard', href: '/', icon: LayoutDashboard },
     |                                           ^
  18 |     { name: 'Consolidados', href: '/consolidados', icon: BarChart3 },
  19 |     { name: 'Funcionarios', href: '/funcionarios', icon: Users },
  20 |     { name: 'Importar', href: '/importar', icon: Upload }, {
  digest: '3249630916'
}
⨯ ReferenceError: LayoutDashboard is not defined
    at Sidebar (src/components/Sidebar.tsx:17:43)
  15 |     { name: 'Importar', href: '/importar', icon: 'cloud_upload' },
  16 |     { name: 'Reportes', href: '/reportes', icon: 'description' },
> 17 |     { name: 'Dashboard', href: '/', icon: LayoutDashboard },
     |                                           ^
  18 |     { name: 'Consolidados', href: '/consolidados', icon: BarChart3 },
  19 |     { name: 'Funcionarios', href: '/funcionarios', icon: Users },
  20 |     { name: 'Importar', href: '/importar', icon: Upload }, {
  digest: '3249630916'
}
⨯ ReferenceError: LayoutDashboard is not defined
    at Sidebar (src/components/Sidebar.tsx:17:43)
  15 |     { name: 'Importar', href: '/importar', icon: 'cloud_upload' },
  16 |     { name: 'Reportes', href: '/reportes', icon: 'description' },
> 17 |     { name: 'Dashboard', href: '/', icon: LayoutDashboard },
     |                                           ^
  18 |     { name: 'Consolidados', href: '/consolidados', icon: BarChart3 },
  19 |     { name: 'Funcionarios', href: '/funcionarios', icon: Users },
  20 |     { name: 'Importar', href: '/importar', icon: Upload }, {
  digest: '3249630916'
}
⨯ ReferenceError: LayoutDashboard is not defined
    at Sidebar (src/components/Sidebar.tsx:17:43)
  15 |     { name: 'Importar', href: '/importar', icon: 'cloud_upload' },
  16 |     { name: 'Reportes', href: '/reportes', icon: 'description' },
> 17 |     { name: 'Dashboard', href: '/', icon: LayoutDashboard },
     |                                           ^
  18 |     { name: 'Consolidados', href: '/consolidados', icon: BarChart3 },
  19 |     { name: 'Funcionarios', href: '/funcionarios', icon: Users },
  20 |     { name: 'Importar', href: '/importar', icon: Upload }, {
  digest: '3249630916'
}
 GET /reportes 500 in 379ms (next.js: 16ms, application-code: 363ms)
 GET /consolidados 500 in 546ms (next.js: 40ms, application-code: 506ms)
 GET /funcionarios/18289977-1 500 in 336ms (next.js: 21ms, application-code: 315ms)
 GET /consolidados/2 500 in 338ms (next.js: 55ms, application-code: 283ms)
 GET /consolidados 500 in 201ms (next.js: 6ms, application-code: 195ms)
[browser] Uncaught ReferenceError: LayoutDashboard is not defined
    at Sidebar (../../REMUNERACIONES 2026/frontend/src/components/Sidebar.tsx:17:43)
    at RootLayout (../../REMUNERACIONES 2026/frontend/src/app/layout.tsx:25:9)
  15 |     { name: 'Importar', href: '/importar', icon: 'cloud_upload' },
  16 |     { name: 'Reportes', href: '/reportes', icon: 'description' },
> 17 |     { name: 'Dashboard', href: '/', icon: LayoutDashboard },
     |                                           ^
  18 |     { name: 'Consolidados', href: '/consolidados', icon: BarChart3 },
  19 |     { name: 'Funcionarios', href: '/funcionarios', icon: Users },
  20 |     { name: 'Importar', href: '/importar', icon: Upload },
[browser] Uncaught ReferenceError: LayoutDashboard is not defined
    at Sidebar (../../REMUNERACIONES 2026/frontend/src/components/Sidebar.tsx:17:43)
    at RootLayout (../../REMUNERACIONES 2026/frontend/src/app/layout.tsx:25:9)
  15 |     { name: 'Importar', href: '/importar', icon: 'cloud_upload' },
  16 |     { name: 'Reportes', href: '/reportes', icon: 'description' },
> 17 |     { name: 'Dashboard', href: '/', icon: LayoutDashboard },
     |                                           ^
  18 |     { name: 'Consolidados', href: '/consolidados', icon: BarChart3 },
  19 |     { name: 'Funcionarios', href: '/funcionarios', icon: Users },
  20 |     { name: 'Importar', href: '/importar', icon: Upload },
[browser] Uncaught ReferenceError: LayoutDashboard is not defined
    at Sidebar (../../REMUNERACIONES 2026/frontend/src/components/Sidebar.tsx:17:43)
    at RootLayout (../../REMUNERACIONES 2026/frontend/src/app/layout.tsx:25:9)
  15 |     { name: 'Importar', href: '/importar', icon: 'cloud_upload' },
  16 |     { name: 'Reportes', href: '/reportes', icon: 'description' },
> 17 |     { name: 'Dashboard', href: '/', icon: LayoutDashboard },
     |                                           ^
  18 |     { name: 'Consolidados', href: '/consolidados', icon: BarChart3 },
  19 |     { name: 'Funcionarios', href: '/funcionarios', icon: Users },
  20 |     { name: 'Importar', href: '/importar', icon: Upload },
[browser] Uncaught ReferenceError: LayoutDashboard is not defined
    at Sidebar (../../REMUNERACIONES 2026/frontend/src/components/Sidebar.tsx:17:43)
    at RootLayout (../../REMUNERACIONES 2026/frontend/src/app/layout.tsx:25:9)
  15 |     { name: 'Importar', href: '/importar', icon: 'cloud_upload' },
  16 |     { name: 'Reportes', href: '/reportes', icon: 'description' },
> 17 |     { name: 'Dashboard', href: '/', icon: LayoutDashboard },
     |                                           ^
  18 |     { name: 'Consolidados', href: '/consolidados', icon: BarChart3 },
  19 |     { name: 'Funcionarios', href: '/funcionarios', icon: Users },
  20 |     { name: 'Importar', href: '/importar', icon: Upload },
[browser] Uncaught ReferenceError: LayoutDashboard is not defined
    at Sidebar (../../REMUNERACIONES 2026/frontend/src/components/Sidebar.tsx:17:43)
    at RootLayout (../../REMUNERACIONES 2026/frontend/src/app/layout.tsx:25:9)
  15 |     { name: 'Importar', href: '/importar', icon: 'cloud_upload' },
  16 |     { name: 'Reportes', href: '/reportes', icon: 'description' },
> 17 |     { name: 'Dashboard', href: '/', icon: LayoutDashboard },
     |                                           ^
  18 |     { name: 'Consolidados', href: '/consolidados', icon: BarChart3 },
  19 |     { name: 'Funcionarios', href: '/funcionarios', icon: Users },
  20 |     { name: 'Importar', href: '/importar', icon: Upload },
⚠ Fast Refresh had to perform a full reload due to a runtime error.
⚠ Fast Refresh had to perform a full reload due to a runtime error.
⚠ Fast Refresh had to perform a full reload due to a runtime error.
⚠ Fast Refresh had to perform a full reload due to a runtime error.
⚠ Fast Refresh had to perform a full reload due to a runtime error.
⨯ ReferenceError: LayoutDashboard is not defined
    at Sidebar (src/components/Sidebar.tsx:17:43)
  15 |     { name: 'Importar', href: '/importar', icon: 'cloud_upload' },
  16 |     { name: 'Reportes', href: '/reportes', icon: 'description' },
> 17 |     { name: 'Dashboard', href: '/', icon: LayoutDashboard },
     |                                           ^
  18 |     { name: 'Consolidados', href: '/consolidados', icon: BarChart3 },
  19 |     { name: 'Funcionarios', href: '/funcionarios', icon: Users },
  20 |     { name: 'Importar', href: '/importar', icon: Upload }, {
  digest: '3249630916'
}
⨯ ReferenceError: LayoutDashboard is not defined
    at Sidebar (src/components/Sidebar.tsx:17:43)
  15 |     { name: 'Importar', href: '/importar', icon: 'cloud_upload' },
  16 |     { name: 'Reportes', href: '/reportes', icon: 'description' },
> 17 |     { name: 'Dashboard', href: '/', icon: LayoutDashboard },
     |                                           ^
  18 |     { name: 'Consolidados', href: '/consolidados', icon: BarChart3 },
  19 |     { name: 'Funcionarios', href: '/funcionarios', icon: Users },
  20 |     { name: 'Importar', href: '/importar', icon: Upload }, {
  digest: '3249630916'
}
⨯ ReferenceError: LayoutDashboard is not defined
    at Sidebar (src/components/Sidebar.tsx:17:43)
  15 |     { name: 'Importar', href: '/importar', icon: 'cloud_upload' },
  16 |     { name: 'Reportes', href: '/reportes', icon: 'description' },
> 17 |     { name: 'Dashboard', href: '/', icon: LayoutDashboard },
     |                                           ^
  18 |     { name: 'Consolidados', href: '/consolidados', icon: BarChart3 },
  19 |     { name: 'Funcionarios', href: '/funcionarios', icon: Users },
  20 |     { name: 'Importar', href: '/importar', icon: Upload }, {
  digest: '3249630916'
}
⨯ ReferenceError: LayoutDashboard is not defined
    at Sidebar (src/components/Sidebar.tsx:17:43)
  15 |     { name: 'Importar', href: '/importar', icon: 'cloud_upload' },
  16 |     { name: 'Reportes', href: '/reportes', icon: 'description' },
> 17 |     { name: 'Dashboard', href: '/', icon: LayoutDashboard },
     |                                           ^
  18 |     { name: 'Consolidados', href: '/consolidados', icon: BarChart3 },
  19 |     { name: 'Funcionarios', href: '/funcionarios', icon: Users },
  20 |     { name: 'Importar', href: '/importar', icon: Upload }, {
  digest: '3249630916'
}
⨯ ReferenceError: LayoutDashboard is not defined
    at Sidebar (src/components/Sidebar.tsx:17:43)
  15 |     { name: 'Importar', href: '/importar', icon: 'cloud_upload' },
  16 |     { name: 'Reportes', href: '/reportes', icon: 'description' },
> 17 |     { name: 'Dashboard', href: '/', icon: LayoutDashboard },
     |                                           ^
  18 |     { name: 'Consolidados', href: '/consolidados', icon: BarChart3 },
  19 |     { name: 'Funcionarios', href: '/funcionarios', icon: Users },
  20 |     { name: 'Importar', href: '/importar', icon: Upload }, {
  digest: '3249630916'
}
 GET /reportes 500 in 637ms (next.js: 187ms, application-code: 449ms)
 GET /consolidados 500 in 664ms (next.js: 56ms, application-code: 608ms)
 GET /consolidados/2 500 in 330ms (next.js: 48ms, application-code: 283ms)
 GET /funcionarios/18289977-1 500 in 297ms (next.js: 91ms, application-code: 205ms)
✓ Compiled in 908ms
 GET /consolidados 500 in 224ms (next.js: 62ms, application-code: 162ms)
[browser] Uncaught ReferenceError: LayoutDashboard is not defined
    at Sidebar (../../REMUNERACIONES 2026/frontend/src/components/Sidebar.tsx:17:43)
    at RootLayout (../../REMUNERACIONES 2026/frontend/src/app/layout.tsx:25:9)
  15 |     { name: 'Importar', href: '/importar', icon: 'cloud_upload' },
  16 |     { name: 'Reportes', href: '/reportes', icon: 'description' },
> 17 |     { name: 'Dashboard', href: '/', icon: LayoutDashboard },
     |                                           ^
  18 |     { name: 'Consolidados', href: '/consolidados', icon: BarChart3 },
  19 |     { name: 'Funcionarios', href: '/funcionarios', icon: Users },
  20 |     { name: 'Importar', href: '/importar', icon: Upload },
[browser] Uncaught ReferenceError: LayoutDashboard is not defined
    at Sidebar (../../REMUNERACIONES 2026/frontend/src/components/Sidebar.tsx:17:43)
    at RootLayout (../../REMUNERACIONES 2026/frontend/src/app/layout.tsx:25:9)
  15 |     { name: 'Importar', href: '/importar', icon: 'cloud_upload' },
  16 |     { name: 'Reportes', href: '/reportes', icon: 'description' },
> 17 |     { name: 'Dashboard', href: '/', icon: LayoutDashboard },
     |                                           ^
  18 |     { name: 'Consolidados', href: '/consolidados', icon: BarChart3 },
  19 |     { name: 'Funcionarios', href: '/funcionarios', icon: Users },
  20 |     { name: 'Importar', href: '/importar', icon: Upload },
[browser] Uncaught ReferenceError: LayoutDashboard is not defined
    at Sidebar (../../REMUNERACIONES 2026/frontend/src/components/Sidebar.tsx:17:43)
    at RootLayout (../../REMUNERACIONES 2026/frontend/src/app/layout.tsx:25:9)
  15 |     { name: 'Importar', href: '/importar', icon: 'cloud_upload' },
  16 |     { name: 'Reportes', href: '/reportes', icon: 'description' },
> 17 |     { name: 'Dashboard', href: '/', icon: LayoutDashboard },
     |                                           ^
  18 |     { name: 'Consolidados', href: '/consolidados', icon: BarChart3 },
  19 |     { name: 'Funcionarios', href: '/funcionarios', icon: Users },
  20 |     { name: 'Importar', href: '/importar', icon: Upload },
[browser] Uncaught ReferenceError: LayoutDashboard is not defined
    at Sidebar (../../REMUNERACIONES 2026/frontend/src/components/Sidebar.tsx:17:43)
    at RootLayout (../../REMUNERACIONES 2026/frontend/src/app/layout.tsx:25:9)
  15 |     { name: 'Importar', href: '/importar', icon: 'cloud_upload' },
  16 |     { name: 'Reportes', href: '/reportes', icon: 'description' },
> 17 |     { name: 'Dashboard', href: '/', icon: LayoutDashboard },
     |                                           ^
  18 |     { name: 'Consolidados', href: '/consolidados', icon: BarChart3 },
  19 |     { name: 'Funcionarios', href: '/funcionarios', icon: Users },
  20 |     { name: 'Importar', href: '/importar', icon: Upload },
[browser] Uncaught ReferenceError: LayoutDashboard is not defined
    at Sidebar (../../REMUNERACIONES 2026/frontend/src/components/Sidebar.tsx:17:43)
    at RootLayout (../../REMUNERACIONES 2026/frontend/src/app/layout.tsx:25:9)
  15 |     { name: 'Importar', href: '/importar', icon: 'cloud_upload' },
  16 |     { name: 'Reportes', href: '/reportes', icon: 'description' },
> 17 |     { name: 'Dashboard', href: '/', icon: LayoutDashboard },
     |                                           ^
  18 |     { name: 'Consolidados', href: '/consolidados', icon: BarChart3 },
  19 |     { name: 'Funcionarios', href: '/funcionarios', icon: Users },
  20 |     { name: 'Importar', href: '/importar', icon: Upload },
⨯ ReferenceError: LayoutDashboard is not defined
    at Sidebar (src/components/Sidebar.tsx:17:43)
  15 |     { name: 'Importar', href: '/importar', icon: 'cloud_upload' },
  16 |     { name: 'Reportes', href: '/reportes', icon: 'description' },
> 17 |     { name: 'Dashboard', href: '/', icon: LayoutDashboard },
     |                                           ^
  18 |     { name: 'Consolidados', href: '/consolidados', icon: BarChart3 },
  19 |     { name: 'Funcionarios', href: '/funcionarios', icon: Users },
  20 |     { name: 'Importar', href: '/importar', icon: Upload }, {
  digest: '3249630916'
}
 GET /reportes 500 in 313ms (next.js: 142ms, application-code: 171ms)
[browser] Uncaught ReferenceError: LayoutDashboard is not defined
    at Sidebar (../../REMUNERACIONES 2026/frontend/src/components/Sidebar.tsx:17:43)
    at RootLayout (../../REMUNERACIONES 2026/frontend/src/app/layout.tsx:25:9)
  15 |     { name: 'Importar', href: '/importar', icon: 'cloud_upload' },
  16 |     { name: 'Reportes', href: '/reportes', icon: 'description' },
> 17 |     { name: 'Dashboard', href: '/', icon: LayoutDashboard },
     |                                           ^
  18 |     { name: 'Consolidados', href: '/consolidados', icon: BarChart3 },
  19 |     { name: 'Funcionarios', href: '/funcionarios', icon: Users },
  20 |     { name: 'Importar', href: '/importar', icon: Upload },
✓ Compiled in 226ms
⨯ ReferenceError: LayoutDashboard is not defined
    at Sidebar (src/components/Sidebar.tsx:17:43)
  15 |     { name: 'Importar', href: '/importar', icon: 'cloud_upload' },
  16 |     { name: 'Reportes', href: '/reportes', icon: 'description' },
> 17 |     { name: 'Dashboard', href: '/', icon: LayoutDashboard },
     |                                           ^
  18 |     { name: 'Consolidados', href: '/consolidados', icon: BarChart3 },
  19 |     { name: 'Funcionarios', href: '/funcionarios', icon: Users },
  20 |     { name: 'Importar', href: '/importar', icon: Upload }, {
  digest: '3249630916'
}
⨯ ReferenceError: LayoutDashboard is not defined
    at Sidebar (src/components/Sidebar.tsx:17:43)
  15 |     { name: 'Importar', href: '/importar', icon: 'cloud_upload' },
  16 |     { name: 'Reportes', href: '/reportes', icon: 'description' },
> 17 |     { name: 'Dashboard', href: '/', icon: LayoutDashboard },
     |                                           ^
  18 |     { name: 'Consolidados', href: '/consolidados', icon: BarChart3 },
  19 |     { name: 'Funcionarios', href: '/funcionarios', icon: Users },
  20 |     { name: 'Importar', href: '/importar', icon: Upload }, {
  digest: '3249630916'
}
⨯ ReferenceError: LayoutDashboard is not defined
    at Sidebar (src/components/Sidebar.tsx:17:43)
  15 |     { name: 'Importar', href: '/importar', icon: 'cloud_upload' },
  16 |     { name: 'Reportes', href: '/reportes', icon: 'description' },
> 17 |     { name: 'Dashboard', href: '/', icon: LayoutDashboard },
     |                                           ^
  18 |     { name: 'Consolidados', href: '/consolidados', icon: BarChart3 },
  19 |     { name: 'Funcionarios', href: '/funcionarios', icon: Users },
  20 |     { name: 'Importar', href: '/importar', icon: Upload }, {
  digest: '3249630916'
}
⨯ ReferenceError: LayoutDashboard is not defined
    at Sidebar (src/components/Sidebar.tsx:17:43)
  15 |     { name: 'Importar', href: '/importar', icon: 'cloud_upload' },
  16 |     { name: 'Reportes', href: '/reportes', icon: 'description' },
> 17 |     { name: 'Dashboard', href: '/', icon: LayoutDashboard },
     |                                           ^
  18 |     { name: 'Consolidados', href: '/consolidados', icon: BarChart3 },
  19 |     { name: 'Funcionarios', href: '/funcionarios', icon: Users },
  20 |     { name: 'Importar', href: '/importar', icon: Upload }, {
  digest: '3249630916'
}
⨯ ReferenceError: LayoutDashboard is not defined
    at Sidebar (src/components/Sidebar.tsx:17:43)
  15 |     { name: 'Importar', href: '/importar', icon: 'cloud_upload' },
  16 |     { name: 'Reportes', href: '/reportes', icon: 'description' },
> 17 |     { name: 'Dashboard', href: '/', icon: LayoutDashboard },
     |                                           ^
  18 |     { name: 'Consolidados', href: '/consolidados', icon: BarChart3 },
  19 |     { name: 'Funcionarios', href: '/funcionarios', icon: Users },
  20 |     { name: 'Importar', href: '/importar', icon: Upload }, {
  digest: '3249630916'
}
 GET /consolidados 500 in 557ms (next.js: 91ms, application-code: 466ms)
 GET /reportes 500 in 556ms (next.js: 175ms, application-code: 381ms)
 GET /funcionarios/18289977-1 500 in 377ms (next.js: 24ms, application-code: 353ms)
 GET /consolidados/2 500 in 379ms (next.js: 74ms, application-code: 304ms)
 GET /consolidados 500 in 381ms (next.js: 258ms, application-code: 123ms)
[browser] Uncaught ReferenceError: LayoutDashboard is not defined
    at Sidebar (../../REMUNERACIONES 2026/frontend/src/components/Sidebar.tsx:17:43)
    at RootLayout (src/app/layout.tsx:25:9)
  15 |     { name: 'Importar', href: '/importar', icon: 'cloud_upload' },
  16 |     { name: 'Reportes', href: '/reportes', icon: 'description' },
> 17 |     { name: 'Dashboard', href: '/', icon: LayoutDashboard },
     |                                           ^
  18 |     { name: 'Consolidados', href: '/consolidados', icon: BarChart3 },
  19 |     { name: 'Funcionarios', href: '/funcionarios', icon: Users },
  20 |     { name: 'Importar', href: '/importar', icon: Upload },
[browser] Uncaught ReferenceError: LayoutDashboard is not defined
    at Sidebar (../../REMUNERACIONES 2026/frontend/src/components/Sidebar.tsx:17:43)
    at RootLayout (src/app/layout.tsx:25:9)
  15 |     { name: 'Importar', href: '/importar', icon: 'cloud_upload' },
  16 |     { name: 'Reportes', href: '/reportes', icon: 'description' },
> 17 |     { name: 'Dashboard', href: '/', icon: LayoutDashboard },
     |                                           ^
  18 |     { name: 'Consolidados', href: '/consolidados', icon: BarChart3 },
  19 |     { name: 'Funcionarios', href: '/funcionarios', icon: Users },
  20 |     { name: 'Importar', href: '/importar', icon: Upload },
[browser] Uncaught ReferenceError: LayoutDashboard is not defined
    at Sidebar (../../REMUNERACIONES 2026/frontend/src/components/Sidebar.tsx:17:43)
    at RootLayout (src/app/layout.tsx:25:9)
  15 |     { name: 'Importar', href: '/importar', icon: 'cloud_upload' },
  16 |     { name: 'Reportes', href: '/reportes', icon: 'description' },
> 17 |     { name: 'Dashboard', href: '/', icon: LayoutDashboard },
     |                                           ^
  18 |     { name: 'Consolidados', href: '/consolidados', icon: BarChart3 },
  19 |     { name: 'Funcionarios', href: '/funcionarios', icon: Users },
  20 |     { name: 'Importar', href: '/importar', icon: Upload },
[browser] Uncaught ReferenceError: LayoutDashboard is not defined
    at Sidebar (../../REMUNERACIONES 2026/frontend/src/components/Sidebar.tsx:17:43)
    at RootLayout (src/app/layout.tsx:25:9)
  15 |     { name: 'Importar', href: '/importar', icon: 'cloud_upload' },
  16 |     { name: 'Reportes', href: '/reportes', icon: 'description' },
> 17 |     { name: 'Dashboard', href: '/', icon: LayoutDashboard },
     |                                           ^
  18 |     { name: 'Consolidados', href: '/consolidados', icon: BarChart3 },
  19 |     { name: 'Funcionarios', href: '/funcionarios', icon: Users },
  20 |     { name: 'Importar', href: '/importar', icon: Upload },
[browser] Uncaught ReferenceError: LayoutDashboard is not defined
    at Sidebar (../../REMUNERACIONES 2026/frontend/src/components/Sidebar.tsx:17:43)
    at RootLayout (src/app/layout.tsx:25:9)
  15 |     { name: 'Importar', href: '/importar', icon: 'cloud_upload' },
  16 |     { name: 'Reportes', href: '/reportes', icon: 'description' },
> 17 |     { name: 'Dashboard', href: '/', icon: LayoutDashboard },
     |                                           ^
  18 |     { name: 'Consolidados', href: '/consolidados', icon: BarChart3 },
  19 |     { name: 'Funcionarios', href: '/funcionarios', icon: Users },
  20 |     { name: 'Importar', href: '/importar', icon: Upload },
[browser] ./Documents/REMUNERACIONES 2026/frontend/src/app/page.tsx:1:27
You're importing a module that depends on `useEffect` into a React Server Component module. This API is only available in Client Components. To fix, mark the file (or its parent) with the `"use client"` directive.
    Learn more: https://nextjs.org/docs/app/api-reference/directives/use-client
> 1 | import React, { useState, useEffect } from 'react';
    |                           ^^^^^^^^^
  2 | import axios from 'axios';
  3 | import { motion } from 'framer-motion';
  4 | import { cn } from "@/lib/utils";

Ecmascript file had an error 
[browser] ./Documents/REMUNERACIONES 2026/frontend/src/app/page.tsx:1:17
You're importing a module that depends on `useState` into a React Server Component module. This API is only available in Client Components. To fix, mark the file (or its parent) with the `"use client"` directive.
    Learn more: https://nextjs.org/docs/app/api-reference/directives/use-client
> 1 | import React, { useState, useEffect } from 'react';
    |                 ^^^^^^^^
  2 | import axios from 'axios';
  3 | import { motion } from 'framer-motion';
  4 | import { cn } from "@/lib/utils";

Ecmascript file had an error 
[browser] ./Documents/REMUNERACIONES 2026/frontend/src/app/page.tsx:1:27
You're importing a module that depends on `useEffect` into a React Server Component module. This API is only available in Client Components. To fix, mark the file (or its parent) with the `"use client"` directive.
    Learn more: https://nextjs.org/docs/app/api-reference/directives/use-client
> 1 | import React, { useState, useEffect } from 'react';
    |                           ^^^^^^^^^
  2 | import axios from 'axios';
  3 | import { motion } from 'framer-motion';
  4 | import { cn } from "@/lib/utils";

Ecmascript file had an error 
[browser] ./Documents/REMUNERACIONES 2026/frontend/src/app/page.tsx:1:17
You're importing a module that depends on `useState` into a React Server Component module. This API is only available in Client Components. To fix, mark the file (or its parent) with the `"use client"` directive.
    Learn more: https://nextjs.org/docs/app/api-reference/directives/use-client
> 1 | import React, { useState, useEffect } from 'react';
    |                 ^^^^^^^^
  2 | import axios from 'axios';
  3 | import { motion } from 'framer-motion';
  4 | import { cn } from "@/lib/utils";

Ecmascript file had an error 
[browser] ./Documents/REMUNERACIONES 2026/frontend/src/app/page.tsx:1:27
You're importing a module that depends on `useEffect` into a React Server Component module. This API is only available in Client Components. To fix, mark the file (or its parent) with the `"use client"` directive.
    Learn more: https://nextjs.org/docs/app/api-reference/directives/use-client
> 1 | import React, { useState, useEffect } from 'react';
    |                           ^^^^^^^^^
  2 | import axios from 'axios';
  3 | import { motion } from 'framer-motion';
  4 | import { cn } from "@/lib/utils";

Ecmascript file had an error 
[browser] ./Documents/REMUNERACIONES 2026/frontend/src/app/page.tsx:1:17
You're importing a module that depends on `useState` into a React Server Component module. This API is only available in Client Components. To fix, mark the file (or its parent) with the `"use client"` directive.
    Learn more: https://nextjs.org/docs/app/api-reference/directives/use-client
> 1 | import React, { useState, useEffect } from 'react';
    |                 ^^^^^^^^
  2 | import axios from 'axios';
  3 | import { motion } from 'framer-motion';
  4 | import { cn } from "@/lib/utils";

Ecmascript file had an error 
[browser] ./Documents/REMUNERACIONES 2026/frontend/src/app/page.tsx:1:27
You're importing a module that depends on `useEffect` into a React Server Component module. This API is only available in Client Components. To fix, mark the file (or its parent) with the `"use client"` directive.
    Learn more: https://nextjs.org/docs/app/api-reference/directives/use-client
> 1 | import React, { useState, useEffect } from 'react';
    |                           ^^^^^^^^^
  2 | import axios from 'axios';
  3 | import { motion } from 'framer-motion';
  4 | import { cn } from "@/lib/utils";

Ecmascript file had an error 
[browser] ./Documents/REMUNERACIONES 2026/frontend/src/app/page.tsx:1:17
You're importing a module that depends on `useState` into a React Server Component module. This API is only available in Client Components. To fix, mark the file (or its parent) with the `"use client"` directive.
    Learn more: https://nextjs.org/docs/app/api-reference/directives/use-client
> 1 | import React, { useState, useEffect } from 'react';
    |                 ^^^^^^^^
  2 | import axios from 'axios';
  3 | import { motion } from 'framer-motion';
  4 | import { cn } from "@/lib/utils";

Ecmascript file had an error 
[browser] ./Documents/REMUNERACIONES 2026/frontend/src/app/page.tsx:1:27
You're importing a module that depends on `useEffect` into a React Server Component module. This API is only available in Client Components. To fix, mark the file (or its parent) with the `"use client"` directive.
    Learn more: https://nextjs.org/docs/app/api-reference/directives/use-client
> 1 | import React, { useState, useEffect } from 'react';
    |                           ^^^^^^^^^
  2 | import axios from 'axios';
  3 | import { motion } from 'framer-motion';
  4 | import { cn } from "@/lib/utils";

Ecmascript file had an error 
[browser] ./Documents/REMUNERACIONES 2026/frontend/src/app/page.tsx:1:27
You're importing a module that depends on `useEffect` into a React Server Component module. This API is only available in Client Components. To fix, mark the file (or its parent) with the `"use client"` directive.
    Learn more: https://nextjs.org/docs/app/api-reference/directives/use-client
> 1 | import React, { useState, useEffect } from 'react';
    |                           ^^^^^^^^^
  2 | import axios from 'axios';
  3 | import { motion } from 'framer-motion';
  4 | import { cn } from "@/lib/utils";

Ecmascript file had an error 
[browser] ./Documents/REMUNERACIONES 2026/frontend/src/app/page.tsx:1:27
You're importing a module that depends on `useEffect` into a React Server Component module. This API is only available in Client Components. To fix, mark the file (or its parent) with the `"use client"` directive.
    Learn more: https://nextjs.org/docs/app/api-reference/directives/use-client
> 1 | import React, { useState, useEffect } from 'react';
    |                           ^^^^^^^^^
  2 | import axios from 'axios';
  3 | import { motion } from 'framer-motion';
  4 | import { cn } from "@/lib/utils";

Ecmascript file had an error 
[browser] ./Documents/REMUNERACIONES 2026/frontend/src/app/page.tsx:1:17
You're importing a module that depends on `useState` into a React Server Component module. This API is only available in Client Components. To fix, mark the file (or its parent) with the `"use client"` directive.
    Learn more: https://nextjs.org/docs/app/api-reference/directives/use-client
> 1 | import React, { useState, useEffect } from 'react';
    |                 ^^^^^^^^
  2 | import axios from 'axios';
  3 | import { motion } from 'framer-motion';
  4 | import { cn } from "@/lib/utils";

Ecmascript file had an error 
[browser] ./Documents/REMUNERACIONES 2026/frontend/src/app/page.tsx:1:17
You're importing a module that depends on `useState` into a React Server Component module. This API is only available in Client Components. To fix, mark the file (or its parent) with the `"use client"` directive.
    Learn more: https://nextjs.org/docs/app/api-reference/directives/use-client
> 1 | import React, { useState, useEffect } from 'react';
    |                 ^^^^^^^^
  2 | import axios from 'axios';
  3 | import { motion } from 'framer-motion';
  4 | import { cn } from "@/lib/utils";

Ecmascript file had an error 
[browser] ./Documents/REMUNERACIONES 2026/frontend/src/app/page.tsx:1:17
You're importing a module that depends on `useState` into a React Server Component module. This API is only available in Client Components. To fix, mark the file (or its parent) with the `"use client"` directive.
    Learn more: https://nextjs.org/docs/app/api-reference/directives/use-client
> 1 | import React, { useState, useEffect } from 'react';
    |                 ^^^^^^^^
  2 | import axios from 'axios';
  3 | import { motion } from 'framer-motion';
  4 | import { cn } from "@/lib/utils";

Ecmascript file had an error 
[browser] ./Documents/REMUNERACIONES 2026/frontend/src/app/page.tsx:1:27
You're importing a module that depends on `useEffect` into a React Server Component module. This API is only available in Client Components. To fix, mark the file (or its parent) with the `"use client"` directive.
    Learn more: https://nextjs.org/docs/app/api-reference/directives/use-client
> 1 | import React, { useState, useEffect } from 'react';
    |                           ^^^^^^^^^
  2 | import axios from 'axios';
  3 | import { motion } from 'framer-motion';
  4 | import { cn } from "@/lib/utils";

Ecmascript file had an error 
[browser] ./Documents/REMUNERACIONES 2026/frontend/src/app/page.tsx:1:27
You're importing a module that depends on `useEffect` into a React Server Component module. This API is only available in Client Components. To fix, mark the file (or its parent) with the `"use client"` directive.
    Learn more: https://nextjs.org/docs/app/api-reference/directives/use-client
> 1 | import React, { useState, useEffect } from 'react';
    |                           ^^^^^^^^^
  2 | import axios from 'axios';
  3 | import { motion } from 'framer-motion';
  4 | import { cn } from "@/lib/utils";

Ecmascript file had an error 
[browser] ./Documents/REMUNERACIONES 2026/frontend/src/app/page.tsx:1:17
You're importing a module that depends on `useState` into a React Server Component module. This API is only available in Client Components. To fix, mark the file (or its parent) with the `"use client"` directive.
    Learn more: https://nextjs.org/docs/app/api-reference/directives/use-client
> 1 | import React, { useState, useEffect } from 'react';
    |                 ^^^^^^^^
  2 | import axios from 'axios';
  3 | import { motion } from 'framer-motion';
  4 | import { cn } from "@/lib/utils";

Ecmascript file had an error 
[browser] ./Documents/REMUNERACIONES 2026/frontend/src/app/page.tsx:1:17
You're importing a module that depends on `useState` into a React Server Component module. This API is only available in Client Components. To fix, mark the file (or its parent) with the `"use client"` directive.
    Learn more: https://nextjs.org/docs/app/api-reference/directives/use-client
> 1 | import React, { useState, useEffect } from 'react';
    |                 ^^^^^^^^
  2 | import axios from 'axios';
  3 | import { motion } from 'framer-motion';
  4 | import { cn } from "@/lib/utils";

Ecmascript file had an error 
[browser] ./Documents/REMUNERACIONES 2026/frontend/src/app/page.tsx:1:27
You're importing a module that depends on `useEffect` into a React Server Component module. This API is only available in Client Components. To fix, mark the file (or its parent) with the `"use client"` directive.
    Learn more: https://nextjs.org/docs/app/api-reference/directives/use-client
> 1 | import React, { useState, useEffect } from 'react';
    |                           ^^^^^^^^^
  2 | import axios from 'axios';
  3 | import { motion } from 'framer-motion';
  4 | import { cn } from "@/lib/utils";

Ecmascript file had an error 
[browser] ./Documents/REMUNERACIONES 2026/frontend/src/app/page.tsx:1:17
You're importing a module that depends on `useState` into a React Server Component module. This API is only available in Client Components. To fix, mark the file (or its parent) with the `"use client"` directive.
    Learn more: https://nextjs.org/docs/app/api-reference/directives/use-client
> 1 | import React, { useState, useEffect } from 'react';
    |                 ^^^^^^^^
  2 | import axios from 'axios';
  3 | import { motion } from 'framer-motion';
  4 | import { cn } from "@/lib/utils";

Ecmascript file had an error 
[browser] ./Documents/REMUNERACIONES 2026/frontend/src/app/page.tsx:1:27
You're importing a module that depends on `useEffect` into a React Server Component module. This API is only available in Client Components. To fix, mark the file (or its parent) with the `"use client"` directive.
    Learn more: https://nextjs.org/docs/app/api-reference/directives/use-client
> 1 | import React, { useState, useEffect } from 'react';
    |                           ^^^^^^^^^
  2 | import axios from 'axios';
  3 | import { motion } from 'framer-motion';
  4 | import { cn } from "@/lib/utils";

Ecmascript file had an error 
[browser] ./Documents/REMUNERACIONES 2026/frontend/src/app/page.tsx:1:17
You're importing a module that depends on `useState` into a React Server Component module. This API is only available in Client Components. To fix, mark the file (or its parent) with the `"use client"` directive.
    Learn more: https://nextjs.org/docs/app/api-reference/directives/use-client
> 1 | import React, { useState, useEffect } from 'react';
    |                 ^^^^^^^^
  2 | import axios from 'axios';
  3 | import { motion } from 'framer-motion';
  4 | import { cn } from "@/lib/utils";

Ecmascript file had an error 
[browser] ./Documents/REMUNERACIONES 2026/frontend/src/app/page.tsx:1:27
You're importing a module that depends on `useEffect` into a React Server Component module. This API is only available in Client Components. To fix, mark the file (or its parent) with the `"use client"` directive.
    Learn more: https://nextjs.org/docs/app/api-reference/directives/use-client
> 1 | import React, { useState, useEffect } from 'react';
    |                           ^^^^^^^^^
  2 | import axios from 'axios';
  3 | import { motion } from 'framer-motion';
  4 | import { cn } from "@/lib/utils";

Ecmascript file had an error 
[browser] ./Documents/REMUNERACIONES 2026/frontend/src/app/page.tsx:1:17
You're importing a module that depends on `useState` into a React Server Component module. This API is only available in Client Components. To fix, mark the file (or its parent) with the `"use client"` directive.
    Learn more: https://nextjs.org/docs/app/api-reference/directives/use-client
> 1 | import React, { useState, useEffect } from 'react';
    |                 ^^^^^^^^
  2 | import axios from 'axios';
  3 | import { motion } from 'framer-motion';
  4 | import { cn } from "@/lib/utils";

Ecmascript file had an error 
[browser] ./Documents/REMUNERACIONES 2026/frontend/src/app/page.tsx:1:27
You're importing a module that depends on `useEffect` into a React Server Component module. This API is only available in Client Components. To fix, mark the file (or its parent) with the `"use client"` directive.
    Learn more: https://nextjs.org/docs/app/api-reference/directives/use-client
> 1 | import React, { useState, useEffect } from 'react';
    |                           ^^^^^^^^^
  2 | import axios from 'axios';
  3 | import { motion } from 'framer-motion';
  4 | import { cn } from "@/lib/utils";

Ecmascript file had an error 
[browser] ./Documents/REMUNERACIONES 2026/frontend/src/app/page.tsx:1:27
You're importing a module that depends on `useEffect` into a React Server Component module. This API is only available in Client Components. To fix, mark the file (or its parent) with the `"use client"` directive.
    Learn more: https://nextjs.org/docs/app/api-reference/directives/use-client
> 1 | import React, { useState, useEffect } from 'react';
    |                           ^^^^^^^^^
  2 | import axios from 'axios';
  3 | import { motion } from 'framer-motion';
  4 | import { cn } from "@/lib/utils";

Ecmascript file had an error 
[browser] ./Documents/REMUNERACIONES 2026/frontend/src/app/page.tsx:1:17
You're importing a module that depends on `useState` into a React Server Component module. This API is only available in Client Components. To fix, mark the file (or its parent) with the `"use client"` directive.
    Learn more: https://nextjs.org/docs/app/api-reference/directives/use-client
> 1 | import React, { useState, useEffect } from 'react';
    |                 ^^^^^^^^
  2 | import axios from 'axios';
  3 | import { motion } from 'framer-motion';
  4 | import { cn } from "@/lib/utils";

Ecmascript file had an error 
[browser] ./Documents/REMUNERACIONES 2026/frontend/src/app/page.tsx:1:17
You're importing a module that depends on `useState` into a React Server Component module. This API is only available in Client Components. To fix, mark the file (or its parent) with the `"use client"` directive.
    Learn more: https://nextjs.org/docs/app/api-reference/directives/use-client
> 1 | import React, { useState, useEffect } from 'react';
    |                 ^^^^^^^^
  2 | import axios from 'axios';
  3 | import { motion } from 'framer-motion';
  4 | import { cn } from "@/lib/utils";

Ecmascript file had an error 
[browser] ./Documents/REMUNERACIONES 2026/frontend/src/app/page.tsx:1:27
You're importing a module that depends on `useEffect` into a React Server Component module. This API is only available in Client Components. To fix, mark the file (or its parent) with the `"use client"` directive.
    Learn more: https://nextjs.org/docs/app/api-reference/directives/use-client
> 1 | import React, { useState, useEffect } from 'react';
    |                           ^^^^^^^^^
  2 | import axios from 'axios';
  3 | import { motion } from 'framer-motion';
  4 | import { cn } from "@/lib/utils";

Ecmascript file had an error 
[browser] ./Documents/REMUNERACIONES 2026/frontend/src/app/page.tsx:1:27
You're importing a module that depends on `useEffect` into a React Server Component module. This API is only available in Client Components. To fix, mark the file (or its parent) with the `"use client"` directive.
    Learn more: https://nextjs.org/docs/app/api-reference/directives/use-client
> 1 | import React, { useState, useEffect } from 'react';
    |                           ^^^^^^^^^
  2 | import axios from 'axios';
  3 | import { motion } from 'framer-motion';
  4 | import { cn } from "@/lib/utils";

Ecmascript file had an error 
[browser] ./Documents/REMUNERACIONES 2026/frontend/src/app/page.tsx:1:17
You're importing a module that depends on `useState` into a React Server Component module. This API is only available in Client Components. To fix, mark the file (or its parent) with the `"use client"` directive.
    Learn more: https://nextjs.org/docs/app/api-reference/directives/use-client
> 1 | import React, { useState, useEffect } from 'react';
    |                 ^^^^^^^^
  2 | import axios from 'axios';
  3 | import { motion } from 'framer-motion';
  4 | import { cn } from "@/lib/utils";

Ecmascript file had an error 
[browser] ./Documents/REMUNERACIONES 2026/frontend/src/app/page.tsx:1:17
You're importing a module that depends on `useState` into a React Server Component module. This API is only available in Client Components. To fix, mark the file (or its parent) with the `"use client"` directive.
    Learn more: https://nextjs.org/docs/app/api-reference/directives/use-client
> 1 | import React, { useState, useEffect } from 'react';
    |                 ^^^^^^^^
  2 | import axios from 'axios';
  3 | import { motion } from 'framer-motion';
  4 | import { cn } from "@/lib/utils";

Ecmascript file had an error 
[browser] ./Documents/REMUNERACIONES 2026/frontend/src/app/page.tsx:1:27
You're importing a module that depends on `useEffect` into a React Server Component module. This API is only available in Client Components. To fix, mark the file (or its parent) with the `"use client"` directive.
    Learn more: https://nextjs.org/docs/app/api-reference/directives/use-client
> 1 | import React, { useState, useEffect } from 'react';
    |                           ^^^^^^^^^
  2 | import axios from 'axios';
  3 | import { motion } from 'framer-motion';
  4 | import { cn } from "@/lib/utils";

Ecmascript file had an error 
[browser] ./Documents/REMUNERACIONES 2026/frontend/src/app/page.tsx:1:17
You're importing a module that depends on `useState` into a React Server Component module. This API is only available in Client Components. To fix, mark the file (or its parent) with the `"use client"` directive.
    Learn more: https://nextjs.org/docs/app/api-reference/directives/use-client
> 1 | import React, { useState, useEffect } from 'react';
    |                 ^^^^^^^^
  2 | import axios from 'axios';
  3 | import { motion } from 'framer-motion';
  4 | import { cn } from "@/lib/utils";

Ecmascript file had an error 
[browser] ./Documents/REMUNERACIONES 2026/frontend/src/app/page.tsx:1:27
You're importing a module that depends on `useEffect` into a React Server Component module. This API is only available in Client Components. To fix, mark the file (or its parent) with the `"use client"` directive.
    Learn more: https://nextjs.org/docs/app/api-reference/directives/use-client
> 1 | import React, { useState, useEffect } from 'react';
    |                           ^^^^^^^^^
  2 | import axios from 'axios';
  3 | import { motion } from 'framer-motion';
  4 | import { cn } from "@/lib/utils";

Ecmascript file had an error 
[browser] ./Documents/REMUNERACIONES 2026/frontend/src/app/page.tsx:1:17
You're importing a module that depends on `useState` into a React Server Component module. This API is only available in Client Components. To fix, mark the file (or its parent) with the `"use client"` directive.
    Learn more: https://nextjs.org/docs/app/api-reference/directives/use-client
> 1 | import React, { useState, useEffect } from 'react';
    |                 ^^^^^^^^
  2 | import axios from 'axios';
  3 | import { motion } from 'framer-motion';
  4 | import { cn } from "@/lib/utils";

Ecmascript file had an error 
[browser] ./Documents/REMUNERACIONES 2026/frontend/src/app/page.tsx:1:27
You're importing a module that depends on `useEffect` into a React Server Component module. This API is only available in Client Components. To fix, mark the file (or its parent) with the `"use client"` directive.
    Learn more: https://nextjs.org/docs/app/api-reference/directives/use-client
> 1 | import React, { useState, useEffect } from 'react';
    |                           ^^^^^^^^^
  2 | import axios from 'axios';
  3 | import { motion } from 'framer-motion';
  4 | import { cn } from "@/lib/utils";

Ecmascript file had an error 
[browser] ./Documents/REMUNERACIONES 2026/frontend/src/app/page.tsx:1:17
You're importing a module that depends on `useState` into a React Server Component module. This API is only available in Client Components. To fix, mark the file (or its parent) with the `"use client"` directive.
    Learn more: https://nextjs.org/docs/app/api-reference/directives/use-client
> 1 | import React, { useState, useEffect } from 'react';
    |                 ^^^^^^^^
  2 | import axios from 'axios';
  3 | import { motion } from 'framer-motion';
  4 | import { cn } from "@/lib/utils";

Ecmascript file had an error 
[browser] ./Documents/REMUNERACIONES 2026/frontend/src/app/page.tsx:1:27
You're importing a module that depends on `useEffect` into a React Server Component module. This API is only available in Client Components. To fix, mark the file (or its parent) with the `"use client"` directive.
    Learn more: https://nextjs.org/docs/app/api-reference/directives/use-client
> 1 | import React, { useState, useEffect } from 'react';
    |                           ^^^^^^^^^
  2 | import axios from 'axios';
  3 | import { motion } from 'framer-motion';
  4 | import { cn } from "@/lib/utils";

Ecmascript file had an error 
[browser] ./Documents/REMUNERACIONES 2026/frontend/src/app/page.tsx:1:17
You're importing a module that depends on `useState` into a React Server Component module. This API is only available in Client Components. To fix, mark the file (or its parent) with the `"use client"` directive.
    Learn more: https://nextjs.org/docs/app/api-reference/directives/use-client
> 1 | import React, { useState, useEffect } from 'react';
    |                 ^^^^^^^^
  2 | import axios from 'axios';
  3 | import { motion } from 'framer-motion';
  4 | import { cn } from "@/lib/utils";

Ecmascript file had an error 
 GET /consolidados 500 in 454ms (next.js: 300ms, application-code: 154ms)
 GET /reportes 500 in 341ms (next.js: 268ms, application-code: 73ms)
[browser] ./Documents/REMUNERACIONES 2026/frontend/src/app/page.tsx:1:27
You're importing a module that depends on `useEffect` into a React Server Component module. This API is only available in Client Components. To fix, mark the file (or its parent) with the `"use client"` directive.
    Learn more: https://nextjs.org/docs/app/api-reference/directives/use-client
> 1 | import React, { useState, useEffect } from 'react';
    |                           ^^^^^^^^^
  2 | import axios from 'axios';
  3 | import { motion } from 'framer-motion';
  4 | import { cn } from "@/lib/utils";

Ecmascript file had an error 
[browser] ./Documents/REMUNERACIONES 2026/frontend/src/app/page.tsx:1:27
You're importing a module that depends on `useEffect` into a React Server Component module. This API is only available in Client Components. To fix, mark the file (or its parent) with the `"use client"` directive.
    Learn more: https://nextjs.org/docs/app/api-reference/directives/use-client
> 1 | import React, { useState, useEffect } from 'react';
    |                           ^^^^^^^^^
  2 | import axios from 'axios';
  3 | import { motion } from 'framer-motion';
  4 | import { cn } from "@/lib/utils";

Ecmascript file had an error 
[browser] ./Documents/REMUNERACIONES 2026/frontend/src/app/page.tsx:1:17
You're importing a module that depends on `useState` into a React Server Component module. This API is only available in Client Components. To fix, mark the file (or its parent) with the `"use client"` directive.
    Learn more: https://nextjs.org/docs/app/api-reference/directives/use-client
> 1 | import React, { useState, useEffect } from 'react';
    |                 ^^^^^^^^
  2 | import axios from 'axios';
  3 | import { motion } from 'framer-motion';
  4 | import { cn } from "@/lib/utils";

Ecmascript file had an error 
[browser] ./Documents/REMUNERACIONES 2026/frontend/src/app/page.tsx:1:17
You're importing a module that depends on `useState` into a React Server Component module. This API is only available in Client Components. To fix, mark the file (or its parent) with the `"use client"` directive.
    Learn more: https://nextjs.org/docs/app/api-reference/directives/use-client
> 1 | import React, { useState, useEffect } from 'react';
    |                 ^^^^^^^^
  2 | import axios from 'axios';
  3 | import { motion } from 'framer-motion';
  4 | import { cn } from "@/lib/utils";

Ecmascript file had an error 
[browser] ./Documents/REMUNERACIONES 2026/frontend/src/app/page.tsx:1:27
You're importing a module that depends on `useEffect` into a React Server Component module. This API is only available in Client Components. To fix, mark the file (or its parent) with the `"use client"` directive.
    Learn more: https://nextjs.org/docs/app/api-reference/directives/use-client
> 1 | import React, { useState, useEffect } from 'react';
    |                           ^^^^^^^^^
  2 | import axios from 'axios';
  3 | import { motion } from 'framer-motion';
  4 | import { cn } from "@/lib/utils";

Ecmascript file had an error 
[browser] ./Documents/REMUNERACIONES 2026/frontend/src/app/page.tsx:1:27
You're importing a module that depends on `useEffect` into a React Server Component module. This API is only available in Client Components. To fix, mark the file (or its parent) with the `"use client"` directive.
    Learn more: https://nextjs.org/docs/app/api-reference/directives/use-client
> 1 | import React, { useState, useEffect } from 'react';
    |                           ^^^^^^^^^
  2 | import axios from 'axios';
  3 | import { motion } from 'framer-motion';
  4 | import { cn } from "@/lib/utils";

Ecmascript file had an error 
[browser] ./Documents/REMUNERACIONES 2026/frontend/src/app/page.tsx:1:17
You're importing a module that depends on `useState` into a React Server Component module. This API is only available in Client Components. To fix, mark the file (or its parent) with the `"use client"` directive.
    Learn more: https://nextjs.org/docs/app/api-reference/directives/use-client
> 1 | import React, { useState, useEffect } from 'react';
    |                 ^^^^^^^^
  2 | import axios from 'axios';
  3 | import { motion } from 'framer-motion';
  4 | import { cn } from "@/lib/utils";

Ecmascript file had an error 
[browser] ./Documents/REMUNERACIONES 2026/frontend/src/app/page.tsx:1:17
You're importing a module that depends on `useState` into a React Server Component module. This API is only available in Client Components. To fix, mark the file (or its parent) with the `"use client"` directive.
    Learn more: https://nextjs.org/docs/app/api-reference/directives/use-client
> 1 | import React, { useState, useEffect } from 'react';
    |                 ^^^^^^^^
  2 | import axios from 'axios';
  3 | import { motion } from 'framer-motion';
  4 | import { cn } from "@/lib/utils";

Ecmascript file had an error 
[browser] ./Documents/REMUNERACIONES 2026/frontend/src/app/page.tsx:1:27
You're importing a module that depends on `useEffect` into a React Server Component module. This API is only available in Client Components. To fix, mark the file (or its parent) with the `"use client"` directive.
    Learn more: https://nextjs.org/docs/app/api-reference/directives/use-client
> 1 | import React, { useState, useEffect } from 'react';
    |                           ^^^^^^^^^
  2 | import axios from 'axios';
  3 | import { motion } from 'framer-motion';
  4 | import { cn } from "@/lib/utils";

Ecmascript file had an error 
[browser] ./Documents/REMUNERACIONES 2026/frontend/src/app/page.tsx:1:27
You're importing a module that depends on `useEffect` into a React Server Component module. This API is only available in Client Components. To fix, mark the file (or its parent) with the `"use client"` directive.
    Learn more: https://nextjs.org/docs/app/api-reference/directives/use-client
> 1 | import React, { useState, useEffect } from 'react';
    |                           ^^^^^^^^^
  2 | import axios from 'axios';
  3 | import { motion } from 'framer-motion';
  4 | import { cn } from "@/lib/utils";

Ecmascript file had an error 
[browser] ./Documents/REMUNERACIONES 2026/frontend/src/app/page.tsx:1:17
You're importing a module that depends on `useState` into a React Server Component module. This API is only available in Client Components. To fix, mark the file (or its parent) with the `"use client"` directive.
    Learn more: https://nextjs.org/docs/app/api-reference/directives/use-client
> 1 | import React, { useState, useEffect } from 'react';
    |                 ^^^^^^^^
  2 | import axios from 'axios';
  3 | import { motion } from 'framer-motion';
  4 | import { cn } from "@/lib/utils";

Ecmascript file had an error 
[browser] ./Documents/REMUNERACIONES 2026/frontend/src/app/page.tsx:1:17
You're importing a module that depends on `useState` into a React Server Component module. This API is only available in Client Components. To fix, mark the file (or its parent) with the `"use client"` directive.
    Learn more: https://nextjs.org/docs/app/api-reference/directives/use-client
> 1 | import React, { useState, useEffect } from 'react';
    |                 ^^^^^^^^
  2 | import axios from 'axios';
  3 | import { motion } from 'framer-motion';
  4 | import { cn } from "@/lib/utils";

Ecmascript file had an error 
 GET /funcionarios/18289977-1 500 in 247ms (next.js: 221ms, application-code: 27ms)
 GET /consolidados/2 500 in 104ms (next.js: 81ms, application-code: 24ms)
 GET /consolidados 500 in 60ms (next.js: 39ms, application-code: 20ms)
[browser] Uncaught Error: ./Documents/REMUNERACIONES 2026/frontend/src/app/page.tsx:1:27
You're importing a module that depends on `useEffect` into a React Server Component module. This API is only available in Client Components. To fix, mark the file (or its parent) with the `"use client"` directive.
    Learn more: https://nextjs.org/docs/app/api-reference/directives/use-client
> 1 | import React, { useState, useEffect } from 'react';
    |                           ^^^^^^^^^
  2 | import axios from 'axios';
  3 | import { motion } from 'framer-motion';
  4 | import { cn } from "@/lib/utils";

Ecmascript file had an error


    at <unknown> (Error: ./Documents/REMUNERACIONES 2026/frontend/src/app/page.tsx:1:27)
    at <unknown> (Error: (./Documents/REMUNERACIONES 2026/frontend/src/app/page.tsx:1:27)
[browser] ./Documents/REMUNERACIONES 2026/frontend/src/app/page.tsx:1:27
You're importing a module that depends on `useEffect` into a React Server Component module. This API is only available in Client Components. To fix, mark the file (or its parent) with the `"use client"` directive.
    Learn more: https://nextjs.org/docs/app/api-reference/directives/use-client
> 1 | import React, { useState, useEffect } from 'react';
    |                           ^^^^^^^^^
  2 | import axios from 'axios';
  3 | import { motion } from 'framer-motion';
  4 | import { cn } from "@/lib/utils";

Ecmascript file had an error 
[browser] ./Documents/REMUNERACIONES 2026/frontend/src/app/page.tsx:1:17
You're importing a module that depends on `useState` into a React Server Component module. This API is only available in Client Components. To fix, mark the file (or its parent) with the `"use client"` directive.
    Learn more: https://nextjs.org/docs/app/api-reference/directives/use-client
> 1 | import React, { useState, useEffect } from 'react';
    |                 ^^^^^^^^
  2 | import axios from 'axios';
  3 | import { motion } from 'framer-motion';
  4 | import { cn } from "@/lib/utils";

Ecmascript file had an error 
[browser] ./Documents/REMUNERACIONES 2026/frontend/src/app/page.tsx:1:27
You're importing a module that depends on `useEffect` into a React Server Component module. This API is only available in Client Components. To fix, mark the file (or its parent) with the `"use client"` directive.
    Learn more: https://nextjs.org/docs/app/api-reference/directives/use-client
> 1 | import React, { useState, useEffect } from 'react';
    |                           ^^^^^^^^^
  2 | import axios from 'axios';
  3 | import { motion } from 'framer-motion';
  4 | import { cn } from "@/lib/utils";

Ecmascript file had an error 
[browser] ./Documents/REMUNERACIONES 2026/frontend/src/app/page.tsx:1:17
You're importing a module that depends on `useState` into a React Server Component module. This API is only available in Client Components. To fix, mark the file (or its parent) with the `"use client"` directive.
    Learn more: https://nextjs.org/docs/app/api-reference/directives/use-client
> 1 | import React, { useState, useEffect } from 'react';
    |                 ^^^^^^^^
  2 | import axios from 'axios';
  3 | import { motion } from 'framer-motion';
  4 | import { cn } from "@/lib/utils";

Ecmascript file had an error 
[browser] Uncaught Error: ./Documents/REMUNERACIONES 2026/frontend/src/app/page.tsx:1:27
You're importing a module that depends on `useEffect` into a React Server Component module. This API is only available in Client Components. To fix, mark the file (or its parent) with the `"use client"` directive.
    Learn more: https://nextjs.org/docs/app/api-reference/directives/use-client
> 1 | import React, { useState, useEffect } from 'react';
    |                           ^^^^^^^^^
  2 | import axios from 'axios';
  3 | import { motion } from 'framer-motion';
  4 | import { cn } from "@/lib/utils";

Ecmascript file had an error


    at <unknown> (Error: ./Documents/REMUNERACIONES 2026/frontend/src/app/page.tsx:1:27)
    at <unknown> (Error: (./Documents/REMUNERACIONES 2026/frontend/src/app/page.tsx:1:27)
[browser] ./Documents/REMUNERACIONES 2026/frontend/src/app/page.tsx:1:27
You're importing a module that depends on `useEffect` into a React Server Component module. This API is only available in Client Components. To fix, mark the file (or its parent) with the `"use client"` directive.
    Learn more: https://nextjs.org/docs/app/api-reference/directives/use-client
> 1 | import React, { useState, useEffect } from 'react';
    |                           ^^^^^^^^^
  2 | import axios from 'axios';
  3 | import { motion } from 'framer-motion';
  4 | import { cn } from "@/lib/utils";

Ecmascript file had an error 
[browser] ./Documents/REMUNERACIONES 2026/frontend/src/app/page.tsx:1:17
You're importing a module that depends on `useState` into a React Server Component module. This API is only available in Client Components. To fix, mark the file (or its parent) with the `"use client"` directive.
    Learn more: https://nextjs.org/docs/app/api-reference/directives/use-client
> 1 | import React, { useState, useEffect } from 'react';
    |                 ^^^^^^^^
  2 | import axios from 'axios';
  3 | import { motion } from 'framer-motion';
  4 | import { cn } from "@/lib/utils";

Ecmascript file had an error 
[browser] ./Documents/REMUNERACIONES 2026/frontend/src/app/page.tsx:1:27
You're importing a module that depends on `useEffect` into a React Server Component module. This API is only available in Client Components. To fix, mark the file (or its parent) with the `"use client"` directive.
    Learn more: https://nextjs.org/docs/app/api-reference/directives/use-client
> 1 | import React, { useState, useEffect } from 'react';
    |                           ^^^^^^^^^
  2 | import axios from 'axios';
  3 | import { motion } from 'framer-motion';
  4 | import { cn } from "@/lib/utils";

Ecmascript file had an error 
[browser] ./Documents/REMUNERACIONES 2026/frontend/src/app/page.tsx:1:17
You're importing a module that depends on `useState` into a React Server Component module. This API is only available in Client Components. To fix, mark the file (or its parent) with the `"use client"` directive.
    Learn more: https://nextjs.org/docs/app/api-reference/directives/use-client
> 1 | import React, { useState, useEffect } from 'react';
    |                 ^^^^^^^^
  2 | import axios from 'axios';
  3 | import { motion } from 'framer-motion';
  4 | import { cn } from "@/lib/utils";

Ecmascript file had an error 
[browser] ./Documents/REMUNERACIONES 2026/frontend/src/app/page.tsx:1:27
You're importing a module that depends on `useEffect` into a React Server Component module. This API is only available in Client Components. To fix, mark the file (or its parent) with the `"use client"` directive.
    Learn more: https://nextjs.org/docs/app/api-reference/directives/use-client
> 1 | import React, { useState, useEffect } from 'react';
    |                           ^^^^^^^^^
  2 | import axios from 'axios';
  3 | import { motion } from 'framer-motion';
  4 | import { cn } from "@/lib/utils";

Ecmascript file had an error 
[browser] ./Documents/REMUNERACIONES 2026/frontend/src/app/page.tsx:1:17
You're importing a module that depends on `useState` into a React Server Component module. This API is only available in Client Components. To fix, mark the file (or its parent) with the `"use client"` directive.
    Learn more: https://nextjs.org/docs/app/api-reference/directives/use-client
> 1 | import React, { useState, useEffect } from 'react';
    |                 ^^^^^^^^
  2 | import axios from 'axios';
  3 | import { motion } from 'framer-motion';
  4 | import { cn } from "@/lib/utils";

Ecmascript file had an error 
[browser] Uncaught Error: ./Documents/REMUNERACIONES 2026/frontend/src/app/page.tsx:1:27
You're importing a module that depends on `useEffect` into a React Server Component module. This API is only available in Client Components. To fix, mark the file (or its parent) with the `"use client"` directive.
    Learn more: https://nextjs.org/docs/app/api-reference/directives/use-client
> 1 | import React, { useState, useEffect } from 'react';
    |                           ^^^^^^^^^
  2 | import axios from 'axios';
  3 | import { motion } from 'framer-motion';
  4 | import { cn } from "@/lib/utils";

Ecmascript file had an error


    at <unknown> (Error: ./Documents/REMUNERACIONES 2026/frontend/src/app/page.tsx:1:27)
    at <unknown> (Error: (./Documents/REMUNERACIONES 2026/frontend/src/app/page.tsx:1:27)
[browser] ./Documents/REMUNERACIONES 2026/frontend/src/app/page.tsx:1:27
You're importing a module that depends on `useEffect` into a React Server Component module. This API is only available in Client Components. To fix, mark the file (or its parent) with the `"use client"` directive.
    Learn more: https://nextjs.org/docs/app/api-reference/directives/use-client
> 1 | import React, { useState, useEffect } from 'react';
    |                           ^^^^^^^^^
  2 | import axios from 'axios';
  3 | import { motion } from 'framer-motion';
  4 | import { cn } from "@/lib/utils";

Ecmascript file had an error 
[browser] ./Documents/REMUNERACIONES 2026/frontend/src/app/page.tsx:1:17
You're importing a module that depends on `useState` into a React Server Component module. This API is only available in Client Components. To fix, mark the file (or its parent) with the `"use client"` directive.
    Learn more: https://nextjs.org/docs/app/api-reference/directives/use-client
> 1 | import React, { useState, useEffect } from 'react';
    |                 ^^^^^^^^
  2 | import axios from 'axios';
  3 | import { motion } from 'framer-motion';
  4 | import { cn } from "@/lib/utils";

Ecmascript file had an error 
[browser] Uncaught Error: ./Documents/REMUNERACIONES 2026/frontend/src/app/page.tsx:1:27
You're importing a module that depends on `useEffect` into a React Server Component module. This API is only available in Client Components. To fix, mark the file (or its parent) with the `"use client"` directive.
    Learn more: https://nextjs.org/docs/app/api-reference/directives/use-client
> 1 | import React, { useState, useEffect } from 'react';
    |                           ^^^^^^^^^
  2 | import axios from 'axios';
  3 | import { motion } from 'framer-motion';
  4 | import { cn } from "@/lib/utils";

Ecmascript file had an error


    at <unknown> (Error: ./Documents/REMUNERACIONES 2026/frontend/src/app/page.tsx:1:27)
    at <unknown> (Error: (./Documents/REMUNERACIONES 2026/frontend/src/app/page.tsx:1:27)
[browser] ./Documents/REMUNERACIONES 2026/frontend/src/app/page.tsx:1:27
You're importing a module that depends on `useEffect` into a React Server Component module. This API is only available in Client Components. To fix, mark the file (or its parent) with the `"use client"` directive.
    Learn more: https://nextjs.org/docs/app/api-reference/directives/use-client
> 1 | import React, { useState, useEffect } from 'react';
    |                           ^^^^^^^^^
  2 | import axios from 'axios';
  3 | import { motion } from 'framer-motion';
  4 | import { cn } from "@/lib/utils";

Ecmascript file had an error 
[browser] ./Documents/REMUNERACIONES 2026/frontend/src/app/page.tsx:1:27
You're importing a module that depends on `useEffect` into a React Server Component module. This API is only available in Client Components. To fix, mark the file (or its parent) with the `"use client"` directive.
    Learn more: https://nextjs.org/docs/app/api-reference/directives/use-client
> 1 | import React, { useState, useEffect } from 'react';
    |                           ^^^^^^^^^
  2 | import axios from 'axios';
  3 | import { motion } from 'framer-motion';
  4 | import { cn } from "@/lib/utils";

Ecmascript file had an error 
[browser] ./Documents/REMUNERACIONES 2026/frontend/src/app/page.tsx:1:17
You're importing a module that depends on `useState` into a React Server Component module. This API is only available in Client Components. To fix, mark the file (or its parent) with the `"use client"` directive.
    Learn more: https://nextjs.org/docs/app/api-reference/directives/use-client
> 1 | import React, { useState, useEffect } from 'react';
    |                 ^^^^^^^^
  2 | import axios from 'axios';
  3 | import { motion } from 'framer-motion';
  4 | import { cn } from "@/lib/utils";

Ecmascript file had an error 
[browser] ./Documents/REMUNERACIONES 2026/frontend/src/app/page.tsx:1:17
You're importing a module that depends on `useState` into a React Server Component module. This API is only available in Client Components. To fix, mark the file (or its parent) with the `"use client"` directive.
    Learn more: https://nextjs.org/docs/app/api-reference/directives/use-client
> 1 | import React, { useState, useEffect } from 'react';
    |                 ^^^^^^^^
  2 | import axios from 'axios';
  3 | import { motion } from 'framer-motion';
  4 | import { cn } from "@/lib/utils";

Ecmascript file had an error 
[browser] ./Documents/REMUNERACIONES 2026/frontend/src/app/page.tsx:1:27
You're importing a module that depends on `useEffect` into a React Server Component module. This API is only available in Client Components. To fix, mark the file (or its parent) with the `"use client"` directive.
    Learn more: https://nextjs.org/docs/app/api-reference/directives/use-client
> 1 | import React, { useState, useEffect } from 'react';
    |                           ^^^^^^^^^
  2 | import axios from 'axios';
  3 | import { motion } from 'framer-motion';
  4 | import { cn } from "@/lib/utils";

Ecmascript file had an error 
[browser] ./Documents/REMUNERACIONES 2026/frontend/src/app/page.tsx:1:17
You're importing a module that depends on `useState` into a React Server Component module. This API is only available in Client Components. To fix, mark the file (or its parent) with the `"use client"` directive.
    Learn more: https://nextjs.org/docs/app/api-reference/directives/use-client
> 1 | import React, { useState, useEffect } from 'react';
    |                 ^^^^^^^^
  2 | import axios from 'axios';
  3 | import { motion } from 'framer-motion';
  4 | import { cn } from "@/lib/utils";

Ecmascript file had an error 
[browser] ./Documents/REMUNERACIONES 2026/frontend/src/app/page.tsx:1:27
You're importing a module that depends on `useEffect` into a React Server Component module. This API is only available in Client Components. To fix, mark the file (or its parent) with the `"use client"` directive.
    Learn more: https://nextjs.org/docs/app/api-reference/directives/use-client
> 1 | import React, { useState, useEffect } from 'react';
    |                           ^^^^^^^^^
  2 | import axios from 'axios';
  3 | import { motion } from 'framer-motion';
  4 | import { cn } from "@/lib/utils";

Ecmascript file had an error 
[browser] ./Documents/REMUNERACIONES 2026/frontend/src/app/page.tsx:1:17
You're importing a module that depends on `useState` into a React Server Component module. This API is only available in Client Components. To fix, mark the file (or its parent) with the `"use client"` directive.
    Learn more: https://nextjs.org/docs/app/api-reference/directives/use-client
> 1 | import React, { useState, useEffect } from 'react';
    |                 ^^^^^^^^
  2 | import axios from 'axios';
  3 | import { motion } from 'framer-motion';
  4 | import { cn } from "@/lib/utils";

Ecmascript file had an error 
[browser] ./Documents/REMUNERACIONES 2026/frontend/src/app/page.tsx:1:27
You're importing a module that depends on `useEffect` into a React Server Component module. This API is only available in Client Components. To fix, mark the file (or its parent) with the `"use client"` directive.
    Learn more: https://nextjs.org/docs/app/api-reference/directives/use-client
> 1 | import React, { useState, useEffect } from 'react';
    |                           ^^^^^^^^^
  2 | import axios from 'axios';
  3 | import { motion } from 'framer-motion';
  4 | import { cn } from "@/lib/utils";

Ecmascript file had an error 
[browser] ./Documents/REMUNERACIONES 2026/frontend/src/app/page.tsx:1:17
You're importing a module that depends on `useState` into a React Server Component module. This API is only available in Client Components. To fix, mark the file (or its parent) with the `"use client"` directive.
    Learn more: https://nextjs.org/docs/app/api-reference/directives/use-client
> 1 | import React, { useState, useEffect } from 'react';
    |                 ^^^^^^^^
  2 | import axios from 'axios';
  3 | import { motion } from 'framer-motion';
  4 | import { cn } from "@/lib/utils";

Ecmascript file had an error 
[browser] Uncaught Error: ./Documents/REMUNERACIONES 2026/frontend/src/app/page.tsx:1:27
You're importing a module that depends on `useEffect` into a React Server Component module. This API is only available in Client Components. To fix, mark the file (or its parent) with the `"use client"` directive.
    Learn more: https://nextjs.org/docs/app/api-reference/directives/use-client
> 1 | import React, { useState, useEffect } from 'react';
    |                           ^^^^^^^^^
  2 | import axios from 'axios';
  3 | import { motion } from 'framer-motion';
  4 | import { cn } from "@/lib/utils";

Ecmascript file had an error


    at <unknown> (Error: ./Documents/REMUNERACIONES 2026/frontend/src/app/page.tsx:1:27)
    at <unknown> (Error: (./Documents/REMUNERACIONES 2026/frontend/src/app/page.tsx:1:27)
[browser] ./Documents/REMUNERACIONES 2026/frontend/src/app/page.tsx:1:27
You're importing a module that depends on `useEffect` into a React Server Component module. This API is only available in Client Components. To fix, mark the file (or its parent) with the `"use client"` directive.
    Learn more: https://nextjs.org/docs/app/api-reference/directives/use-client
> 1 | import React, { useState, useEffect } from 'react';
    |                           ^^^^^^^^^
  2 | import axios from 'axios';
  3 | import { motion } from 'framer-motion';
  4 | import { cn } from "@/lib/utils";

Ecmascript file had an error 
[browser] ./Documents/REMUNERACIONES 2026/frontend/src/app/page.tsx:1:17
You're importing a module that depends on `useState` into a React Server Component module. This API is only available in Client Components. To fix, mark the file (or its parent) with the `"use client"` directive.
    Learn more: https://nextjs.org/docs/app/api-reference/directives/use-client
> 1 | import React, { useState, useEffect } from 'react';
    |                 ^^^^^^^^
  2 | import axios from 'axios';
  3 | import { motion } from 'framer-motion';
  4 | import { cn } from "@/lib/utils";

Ecmascript file had an error 
[browser] ./Documents/REMUNERACIONES 2026/frontend/src/app/page.tsx:1:27
You're importing a module that depends on `useEffect` into a React Server Component module. This API is only available in Client Components. To fix, mark the file (or its parent) with the `"use client"` directive.
    Learn more: https://nextjs.org/docs/app/api-reference/directives/use-client
> 1 | import React, { useState, useEffect } from 'react';
    |                           ^^^^^^^^^
  2 | import axios from 'axios';
  3 | import { motion } from 'framer-motion';
  4 | import { cn } from "@/lib/utils";

Ecmascript file had an error 
[browser] ./Documents/REMUNERACIONES 2026/frontend/src/app/page.tsx:1:17
You're importing a module that depends on `useState` into a React Server Component module. This API is only available in Client Components. To fix, mark the file (or its parent) with the `"use client"` directive.
    Learn more: https://nextjs.org/docs/app/api-reference/directives/use-client
> 1 | import React, { useState, useEffect } from 'react';
    |                 ^^^^^^^^
  2 | import axios from 'axios';
  3 | import { motion } from 'framer-motion';
  4 | import { cn } from "@/lib/utils";

Ecmascript file had an error 
[browser] ./Documents/REMUNERACIONES 2026/frontend/src/app/page.tsx:1:27
You're importing a module that depends on `useEffect` into a React Server Component module. This API is only available in Client Components. To fix, mark the file (or its parent) with the `"use client"` directive.
    Learn more: https://nextjs.org/docs/app/api-reference/directives/use-client
> 1 | import React, { useState, useEffect } from 'react';
    |                           ^^^^^^^^^
  2 | import axios from 'axios';
  3 | import { motion } from 'framer-motion';
  4 | import { cn } from "@/lib/utils";

Ecmascript file had an error 
[browser] ./Documents/REMUNERACIONES 2026/frontend/src/app/page.tsx:1:17
You're importing a module that depends on `useState` into a React Server Component module. This API is only available in Client Components. To fix, mark the file (or its parent) with the `"use client"` directive.
    Learn more: https://nextjs.org/docs/app/api-reference/directives/use-client
> 1 | import React, { useState, useEffect } from 'react';
    |                 ^^^^^^^^
  2 | import axios from 'axios';
  3 | import { motion } from 'framer-motion';
  4 | import { cn } from "@/lib/utils";

Ecmascript file had an error 
[browser] ./Documents/REMUNERACIONES 2026/frontend/src/app/page.tsx:1:27
You're importing a module that depends on `useEffect` into a React Server Component module. This API is only available in Client Components. To fix, mark the file (or its parent) with the `"use client"` directive.
    Learn more: https://nextjs.org/docs/app/api-reference/directives/use-client
> 1 | import React, { useState, useEffect } from 'react';
    |                           ^^^^^^^^^
  2 | import axios from 'axios';
  3 | import { motion } from 'framer-motion';
  4 | import { cn } from "@/lib/utils";

Ecmascript file had an error 
[browser] ./Documents/REMUNERACIONES 2026/frontend/src/app/page.tsx:1:17
You're importing a module that depends on `useState` into a React Server Component module. This API is only available in Client Components. To fix, mark the file (or its parent) with the `"use client"` directive.
    Learn more: https://nextjs.org/docs/app/api-reference/directives/use-client
> 1 | import React, { useState, useEffect } from 'react';
    |                 ^^^^^^^^
  2 | import axios from 'axios';
  3 | import { motion } from 'framer-motion';
  4 | import { cn } from "@/lib/utils";

Ecmascript file had an error 
[browser] ./Documents/REMUNERACIONES 2026/frontend/src/app/page.tsx:1:27
You're importing a module that depends on `useEffect` into a React Server Component module. This API is only available in Client Components. To fix, mark the file (or its parent) with the `"use client"` directive.
    Learn more: https://nextjs.org/docs/app/api-reference/directives/use-client
> 1 | import React, { useState, useEffect } from 'react';
    |                           ^^^^^^^^^
  2 | import axios from 'axios';
  3 | import { motion } from 'framer-motion';
  4 | import { cn } from "@/lib/utils";

Ecmascript file had an error 
[browser] ./Documents/REMUNERACIONES 2026/frontend/src/app/page.tsx:1:17
You're importing a module that depends on `useState` into a React Server Component module. This API is only available in Client Components. To fix, mark the file (or its parent) with the `"use client"` directive.
    Learn more: https://nextjs.org/docs/app/api-reference/directives/use-client
> 1 | import React, { useState, useEffect } from 'react';
    |                 ^^^^^^^^
  2 | import axios from 'axios';
  3 | import { motion } from 'framer-motion';
  4 | import { cn } from "@/lib/utils";

Ecmascript file had an error 
[browser] ./Documents/REMUNERACIONES 2026/frontend/src/app/page.tsx:1:27
You're importing a module that depends on `useEffect` into a React Server Component module. This API is only available in Client Components. To fix, mark the file (or its parent) with the `"use client"` directive.
    Learn more: https://nextjs.org/docs/app/api-reference/directives/use-client
> 1 | import React, { useState, useEffect } from 'react';
    |                           ^^^^^^^^^
  2 | import axios from 'axios';
  3 | import { motion } from 'framer-motion';
  4 | import { cn } from "@/lib/utils";

Ecmascript file had an error 
[browser] ./Documents/REMUNERACIONES 2026/frontend/src/app/page.tsx:1:17
You're importing a module that depends on `useState` into a React Server Component module. This API is only available in Client Components. To fix, mark the file (or its parent) with the `"use client"` directive.
    Learn more: https://nextjs.org/docs/app/api-reference/directives/use-client
> 1 | import React, { useState, useEffect } from 'react';
    |                 ^^^^^^^^
  2 | import axios from 'axios';
  3 | import { motion } from 'framer-motion';
  4 | import { cn } from "@/lib/utils";

Ecmascript file had an error 
[browser] ./Documents/REMUNERACIONES 2026/frontend/src/app/page.tsx:1:27
You're importing a module that depends on `useEffect` into a React Server Component module. This API is only available in Client Components. To fix, mark the file (or its parent) with the `"use client"` directive.
    Learn more: https://nextjs.org/docs/app/api-reference/directives/use-client
> 1 | import React, { useState, useEffect } from 'react';
    |                           ^^^^^^^^^
  2 | import axios from 'axios';
  3 | import { motion } from 'framer-motion';
  4 | import { cn } from "@/lib/utils";

Ecmascript file had an error 
[browser] ./Documents/REMUNERACIONES 2026/frontend/src/app/page.tsx:1:17
You're importing a module that depends on `useState` into a React Server Component module. This API is only available in Client Components. To fix, mark the file (or its parent) with the `"use client"` directive.
    Learn more: https://nextjs.org/docs/app/api-reference/directives/use-client
> 1 | import React, { useState, useEffect } from 'react';
    |                 ^^^^^^^^
  2 | import axios from 'axios';
  3 | import { motion } from 'framer-motion';
  4 | import { cn } from "@/lib/utils";

Ecmascript file had an error 
[browser] ./Documents/REMUNERACIONES 2026/frontend/src/app/page.tsx:1:27
You're importing a module that depends on `useEffect` into a React Server Component module. This API is only available in Client Components. To fix, mark the file (or its parent) with the `"use client"` directive.
    Learn more: https://nextjs.org/docs/app/api-reference/directives/use-client
> 1 | import React, { useState, useEffect } from 'react';
    |                           ^^^^^^^^^
  2 | import axios from 'axios';
  3 | import { motion } from 'framer-motion';
  4 | import { cn } from "@/lib/utils";

Ecmascript file had an error 
[browser] ./Documents/REMUNERACIONES 2026/frontend/src/app/page.tsx:1:17
You're importing a module that depends on `useState` into a React Server Component module. This API is only available in Client Components. To fix, mark the file (or its parent) with the `"use client"` directive.
    Learn more: https://nextjs.org/docs/app/api-reference/directives/use-client
> 1 | import React, { useState, useEffect } from 'react';
    |                 ^^^^^^^^
  2 | import axios from 'axios';
  3 | import { motion } from 'framer-motion';
  4 | import { cn } from "@/lib/utils";

Ecmascript file had an error 
[browser] ./Documents/REMUNERACIONES 2026/frontend/src/app/page.tsx:1:27
You're importing a module that depends on `useEffect` into a React Server Component module. This API is only available in Client Components. To fix, mark the file (or its parent) with the `"use client"` directive.
    Learn more: https://nextjs.org/docs/app/api-reference/directives/use-client
> 1 | import React, { useState, useEffect } from 'react';
    |                           ^^^^^^^^^
  2 | import axios from 'axios';
  3 | import { motion } from 'framer-motion';
  4 | import { cn } from "@/lib/utils";

Ecmascript file had an error 
[browser] ./Documents/REMUNERACIONES 2026/frontend/src/app/page.tsx:1:17
You're importing a module that depends on `useState` into a React Server Component module. This API is only available in Client Components. To fix, mark the file (or its parent) with the `"use client"` directive.
    Learn more: https://nextjs.org/docs/app/api-reference/directives/use-client
> 1 | import React, { useState, useEffect } from 'react';
    |                 ^^^^^^^^
  2 | import axios from 'axios';
  3 | import { motion } from 'framer-motion';
  4 | import { cn } from "@/lib/utils";

Ecmascript file had an error 
[browser] ./Documents/REMUNERACIONES 2026/frontend/src/app/page.tsx:1:27
You're importing a module that depends on `useEffect` into a React Server Component module. This API is only available in Client Components. To fix, mark the file (or its parent) with the `"use client"` directive.
    Learn more: https://nextjs.org/docs/app/api-reference/directives/use-client
> 1 | import React, { useState, useEffect } from 'react';
    |                           ^^^^^^^^^
  2 | import axios from 'axios';
  3 | import { motion } from 'framer-motion';
  4 | import { cn } from "@/lib/utils";

Ecmascript file had an error 
[browser] ./Documents/REMUNERACIONES 2026/frontend/src/app/page.tsx:1:17
You're importing a module that depends on `useState` into a React Server Component module. This API is only available in Client Components. To fix, mark the file (or its parent) with the `"use client"` directive.
    Learn more: https://nextjs.org/docs/app/api-reference/directives/use-client
> 1 | import React, { useState, useEffect } from 'react';
    |                 ^^^^^^^^
  2 | import axios from 'axios';
  3 | import { motion } from 'framer-motion';
  4 | import { cn } from "@/lib/utils";

Ecmascript file had an error 
[browser] ./Documents/REMUNERACIONES 2026/frontend/src/app/page.tsx:1:27
You're importing a module that depends on `useEffect` into a React Server Component module. This API is only available in Client Components. To fix, mark the file (or its parent) with the `"use client"` directive.
    Learn more: https://nextjs.org/docs/app/api-reference/directives/use-client
> 1 | import React, { useState, useEffect } from 'react';
    |                           ^^^^^^^^^
  2 | import axios from 'axios';
  3 | import { motion } from 'framer-motion';
  4 | import { cn } from "@/lib/utils";

Ecmascript file had an error 
[browser] ./Documents/REMUNERACIONES 2026/frontend/src/app/page.tsx:1:17
You're importing a module that depends on `useState` into a React Server Component module. This API is only available in Client Components. To fix, mark the file (or its parent) with the `"use client"` directive.
    Learn more: https://nextjs.org/docs/app/api-reference/directives/use-client
> 1 | import React, { useState, useEffect } from 'react';
    |                 ^^^^^^^^
  2 | import axios from 'axios';
  3 | import { motion } from 'framer-motion';
  4 | import { cn } from "@/lib/utils";

Ecmascript file had an error 
✓ Compiled in 218ms
⨯ ReferenceError: LayoutDashboard is not defined
    at Sidebar (src/components/Sidebar.tsx:17:43)
  15 |     { name: 'Importar', href: '/importar', icon: 'cloud_upload' },
  16 |     { name: 'Reportes', href: '/reportes', icon: 'description' },
> 17 |     { name: 'Dashboard', href: '/', icon: LayoutDashboard },
     |                                           ^
  18 |     { name: 'Consolidados', href: '/consolidados', icon: BarChart3 },
  19 |     { name: 'Funcionarios', href: '/funcionarios', icon: Users },
  20 |     { name: 'Importar', href: '/importar', icon: Upload }, {
  digest: '3249630916'
}
⨯ ReferenceError: LayoutDashboard is not defined
    at Sidebar (src/components/Sidebar.tsx:17:43)
  15 |     { name: 'Importar', href: '/importar', icon: 'cloud_upload' },
  16 |     { name: 'Reportes', href: '/reportes', icon: 'description' },
> 17 |     { name: 'Dashboard', href: '/', icon: LayoutDashboard },
     |                                           ^
  18 |     { name: 'Consolidados', href: '/consolidados', icon: BarChart3 },
  19 |     { name: 'Funcionarios', href: '/funcionarios', icon: Users },
  20 |     { name: 'Importar', href: '/importar', icon: Upload }, {
  digest: '3249630916'
}
⨯ ReferenceError: LayoutDashboard is not defined
    at Sidebar (src/components/Sidebar.tsx:17:43)
  15 |     { name: 'Importar', href: '/importar', icon: 'cloud_upload' },
  16 |     { name: 'Reportes', href: '/reportes', icon: 'description' },
> 17 |     { name: 'Dashboard', href: '/', icon: LayoutDashboard },
     |                                           ^
  18 |     { name: 'Consolidados', href: '/consolidados', icon: BarChart3 },
  19 |     { name: 'Funcionarios', href: '/funcionarios', icon: Users },
  20 |     { name: 'Importar', href: '/importar', icon: Upload }, {
  digest: '3249630916'
}
⨯ ReferenceError: LayoutDashboard is not defined
    at Sidebar (src/components/Sidebar.tsx:17:43)
  15 |     { name: 'Importar', href: '/importar', icon: 'cloud_upload' },
  16 |     { name: 'Reportes', href: '/reportes', icon: 'description' },
> 17 |     { name: 'Dashboard', href: '/', icon: LayoutDashboard },
     |                                           ^
  18 |     { name: 'Consolidados', href: '/consolidados', icon: BarChart3 },
  19 |     { name: 'Funcionarios', href: '/funcionarios', icon: Users },
  20 |     { name: 'Importar', href: '/importar', icon: Upload }, {
  digest: '3249630916'
}
⨯ ReferenceError: LayoutDashboard is not defined
    at Sidebar (src/components/Sidebar.tsx:17:43)
  15 |     { name: 'Importar', href: '/importar', icon: 'cloud_upload' },
  16 |     { name: 'Reportes', href: '/reportes', icon: 'description' },
> 17 |     { name: 'Dashboard', href: '/', icon: LayoutDashboard },
     |                                           ^
  18 |     { name: 'Consolidados', href: '/consolidados', icon: BarChart3 },
  19 |     { name: 'Funcionarios', href: '/funcionarios', icon: Users },
  20 |     { name: 'Importar', href: '/importar', icon: Upload }, {
  digest: '3249630916'
}
 GET /reportes 500 in 800ms (next.js: 141ms, application-code: 659ms)
 GET /consolidados 500 in 795ms (next.js: 389ms, application-code: 406ms)
 GET /funcionarios/18289977-1 500 in 424ms (next.js: 73ms, application-code: 351ms)
 GET /consolidados/2 500 in 376ms (next.js: 180ms, application-code: 196ms)
 GET /consolidados 500 in 104ms (next.js: 12ms, application-code: 91ms)
[browser] Uncaught ReferenceError: LayoutDashboard is not defined
    at Sidebar (../../REMUNERACIONES 2026/frontend/src/components/Sidebar.tsx:17:43)
    at RootLayout (../../REMUNERACIONES 2026/frontend/src/app/layout.tsx:25:9)
  15 |     { name: 'Importar', href: '/importar', icon: 'cloud_upload' },
  16 |     { name: 'Reportes', href: '/reportes', icon: 'description' },
> 17 |     { name: 'Dashboard', href: '/', icon: LayoutDashboard },
     |                                           ^
  18 |     { name: 'Consolidados', href: '/consolidados', icon: BarChart3 },
  19 |     { name: 'Funcionarios', href: '/funcionarios', icon: Users },
  20 |     { name: 'Importar', href: '/importar', icon: Upload },
[browser] Uncaught ReferenceError: LayoutDashboard is not defined
    at Sidebar (../../REMUNERACIONES 2026/frontend/src/components/Sidebar.tsx:17:43)
    at RootLayout (../../REMUNERACIONES 2026/frontend/src/app/layout.tsx:25:9)
  15 |     { name: 'Importar', href: '/importar', icon: 'cloud_upload' },
  16 |     { name: 'Reportes', href: '/reportes', icon: 'description' },
> 17 |     { name: 'Dashboard', href: '/', icon: LayoutDashboard },
     |                                           ^
  18 |     { name: 'Consolidados', href: '/consolidados', icon: BarChart3 },
  19 |     { name: 'Funcionarios', href: '/funcionarios', icon: Users },
  20 |     { name: 'Importar', href: '/importar', icon: Upload },
[browser] Uncaught ReferenceError: LayoutDashboard is not defined
    at Sidebar (../../REMUNERACIONES 2026/frontend/src/components/Sidebar.tsx:17:43)
    at RootLayout (../../REMUNERACIONES 2026/frontend/src/app/layout.tsx:25:9)
  15 |     { name: 'Importar', href: '/importar', icon: 'cloud_upload' },
  16 |     { name: 'Reportes', href: '/reportes', icon: 'description' },
> 17 |     { name: 'Dashboard', href: '/', icon: LayoutDashboard },
     |                                           ^
  18 |     { name: 'Consolidados', href: '/consolidados', icon: BarChart3 },
  19 |     { name: 'Funcionarios', href: '/funcionarios', icon: Users },
  20 |     { name: 'Importar', href: '/importar', icon: Upload },
[browser] Uncaught ReferenceError: LayoutDashboard is not defined
    at Sidebar (../../REMUNERACIONES 2026/frontend/src/components/Sidebar.tsx:17:43)
    at RootLayout (../../REMUNERACIONES 2026/frontend/src/app/layout.tsx:25:9)
  15 |     { name: 'Importar', href: '/importar', icon: 'cloud_upload' },
  16 |     { name: 'Reportes', href: '/reportes', icon: 'description' },
> 17 |     { name: 'Dashboard', href: '/', icon: LayoutDashboard },
     |                                           ^
  18 |     { name: 'Consolidados', href: '/consolidados', icon: BarChart3 },
  19 |     { name: 'Funcionarios', href: '/funcionarios', icon: Users },
  20 |     { name: 'Importar', href: '/importar', icon: Upload },
[browser] Uncaught ReferenceError: LayoutDashboard is not defined
    at Sidebar (../../REMUNERACIONES 2026/frontend/src/components/Sidebar.tsx:17:43)
    at RootLayout (../../REMUNERACIONES 2026/frontend/src/app/layout.tsx:25:9)
  15 |     { name: 'Importar', href: '/importar', icon: 'cloud_upload' },
  16 |     { name: 'Reportes', href: '/reportes', icon: 'description' },
> 17 |     { name: 'Dashboard', href: '/', icon: LayoutDashboard },
     |                                           ^
  18 |     { name: 'Consolidados', href: '/consolidados', icon: BarChart3 },
  19 |     { name: 'Funcionarios', href: '/funcionarios', icon: Users },
  20 |     { name: 'Importar', href: '/importar', icon: Upload },
⚠ Fast Refresh had to perform a full reload due to a runtime error.
⚠ Fast Refresh had to perform a full reload due to a runtime error.
⚠ Fast Refresh had to perform a full reload due to a runtime error.
⚠ Fast Refresh had to perform a full reload due to a runtime error.
⚠ Fast Refresh had to perform a full reload due to a runtime error.
✓ Compiled in 49ms
⨯ ReferenceError: LayoutDashboard is not defined
    at Sidebar (src/components/Sidebar.tsx:17:43)
  15 |     { name: 'Importar', href: '/importar', icon: 'cloud_upload' },
  16 |     { name: 'Reportes', href: '/reportes', icon: 'description' },
> 17 |     { name: 'Dashboard', href: '/', icon: LayoutDashboard },
     |                                           ^
  18 |     { name: 'Consolidados', href: '/consolidados', icon: BarChart3 },
  19 |     { name: 'Funcionarios', href: '/funcionarios', icon: Users },
  20 |     { name: 'Importar', href: '/importar', icon: Upload }, {
  digest: '3249630916'
}
⨯ ReferenceError: LayoutDashboard is not defined
    at Sidebar (src/components/Sidebar.tsx:17:43)
  15 |     { name: 'Importar', href: '/importar', icon: 'cloud_upload' },
  16 |     { name: 'Reportes', href: '/reportes', icon: 'description' },
> 17 |     { name: 'Dashboard', href: '/', icon: LayoutDashboard },
     |                                           ^
  18 |     { name: 'Consolidados', href: '/consolidados', icon: BarChart3 },
  19 |     { name: 'Funcionarios', href: '/funcionarios', icon: Users },
  20 |     { name: 'Importar', href: '/importar', icon: Upload }, {
  digest: '3249630916'
}
⨯ ReferenceError: LayoutDashboard is not defined
    at Sidebar (src/components/Sidebar.tsx:17:43)
  15 |     { name: 'Importar', href: '/importar', icon: 'cloud_upload' },
  16 |     { name: 'Reportes', href: '/reportes', icon: 'description' },
> 17 |     { name: 'Dashboard', href: '/', icon: LayoutDashboard },
     |                                           ^
  18 |     { name: 'Consolidados', href: '/consolidados', icon: BarChart3 },
  19 |     { name: 'Funcionarios', href: '/funcionarios', icon: Users },
  20 |     { name: 'Importar', href: '/importar', icon: Upload }, {
  digest: '3249630916'
}
⨯ ReferenceError: LayoutDashboard is not defined
    at Sidebar (src/components/Sidebar.tsx:17:43)
  15 |     { name: 'Importar', href: '/importar', icon: 'cloud_upload' },
  16 |     { name: 'Reportes', href: '/reportes', icon: 'description' },
> 17 |     { name: 'Dashboard', href: '/', icon: LayoutDashboard },
     |                                           ^
  18 |     { name: 'Consolidados', href: '/consolidados', icon: BarChart3 },
  19 |     { name: 'Funcionarios', href: '/funcionarios', icon: Users },
  20 |     { name: 'Importar', href: '/importar', icon: Upload }, {
  digest: '3249630916'
}
⨯ ReferenceError: LayoutDashboard is not defined
    at Sidebar (src/components/Sidebar.tsx:17:43)
  15 |     { name: 'Importar', href: '/importar', icon: 'cloud_upload' },
  16 |     { name: 'Reportes', href: '/reportes', icon: 'description' },
> 17 |     { name: 'Dashboard', href: '/', icon: LayoutDashboard },
     |                                           ^
  18 |     { name: 'Consolidados', href: '/consolidados', icon: BarChart3 },
  19 |     { name: 'Funcionarios', href: '/funcionarios', icon: Users },
  20 |     { name: 'Importar', href: '/importar', icon: Upload }, {
  digest: '3249630916'
}
 GET /consolidados 500 in 416ms (next.js: 18ms, application-code: 399ms)
 GET /consolidados/2 500 in 413ms (next.js: 90ms, application-code: 323ms)
 GET /funcionarios/18289977-1 500 in 337ms (next.js: 98ms, application-code: 239ms)
 GET /reportes 500 in 414ms (next.js: 192ms, application-code: 222ms)
 GET /consolidados 500 in 122ms (next.js: 5ms, application-code: 117ms)
[browser] Uncaught ReferenceError: LayoutDashboard is not defined
    at Sidebar (../../REMUNERACIONES 2026/frontend/src/components/Sidebar.tsx:17:43)
    at RootLayout (../../REMUNERACIONES 2026/frontend/src/app/layout.tsx:25:9)
  15 |     { name: 'Importar', href: '/importar', icon: 'cloud_upload' },
  16 |     { name: 'Reportes', href: '/reportes', icon: 'description' },
> 17 |     { name: 'Dashboard', href: '/', icon: LayoutDashboard },
     |                                           ^
  18 |     { name: 'Consolidados', href: '/consolidados', icon: BarChart3 },
  19 |     { name: 'Funcionarios', href: '/funcionarios', icon: Users },
  20 |     { name: 'Importar', href: '/importar', icon: Upload },
[browser] Uncaught ReferenceError: LayoutDashboard is not defined
    at Sidebar (../../REMUNERACIONES 2026/frontend/src/components/Sidebar.tsx:17:43)
    at RootLayout (../../REMUNERACIONES 2026/frontend/src/app/layout.tsx:25:9)
  15 |     { name: 'Importar', href: '/importar', icon: 'cloud_upload' },
  16 |     { name: 'Reportes', href: '/reportes', icon: 'description' },
> 17 |     { name: 'Dashboard', href: '/', icon: LayoutDashboard },
     |                                           ^
  18 |     { name: 'Consolidados', href: '/consolidados', icon: BarChart3 },
  19 |     { name: 'Funcionarios', href: '/funcionarios', icon: Users },
  20 |     { name: 'Importar', href: '/importar', icon: Upload },
[browser] Uncaught ReferenceError: LayoutDashboard is not defined
    at Sidebar (../../REMUNERACIONES 2026/frontend/src/components/Sidebar.tsx:17:43)
    at RootLayout (../../REMUNERACIONES 2026/frontend/src/app/layout.tsx:25:9)
  15 |     { name: 'Importar', href: '/importar', icon: 'cloud_upload' },
  16 |     { name: 'Reportes', href: '/reportes', icon: 'description' },
> 17 |     { name: 'Dashboard', href: '/', icon: LayoutDashboard },
     |                                           ^
  18 |     { name: 'Consolidados', href: '/consolidados', icon: BarChart3 },
  19 |     { name: 'Funcionarios', href: '/funcionarios', icon: Users },
  20 |     { name: 'Importar', href: '/importar', icon: Upload },
[browser] Uncaught ReferenceError: LayoutDashboard is not defined
    at Sidebar (../../REMUNERACIONES 2026/frontend/src/components/Sidebar.tsx:17:43)
    at RootLayout (../../REMUNERACIONES 2026/frontend/src/app/layout.tsx:25:9)
  15 |     { name: 'Importar', href: '/importar', icon: 'cloud_upload' },
  16 |     { name: 'Reportes', href: '/reportes', icon: 'description' },
> 17 |     { name: 'Dashboard', href: '/', icon: LayoutDashboard },
     |                                           ^
  18 |     { name: 'Consolidados', href: '/consolidados', icon: BarChart3 },
  19 |     { name: 'Funcionarios', href: '/funcionarios', icon: Users },
  20 |     { name: 'Importar', href: '/importar', icon: Upload },
[browser] Uncaught ReferenceError: LayoutDashboard is not defined
    at Sidebar (../../REMUNERACIONES 2026/frontend/src/components/Sidebar.tsx:17:43)
    at RootLayout (../../REMUNERACIONES 2026/frontend/src/app/layout.tsx:25:9)
  15 |     { name: 'Importar', href: '/importar', icon: 'cloud_upload' },
  16 |     { name: 'Reportes', href: '/reportes', icon: 'description' },
> 17 |     { name: 'Dashboard', href: '/', icon: LayoutDashboard },
     |                                           ^
  18 |     { name: 'Consolidados', href: '/consolidados', icon: BarChart3 },
  19 |     { name: 'Funcionarios', href: '/funcionarios', icon: Users },
  20 |     { name: 'Importar', href: '/importar', icon: Upload },
⚠ Fast Refresh had to perform a full reload due to a runtime error.
⚠ Fast Refresh had to perform a full reload due to a runtime error.
⚠ Fast Refresh had to perform a full reload due to a runtime error.
✓ Compiled in 34ms
⚠ Fast Refresh had to perform a full reload due to a runtime error.
⚠ Fast Refresh had to perform a full reload due to a runtime error.
⨯ ReferenceError: LayoutDashboard is not defined
    at Sidebar (src/components/Sidebar.tsx:17:43)
  15 |     { name: 'Importar', href: '/importar', icon: 'cloud_upload' },
  16 |     { name: 'Reportes', href: '/reportes', icon: 'description' },
> 17 |     { name: 'Dashboard', href: '/', icon: LayoutDashboard },
     |                                           ^
  18 |     { name: 'Consolidados', href: '/consolidados', icon: BarChart3 },
  19 |     { name: 'Funcionarios', href: '/funcionarios', icon: Users },
  20 |     { name: 'Importar', href: '/importar', icon: Upload }, {
  digest: '3249630916'
}
⨯ ReferenceError: LayoutDashboard is not defined
    at Sidebar (src/components/Sidebar.tsx:17:43)
  15 |     { name: 'Importar', href: '/importar', icon: 'cloud_upload' },
  16 |     { name: 'Reportes', href: '/reportes', icon: 'description' },
> 17 |     { name: 'Dashboard', href: '/', icon: LayoutDashboard },
     |                                           ^
  18 |     { name: 'Consolidados', href: '/consolidados', icon: BarChart3 },
  19 |     { name: 'Funcionarios', href: '/funcionarios', icon: Users },
  20 |     { name: 'Importar', href: '/importar', icon: Upload }, {
  digest: '3249630916'
}
⨯ ReferenceError: LayoutDashboard is not defined
    at Sidebar (src/components/Sidebar.tsx:17:43)
  15 |     { name: 'Importar', href: '/importar', icon: 'cloud_upload' },
  16 |     { name: 'Reportes', href: '/reportes', icon: 'description' },
> 17 |     { name: 'Dashboard', href: '/', icon: LayoutDashboard },
     |                                           ^
  18 |     { name: 'Consolidados', href: '/consolidados', icon: BarChart3 },
  19 |     { name: 'Funcionarios', href: '/funcionarios', icon: Users },
  20 |     { name: 'Importar', href: '/importar', icon: Upload }, {
  digest: '3249630916'
}
⨯ ReferenceError: LayoutDashboard is not defined
    at Sidebar (src/components/Sidebar.tsx:17:43)
  15 |     { name: 'Importar', href: '/importar', icon: 'cloud_upload' },
  16 |     { name: 'Reportes', href: '/reportes', icon: 'description' },
> 17 |     { name: 'Dashboard', href: '/', icon: LayoutDashboard },
     |                                           ^
  18 |     { name: 'Consolidados', href: '/consolidados', icon: BarChart3 },
  19 |     { name: 'Funcionarios', href: '/funcionarios', icon: Users },
  20 |     { name: 'Importar', href: '/importar', icon: Upload }, {
  digest: '3249630916'
}
⨯ ReferenceError: LayoutDashboard is not defined
    at Sidebar (src/components/Sidebar.tsx:17:43)
  15 |     { name: 'Importar', href: '/importar', icon: 'cloud_upload' },
  16 |     { name: 'Reportes', href: '/reportes', icon: 'description' },
> 17 |     { name: 'Dashboard', href: '/', icon: LayoutDashboard },
     |                                           ^
  18 |     { name: 'Consolidados', href: '/consolidados', icon: BarChart3 },
  19 |     { name: 'Funcionarios', href: '/funcionarios', icon: Users },
  20 |     { name: 'Importar', href: '/importar', icon: Upload }, {
  digest: '3249630916'
}
 GET /consolidados 500 in 397ms (next.js: 66ms, application-code: 331ms)
 GET /reportes 500 in 269ms (next.js: 18ms, application-code: 251ms)
 GET /funcionarios/18289977-1 500 in 221ms (next.js: 18ms, application-code: 204ms)
 GET /consolidados/2 500 in 161ms (next.js: 33ms, application-code: 128ms)
 GET /consolidados 500 in 157ms (next.js: 8ms, application-code: 149ms)
[browser] Uncaught ReferenceError: LayoutDashboard is not defined
    at Sidebar (../../REMUNERACIONES 2026/frontend/src/components/Sidebar.tsx:17:43)
    at RootLayout (../../REMUNERACIONES 2026/frontend/src/app/layout.tsx:25:9)
  15 |     { name: 'Importar', href: '/importar', icon: 'cloud_upload' },
  16 |     { name: 'Reportes', href: '/reportes', icon: 'description' },
> 17 |     { name: 'Dashboard', href: '/', icon: LayoutDashboard },
     |                                           ^
  18 |     { name: 'Consolidados', href: '/consolidados', icon: BarChart3 },
  19 |     { name: 'Funcionarios', href: '/funcionarios', icon: Users },
  20 |     { name: 'Importar', href: '/importar', icon: Upload },
[browser] Uncaught ReferenceError: LayoutDashboard is not defined
    at Sidebar (../../REMUNERACIONES 2026/frontend/src/components/Sidebar.tsx:17:43)
    at RootLayout (../../REMUNERACIONES 2026/frontend/src/app/layout.tsx:25:9)
  15 |     { name: 'Importar', href: '/importar', icon: 'cloud_upload' },
  16 |     { name: 'Reportes', href: '/reportes', icon: 'description' },
> 17 |     { name: 'Dashboard', href: '/', icon: LayoutDashboard },
     |                                           ^
  18 |     { name: 'Consolidados', href: '/consolidados', icon: BarChart3 },
  19 |     { name: 'Funcionarios', href: '/funcionarios', icon: Users },
  20 |     { name: 'Importar', href: '/importar', icon: Upload },
[browser] Uncaught ReferenceError: LayoutDashboard is not defined
    at Sidebar (../../REMUNERACIONES 2026/frontend/src/components/Sidebar.tsx:17:43)
    at RootLayout (../../REMUNERACIONES 2026/frontend/src/app/layout.tsx:25:9)
  15 |     { name: 'Importar', href: '/importar', icon: 'cloud_upload' },
  16 |     { name: 'Reportes', href: '/reportes', icon: 'description' },
> 17 |     { name: 'Dashboard', href: '/', icon: LayoutDashboard },
     |                                           ^
  18 |     { name: 'Consolidados', href: '/consolidados', icon: BarChart3 },
  19 |     { name: 'Funcionarios', href: '/funcionarios', icon: Users },
  20 |     { name: 'Importar', href: '/importar', icon: Upload },
[browser] Uncaught ReferenceError: LayoutDashboard is not defined
    at Sidebar (../../REMUNERACIONES 2026/frontend/src/components/Sidebar.tsx:17:43)
    at RootLayout (../../REMUNERACIONES 2026/frontend/src/app/layout.tsx:25:9)
  15 |     { name: 'Importar', href: '/importar', icon: 'cloud_upload' },
  16 |     { name: 'Reportes', href: '/reportes', icon: 'description' },
> 17 |     { name: 'Dashboard', href: '/', icon: LayoutDashboard },
     |                                           ^
  18 |     { name: 'Consolidados', href: '/consolidados', icon: BarChart3 },
  19 |     { name: 'Funcionarios', href: '/funcionarios', icon: Users },
  20 |     { name: 'Importar', href: '/importar', icon: Upload },
[browser] Uncaught ReferenceError: LayoutDashboard is not defined
    at Sidebar (../../REMUNERACIONES 2026/frontend/src/components/Sidebar.tsx:17:43)
    at RootLayout (../../REMUNERACIONES 2026/frontend/src/app/layout.tsx:25:9)
  15 |     { name: 'Importar', href: '/importar', icon: 'cloud_upload' },
  16 |     { name: 'Reportes', href: '/reportes', icon: 'description' },
> 17 |     { name: 'Dashboard', href: '/', icon: LayoutDashboard },
     |                                           ^
  18 |     { name: 'Consolidados', href: '/consolidados', icon: BarChart3 },
  19 |     { name: 'Funcionarios', href: '/funcionarios', icon: Users },
  20 |     { name: 'Importar', href: '/importar', icon: Upload },
⚠ Fast Refresh had to perform a full reload due to a runtime error.
⚠ Fast Refresh had to perform a full reload due to a runtime error.
⚠ Fast Refresh had to perform a full reload due to a runtime error.
⚠ Fast Refresh had to perform a full reload due to a runtime error.
✓ Compiled in 48ms
⚠ Fast Refresh had to perform a full reload due to a runtime error.
⨯ ReferenceError: LayoutDashboard is not defined
    at Sidebar (src/components/Sidebar.tsx:17:43)
  15 |     { name: 'Importar', href: '/importar', icon: 'cloud_upload' },
  16 |     { name: 'Reportes', href: '/reportes', icon: 'description' },
> 17 |     { name: 'Dashboard', href: '/', icon: LayoutDashboard },
     |                                           ^
  18 |     { name: 'Consolidados', href: '/consolidados', icon: BarChart3 },
  19 |     { name: 'Funcionarios', href: '/funcionarios', icon: Users },
  20 |     { name: 'Importar', href: '/importar', icon: Upload }, {
  digest: '3249630916'
}
⨯ ReferenceError: LayoutDashboard is not defined
    at Sidebar (src/components/Sidebar.tsx:17:43)
  15 |     { name: 'Importar', href: '/importar', icon: 'cloud_upload' },
  16 |     { name: 'Reportes', href: '/reportes', icon: 'description' },
> 17 |     { name: 'Dashboard', href: '/', icon: LayoutDashboard },
     |                                           ^
  18 |     { name: 'Consolidados', href: '/consolidados', icon: BarChart3 },
  19 |     { name: 'Funcionarios', href: '/funcionarios', icon: Users },
  20 |     { name: 'Importar', href: '/importar', icon: Upload }, {
  digest: '3249630916'
}
⨯ ReferenceError: LayoutDashboard is not defined
    at Sidebar (src/components/Sidebar.tsx:17:43)
  15 |     { name: 'Importar', href: '/importar', icon: 'cloud_upload' },
  16 |     { name: 'Reportes', href: '/reportes', icon: 'description' },
> 17 |     { name: 'Dashboard', href: '/', icon: LayoutDashboard },
     |                                           ^
  18 |     { name: 'Consolidados', href: '/consolidados', icon: BarChart3 },
  19 |     { name: 'Funcionarios', href: '/funcionarios', icon: Users },
  20 |     { name: 'Importar', href: '/importar', icon: Upload }, {
  digest: '3249630916'
}
⨯ ReferenceError: LayoutDashboard is not defined
    at Sidebar (src/components/Sidebar.tsx:17:43)
  15 |     { name: 'Importar', href: '/importar', icon: 'cloud_upload' },
  16 |     { name: 'Reportes', href: '/reportes', icon: 'description' },
> 17 |     { name: 'Dashboard', href: '/', icon: LayoutDashboard },
     |                                           ^
  18 |     { name: 'Consolidados', href: '/consolidados', icon: BarChart3 },
  19 |     { name: 'Funcionarios', href: '/funcionarios', icon: Users },
  20 |     { name: 'Importar', href: '/importar', icon: Upload }, {
  digest: '3249630916'
}
⨯ ReferenceError: LayoutDashboard is not defined
    at Sidebar (src/components/Sidebar.tsx:17:43)
  15 |     { name: 'Importar', href: '/importar', icon: 'cloud_upload' },
  16 |     { name: 'Reportes', href: '/reportes', icon: 'description' },
> 17 |     { name: 'Dashboard', href: '/', icon: LayoutDashboard },
     |                                           ^
  18 |     { name: 'Consolidados', href: '/consolidados', icon: BarChart3 },
  19 |     { name: 'Funcionarios', href: '/funcionarios', icon: Users },
  20 |     { name: 'Importar', href: '/importar', icon: Upload }, {
  digest: '3249630916'
}
 GET /consolidados 500 in 399ms (next.js: 16ms, application-code: 382ms)
 GET /reportes 500 in 413ms (next.js: 159ms, application-code: 254ms)
 GET /funcionarios/18289977-1 500 in 215ms (next.js: 19ms, application-code: 196ms)
 GET /consolidados/2 500 in 170ms (next.js: 9ms, application-code: 162ms)
 GET /consolidados 500 in 170ms (next.js: 25ms, application-code: 145ms)
[browser] Uncaught ReferenceError: LayoutDashboard is not defined
    at Sidebar (../../REMUNERACIONES 2026/frontend/src/components/Sidebar.tsx:17:43)
    at RootLayout (../../REMUNERACIONES 2026/frontend/src/app/layout.tsx:25:9)
  15 |     { name: 'Importar', href: '/importar', icon: 'cloud_upload' },
  16 |     { name: 'Reportes', href: '/reportes', icon: 'description' },
> 17 |     { name: 'Dashboard', href: '/', icon: LayoutDashboard },
     |                                           ^
  18 |     { name: 'Consolidados', href: '/consolidados', icon: BarChart3 },
  19 |     { name: 'Funcionarios', href: '/funcionarios', icon: Users },
  20 |     { name: 'Importar', href: '/importar', icon: Upload },
[browser] Uncaught ReferenceError: LayoutDashboard is not defined
    at Sidebar (../../REMUNERACIONES 2026/frontend/src/components/Sidebar.tsx:17:43)
    at RootLayout (../../REMUNERACIONES 2026/frontend/src/app/layout.tsx:25:9)
  15 |     { name: 'Importar', href: '/importar', icon: 'cloud_upload' },
  16 |     { name: 'Reportes', href: '/reportes', icon: 'description' },
> 17 |     { name: 'Dashboard', href: '/', icon: LayoutDashboard },
     |                                           ^
  18 |     { name: 'Consolidados', href: '/consolidados', icon: BarChart3 },
  19 |     { name: 'Funcionarios', href: '/funcionarios', icon: Users },
  20 |     { name: 'Importar', href: '/importar', icon: Upload },
[browser] Uncaught ReferenceError: LayoutDashboard is not defined
    at Sidebar (../../REMUNERACIONES 2026/frontend/src/components/Sidebar.tsx:17:43)
    at RootLayout (../../REMUNERACIONES 2026/frontend/src/app/layout.tsx:25:9)
  15 |     { name: 'Importar', href: '/importar', icon: 'cloud_upload' },
  16 |     { name: 'Reportes', href: '/reportes', icon: 'description' },
> 17 |     { name: 'Dashboard', href: '/', icon: LayoutDashboard },
     |                                           ^
  18 |     { name: 'Consolidados', href: '/consolidados', icon: BarChart3 },
  19 |     { name: 'Funcionarios', href: '/funcionarios', icon: Users },
  20 |     { name: 'Importar', href: '/importar', icon: Upload },
[browser] Uncaught ReferenceError: LayoutDashboard is not defined
    at Sidebar (../../REMUNERACIONES 2026/frontend/src/components/Sidebar.tsx:17:43)
    at RootLayout (../../REMUNERACIONES 2026/frontend/src/app/layout.tsx:25:9)
  15 |     { name: 'Importar', href: '/importar', icon: 'cloud_upload' },
  16 |     { name: 'Reportes', href: '/reportes', icon: 'description' },
> 17 |     { name: 'Dashboard', href: '/', icon: LayoutDashboard },
     |                                           ^
  18 |     { name: 'Consolidados', href: '/consolidados', icon: BarChart3 },
  19 |     { name: 'Funcionarios', href: '/funcionarios', icon: Users },
  20 |     { name: 'Importar', href: '/importar', icon: Upload },
[browser] Uncaught ReferenceError: LayoutDashboard is not defined
    at Sidebar (../../REMUNERACIONES 2026/frontend/src/components/Sidebar.tsx:17:43)
    at RootLayout (../../REMUNERACIONES 2026/frontend/src/app/layout.tsx:25:9)
  15 |     { name: 'Importar', href: '/importar', icon: 'cloud_upload' },
  16 |     { name: 'Reportes', href: '/reportes', icon: 'description' },
> 17 |     { name: 'Dashboard', href: '/', icon: LayoutDashboard },
     |                                           ^
  18 |     { name: 'Consolidados', href: '/consolidados', icon: BarChart3 },
  19 |     { name: 'Funcionarios', href: '/funcionarios', icon: Users },
  20 |     { name: 'Importar', href: '/importar', icon: Upload },
⨯ ReferenceError: LayoutDashboard is not defined
    at Sidebar (src/components/Sidebar.tsx:17:43)
  15 |     { name: 'Importar', href: '/importar', icon: 'cloud_upload' },
  16 |     { name: 'Reportes', href: '/reportes', icon: 'description' },
> 17 |     { name: 'Dashboard', href: '/', icon: LayoutDashboard },
     |                                           ^
  18 |     { name: 'Consolidados', href: '/consolidados', icon: BarChart3 },
  19 |     { name: 'Funcionarios', href: '/funcionarios', icon: Users },
  20 |     { name: 'Importar', href: '/importar', icon: Upload }, {
  digest: '3249630916'
}
 GET /reportes 500 in 406ms (next.js: 144ms, application-code: 262ms)
[browser] Uncaught ReferenceError: LayoutDashboard is not defined
    at Sidebar (../../REMUNERACIONES 2026/frontend/src/components/Sidebar.tsx:17:43)
    at RootLayout (../../REMUNERACIONES 2026/frontend/src/app/layout.tsx:25:9)
  15 |     { name: 'Importar', href: '/importar', icon: 'cloud_upload' },
  16 |     { name: 'Reportes', href: '/reportes', icon: 'description' },
> 17 |     { name: 'Dashboard', href: '/', icon: LayoutDashboard },
     |                                           ^
  18 |     { name: 'Consolidados', href: '/consolidados', icon: BarChart3 },
  19 |     { name: 'Funcionarios', href: '/funcionarios', icon: Users },
  20 |     { name: 'Importar', href: '/importar', icon: Upload },
⨯ ReferenceError: LayoutDashboard is not defined
    at Sidebar (src/components/Sidebar.tsx:17:43)
  15 |     { name: 'Importar', href: '/importar', icon: 'cloud_upload' },
  16 |     { name: 'Reportes', href: '/reportes', icon: 'description' },
> 17 |     { name: 'Dashboard', href: '/', icon: LayoutDashboard },
     |                                           ^
  18 |     { name: 'Consolidados', href: '/consolidados', icon: BarChart3 },
  19 |     { name: 'Funcionarios', href: '/funcionarios', icon: Users },
  20 |     { name: 'Importar', href: '/importar', icon: Upload }, {
  digest: '3249630916'
}
 GET /reportes 500 in 59ms (next.js: 9ms, application-code: 51ms)
[browser] Uncaught ReferenceError: LayoutDashboard is not defined
    at Sidebar (../../REMUNERACIONES 2026/frontend/src/components/Sidebar.tsx:17:43)
    at RootLayout (../../REMUNERACIONES 2026/frontend/src/app/layout.tsx:25:9)
  15 |     { name: 'Importar', href: '/importar', icon: 'cloud_upload' },
  16 |     { name: 'Reportes', href: '/reportes', icon: 'description' },
> 17 |     { name: 'Dashboard', href: '/', icon: LayoutDashboard },
     |                                           ^
  18 |     { name: 'Consolidados', href: '/consolidados', icon: BarChart3 },
  19 |     { name: 'Funcionarios', href: '/funcionarios', icon: Users },
  20 |     { name: 'Importar', href: '/importar', icon: Upload },
⨯ ReferenceError: LayoutDashboard is not defined
    at Sidebar (src/components/Sidebar.tsx:17:43)
  15 |     { name: 'Importar', href: '/importar', icon: 'cloud_upload' },
  16 |     { name: 'Reportes', href: '/reportes', icon: 'description' },
> 17 |     { name: 'Dashboard', href: '/', icon: LayoutDashboard },
     |                                           ^
  18 |     { name: 'Consolidados', href: '/consolidados', icon: BarChart3 },
  19 |     { name: 'Funcionarios', href: '/funcionarios', icon: Users },
  20 |     { name: 'Importar', href: '/importar', icon: Upload }, {
  digest: '3249630916'
}
 GET /reportes? 500 in 101ms (next.js: 19ms, application-code: 82ms)
[browser] Uncaught ReferenceError: LayoutDashboard is not defined
    at Sidebar (../../REMUNERACIONES 2026/frontend/src/components/Sidebar.tsx:17:43)
    at RootLayout (../../REMUNERACIONES 2026/frontend/src/app/layout.tsx:25:9)
  15 |     { name: 'Importar', href: '/importar', icon: 'cloud_upload' },
  16 |     { name: 'Reportes', href: '/reportes', icon: 'description' },
> 17 |     { name: 'Dashboard', href: '/', icon: LayoutDashboard },
     |                                           ^
  18 |     { name: 'Consolidados', href: '/consolidados', icon: BarChart3 },
  19 |     { name: 'Funcionarios', href: '/funcionarios', icon: Users },
  20 |     { name: 'Importar', href: '/importar', icon: Upload },
⨯ ReferenceError: LayoutDashboard is not defined
    at Sidebar (src/components/Sidebar.tsx:17:43)
  15 |     { name: 'Importar', href: '/importar', icon: 'cloud_upload' },
  16 |     { name: 'Reportes', href: '/reportes', icon: 'description' },
> 17 |     { name: 'Dashboard', href: '/', icon: LayoutDashboard },
     |                                           ^
  18 |     { name: 'Consolidados', href: '/consolidados', icon: BarChart3 },
  19 |     { name: 'Funcionarios', href: '/funcionarios', icon: Users },
  20 |     { name: 'Importar', href: '/importar', icon: Upload }, {
  digest: '3249630916'
}
 GET /reportes 500 in 103ms (next.js: 30ms, application-code: 73ms)
[browser] Uncaught ReferenceError: LayoutDashboard is not defined
    at Sidebar (../../REMUNERACIONES 2026/frontend/src/components/Sidebar.tsx:17:43)
    at RootLayout (../../REMUNERACIONES 2026/frontend/src/app/layout.tsx:25:9)
  15 |     { name: 'Importar', href: '/importar', icon: 'cloud_upload' },
  16 |     { name: 'Reportes', href: '/reportes', icon: 'description' },
> 17 |     { name: 'Dashboard', href: '/', icon: LayoutDashboard },
     |                                           ^
  18 |     { name: 'Consolidados', href: '/consolidados', icon: BarChart3 },
  19 |     { name: 'Funcionarios', href: '/funcionarios', icon: Users },
  20 |     { name: 'Importar', href: '/importar', icon: Upload },
⚠ Fast Refresh had to perform a full reload due to a runtime error.
⚠ Fast Refresh had to perform a full reload due to a runtime error.
⚠ Fast Refresh had to perform a full reload due to a runtime error.
⚠ Fast Refresh had to perform a full reload due to a runtime error.
⚠ Fast Refresh had to perform a full reload due to a runtime error.
✓ Compiled in 799ms
⨯ ReferenceError: LayoutDashboard is not defined
    at Sidebar (src/components/Sidebar.tsx:17:43)
  15 |     { name: 'Importar', href: '/importar', icon: 'cloud_upload' },
  16 |     { name: 'Reportes', href: '/reportes', icon: 'description' },
> 17 |     { name: 'Dashboard', href: '/', icon: LayoutDashboard },
     |                                           ^
  18 |     { name: 'Consolidados', href: '/consolidados', icon: BarChart3 },
  19 |     { name: 'Funcionarios', href: '/funcionarios', icon: Users },
  20 |     { name: 'Importar', href: '/importar', icon: Upload }, {
  digest: '3249630916'
}
⨯ ReferenceError: LayoutDashboard is not defined
    at Sidebar (src/components/Sidebar.tsx:17:43)
  15 |     { name: 'Importar', href: '/importar', icon: 'cloud_upload' },
  16 |     { name: 'Reportes', href: '/reportes', icon: 'description' },
> 17 |     { name: 'Dashboard', href: '/', icon: LayoutDashboard },
     |                                           ^
  18 |     { name: 'Consolidados', href: '/consolidados', icon: BarChart3 },
  19 |     { name: 'Funcionarios', href: '/funcionarios', icon: Users },
  20 |     { name: 'Importar', href: '/importar', icon: Upload }, {
  digest: '3249630916'
}
⨯ ReferenceError: LayoutDashboard is not defined
    at Sidebar (src/components/Sidebar.tsx:17:43)
  15 |     { name: 'Importar', href: '/importar', icon: 'cloud_upload' },
  16 |     { name: 'Reportes', href: '/reportes', icon: 'description' },
> 17 |     { name: 'Dashboard', href: '/', icon: LayoutDashboard },
     |                                           ^
  18 |     { name: 'Consolidados', href: '/consolidados', icon: BarChart3 },
  19 |     { name: 'Funcionarios', href: '/funcionarios', icon: Users },
  20 |     { name: 'Importar', href: '/importar', icon: Upload }, {
  digest: '3249630916'
}
⨯ ReferenceError: LayoutDashboard is not defined
    at Sidebar (src/components/Sidebar.tsx:17:43)
  15 |     { name: 'Importar', href: '/importar', icon: 'cloud_upload' },
  16 |     { name: 'Reportes', href: '/reportes', icon: 'description' },
> 17 |     { name: 'Dashboard', href: '/', icon: LayoutDashboard },
     |                                           ^
  18 |     { name: 'Consolidados', href: '/consolidados', icon: BarChart3 },
  19 |     { name: 'Funcionarios', href: '/funcionarios', icon: Users },
  20 |     { name: 'Importar', href: '/importar', icon: Upload }, {
  digest: '3249630916'
}
⨯ ReferenceError: LayoutDashboard is not defined
    at Sidebar (src/components/Sidebar.tsx:17:43)
  15 |     { name: 'Importar', href: '/importar', icon: 'cloud_upload' },
  16 |     { name: 'Reportes', href: '/reportes', icon: 'description' },
> 17 |     { name: 'Dashboard', href: '/', icon: LayoutDashboard },
     |                                           ^
  18 |     { name: 'Consolidados', href: '/consolidados', icon: BarChart3 },
  19 |     { name: 'Funcionarios', href: '/funcionarios', icon: Users },
  20 |     { name: 'Importar', href: '/importar', icon: Upload }, {
  digest: '3249630916'
}
 GET /consolidados 500 in 1578ms (next.js: 614ms, application-code: 964ms)
 GET /reportes 500 in 1557ms (next.js: 1091ms, application-code: 467ms)
 GET /consolidados/2 500 in 497ms (next.js: 100ms, application-code: 398ms)
 GET /funcionarios/18289977-1 500 in 434ms (next.js: 239ms, application-code: 194ms)
 GET /consolidados 500 in 101ms (next.js: 9ms, application-code: 92ms)
[browser] Uncaught ReferenceError: LayoutDashboard is not defined
    at Sidebar (../../REMUNERACIONES 2026/frontend/src/components/Sidebar.tsx:17:43)
    at RootLayout (../../REMUNERACIONES 2026/frontend/src/app/layout.tsx:25:9)
  15 |     { name: 'Importar', href: '/importar', icon: 'cloud_upload' },
  16 |     { name: 'Reportes', href: '/reportes', icon: 'description' },
> 17 |     { name: 'Dashboard', href: '/', icon: LayoutDashboard },
     |                                           ^
  18 |     { name: 'Consolidados', href: '/consolidados', icon: BarChart3 },
  19 |     { name: 'Funcionarios', href: '/funcionarios', icon: Users },
  20 |     { name: 'Importar', href: '/importar', icon: Upload },
[browser] Uncaught ReferenceError: LayoutDashboard is not defined
    at Sidebar (../../REMUNERACIONES 2026/frontend/src/components/Sidebar.tsx:17:43)
    at RootLayout (../../REMUNERACIONES 2026/frontend/src/app/layout.tsx:25:9)
  15 |     { name: 'Importar', href: '/importar', icon: 'cloud_upload' },
  16 |     { name: 'Reportes', href: '/reportes', icon: 'description' },
> 17 |     { name: 'Dashboard', href: '/', icon: LayoutDashboard },
     |                                           ^
  18 |     { name: 'Consolidados', href: '/consolidados', icon: BarChart3 },
  19 |     { name: 'Funcionarios', href: '/funcionarios', icon: Users },
  20 |     { name: 'Importar', href: '/importar', icon: Upload },
[browser] Uncaught ReferenceError: LayoutDashboard is not defined
    at Sidebar (../../REMUNERACIONES 2026/frontend/src/components/Sidebar.tsx:17:43)
    at RootLayout (../../REMUNERACIONES 2026/frontend/src/app/layout.tsx:25:9)
  15 |     { name: 'Importar', href: '/importar', icon: 'cloud_upload' },
  16 |     { name: 'Reportes', href: '/reportes', icon: 'description' },
> 17 |     { name: 'Dashboard', href: '/', icon: LayoutDashboard },
     |                                           ^
  18 |     { name: 'Consolidados', href: '/consolidados', icon: BarChart3 },
  19 |     { name: 'Funcionarios', href: '/funcionarios', icon: Users },
  20 |     { name: 'Importar', href: '/importar', icon: Upload },
[browser] Uncaught ReferenceError: LayoutDashboard is not defined
    at Sidebar (../../REMUNERACIONES 2026/frontend/src/components/Sidebar.tsx:17:43)
    at RootLayout (../../REMUNERACIONES 2026/frontend/src/app/layout.tsx:25:9)
  15 |     { name: 'Importar', href: '/importar', icon: 'cloud_upload' },
  16 |     { name: 'Reportes', href: '/reportes', icon: 'description' },
> 17 |     { name: 'Dashboard', href: '/', icon: LayoutDashboard },
     |                                           ^
  18 |     { name: 'Consolidados', href: '/consolidados', icon: BarChart3 },
  19 |     { name: 'Funcionarios', href: '/funcionarios', icon: Users },
  20 |     { name: 'Importar', href: '/importar', icon: Upload },
[browser] Uncaught ReferenceError: LayoutDashboard is not defined
    at Sidebar (../../REMUNERACIONES 2026/frontend/src/components/Sidebar.tsx:17:43)
    at RootLayout (../../REMUNERACIONES 2026/frontend/src/app/layout.tsx:25:9)
  15 |     { name: 'Importar', href: '/importar', icon: 'cloud_upload' },
  16 |     { name: 'Reportes', href: '/reportes', icon: 'description' },
> 17 |     { name: 'Dashboard', href: '/', icon: LayoutDashboard },
     |                                           ^
  18 |     { name: 'Consolidados', href: '/consolidados', icon: BarChart3 },
  19 |     { name: 'Funcionarios', href: '/funcionarios', icon: Users },
  20 |     { name: 'Importar', href: '/importar', icon: Upload },
⨯ ReferenceError: LayoutDashboard is not defined
    at Sidebar (src/components/Sidebar.tsx:17:43)
  15 |     { name: 'Importar', href: '/importar', icon: 'cloud_upload' },
  16 |     { name: 'Reportes', href: '/reportes', icon: 'description' },
> 17 |     { name: 'Dashboard', href: '/', icon: LayoutDashboard },
     |                                           ^
  18 |     { name: 'Consolidados', href: '/consolidados', icon: BarChart3 },
  19 |     { name: 'Funcionarios', href: '/funcionarios', icon: Users },
  20 |     { name: 'Importar', href: '/importar', icon: Upload }, {
  digest: '3249630916'
}
 GET /reportes 500 in 149ms (next.js: 38ms, application-code: 112ms)
[browser] Uncaught ReferenceError: LayoutDashboard is not defined
    at Sidebar (../../REMUNERACIONES 2026/frontend/src/components/Sidebar.tsx:17:43)
    at RootLayout (../../REMUNERACIONES 2026/frontend/src/app/layout.tsx:25:9)
  15 |     { name: 'Importar', href: '/importar', icon: 'cloud_upload' },
  16 |     { name: 'Reportes', href: '/reportes', icon: 'description' },
> 17 |     { name: 'Dashboard', href: '/', icon: LayoutDashboard },
     |                                           ^
  18 |     { name: 'Consolidados', href: '/consolidados', icon: BarChart3 },
  19 |     { name: 'Funcionarios', href: '/funcionarios', icon: Users },
  20 |     { name: 'Importar', href: '/importar', icon: Upload },
⨯ ReferenceError: LayoutDashboard is not defined
    at Sidebar (src/components/Sidebar.tsx:17:43)
  15 |     { name: 'Importar', href: '/importar', icon: 'cloud_upload' },
  16 |     { name: 'Reportes', href: '/reportes', icon: 'description' },
> 17 |     { name: 'Dashboard', href: '/', icon: LayoutDashboard },
     |                                           ^
  18 |     { name: 'Consolidados', href: '/consolidados', icon: BarChart3 },
  19 |     { name: 'Funcionarios', href: '/funcionarios', icon: Users },
  20 |     { name: 'Importar', href: '/importar', icon: Upload }, {
  digest: '3249630916'
}
 GET /reportes 500 in 53ms (next.js: 5ms, application-code: 48ms)
[browser] Uncaught ReferenceError: LayoutDashboard is not defined
    at Sidebar (../../REMUNERACIONES 2026/frontend/src/components/Sidebar.tsx:17:43)
    at RootLayout (../../REMUNERACIONES 2026/frontend/src/app/layout.tsx:25:9)
  15 |     { name: 'Importar', href: '/importar', icon: 'cloud_upload' },
  16 |     { name: 'Reportes', href: '/reportes', icon: 'description' },
> 17 |     { name: 'Dashboard', href: '/', icon: LayoutDashboard },
     |                                           ^
  18 |     { name: 'Consolidados', href: '/consolidados', icon: BarChart3 },
  19 |     { name: 'Funcionarios', href: '/funcionarios', icon: Users },
  20 |     { name: 'Importar', href: '/importar', icon: Upload },
⨯ ReferenceError: LayoutDashboard is not defined
    at Sidebar (src/components/Sidebar.tsx:17:43)
  15 |     { name: 'Importar', href: '/importar', icon: 'cloud_upload' },
  16 |     { name: 'Reportes', href: '/reportes', icon: 'description' },
> 17 |     { name: 'Dashboard', href: '/', icon: LayoutDashboard },
     |                                           ^
  18 |     { name: 'Consolidados', href: '/consolidados', icon: BarChart3 },
  19 |     { name: 'Funcionarios', href: '/funcionarios', icon: Users },
  20 |     { name: 'Importar', href: '/importar', icon: Upload }, {
  digest: '3249630916'
}
 GET /reportes 500 in 43ms (next.js: 7ms, application-code: 36ms)
[browser] Uncaught ReferenceError: LayoutDashboard is not defined
    at Sidebar (../../REMUNERACIONES 2026/frontend/src/components/Sidebar.tsx:17:43)
    at RootLayout (../../REMUNERACIONES 2026/frontend/src/app/layout.tsx:25:9)
  15 |     { name: 'Importar', href: '/importar', icon: 'cloud_upload' },
  16 |     { name: 'Reportes', href: '/reportes', icon: 'description' },
> 17 |     { name: 'Dashboard', href: '/', icon: LayoutDashboard },
     |                                           ^
  18 |     { name: 'Consolidados', href: '/consolidados', icon: BarChart3 },
  19 |     { name: 'Funcionarios', href: '/funcionarios', icon: Users },
  20 |     { name: 'Importar', href: '/importar', icon: Upload },
✓ Compiled in 494ms
⚠ Fast Refresh had to perform a full reload due to a runtime error.
⚠ Fast Refresh had to perform a full reload due to a runtime error.
⚠ Fast Refresh had to perform a full reload due to a runtime error.
⚠ Fast Refresh had to perform a full reload due to a runtime error.
⚠ Fast Refresh had to perform a full reload due to a runtime error.
 GET /consolidados 200 in 1019ms (next.js: 114ms, application-code: 906ms)
 GET /reportes 404 in 977ms (next.js: 623ms, application-code: 353ms)
 GET /funcionarios/18289977-1 200 in 316ms (next.js: 28ms, application-code: 288ms)
 GET /consolidados/2 200 in 317ms (next.js: 137ms, application-code: 180ms)
 GET /consolidados 200 in 115ms (next.js: 5ms, application-code: 111ms)
 GET /reportes 404 in 142ms (next.js: 46ms, application-code: 96ms)
 GET /reportes 404 in 186ms (next.js: 11ms, application-code: 175ms)
 GET / 200 in 71ms (next.js: 51ms, application-code: 20ms)
[browser] Error fetching dashboard: AxiosError: Request failed with status code 500 (../../REMUNERACIONES 2026/frontend/src/app/page.tsx:18:17)
[browser] Error fetching dashboard: AxiosError: Request failed with status code 500 (../../REMUNERACIONES 2026/frontend/src/app/page.tsx:18:17)
 GET /consolidados 200 in 50ms (next.js: 13ms, application-code: 38ms)
 GET /funcionarios 200 in 73ms (next.js: 46ms, application-code: 27ms)
 GET /importar 200 in 111ms (next.js: 67ms, application-code: 44ms)
 GET /reportes 404 in 26ms (next.js: 10ms, application-code: 16ms)
 GET /reportes 404 in 27ms (next.js: 1456µs, application-code: 25ms)
 GET / 200 in 25ms (next.js: 6ms, application-code: 19ms)
[browser] Error fetching dashboard: AxiosError: Request failed with status code 500 (../../REMUNERACIONES 2026/frontend/src/app/page.tsx:18:17)
[browser] Error fetching dashboard: AxiosError: Request failed with status code 500 (../../REMUNERACIONES 2026/frontend/src/app/page.tsx:18:17)
 GET /consolidados 200 in 49ms (next.js: 15ms, application-code: 34ms)
 GET /consolidados/1 200 in 73ms (next.js: 27ms, application-code: 45ms)
 GET /funcionarios 200 in 55ms (next.js: 27ms, application-code: 28ms)
 GET /funcionarios/18289977-1 200 in 20ms (next.js: 7ms, application-code: 14ms)
 GET / 200 in 41ms (next.js: 9ms, application-code: 32ms)
[browser] Error fetching dashboard: AxiosError: Request failed with status code 500 (../../REMUNERACIONES 2026/frontend/src/app/page.tsx:18:17)
[browser] Error fetching dashboard: AxiosError: Request failed with status code 500 (../../REMUNERACIONES 2026/frontend/src/app/page.tsx:18:17)
✓ Compiled in 344ms
✓ Compiled in 167ms
✓ Compiled in 136ms
 GET /consolidados 200 in 214ms (next.js: 42ms, application-code: 172ms)
✓ Compiled in 108ms
✓ Compiled in 123ms
✓ Compiled in 104ms
[browser] ./Documents/REMUNERACIONES 2026/frontend/src/app/importar/page.tsx:52:12
Expected ',', got 'ident'
  50 |       </div>
  51 |
> 52 |       <div className="max-w-4xl mx-auto w-full space-y-12">
     |            ^^^^^^^^^
  53 |         {/* Drop Zone */}
  54 |         <div className="bg-surface-container-low p-12 rounded-[3.5rem] border-2 border-das...
  55 |           <input

Parsing ecmascript source code failed

Import traces:
  Client Component Browser:
    ./Documents/REMUNERACIONES 2026/frontend/src/app/importar/page.tsx [Client Component Browser]
    ./Documents/REMUNERACIONES 2026/frontend/src/app/importar/page.tsx [Server Component]

  Client Component SSR:
    ./Documents/REMUNERACIONES 2026/frontend/src/app/importar/page.tsx [Client Component SSR]
    ./Documents/REMUNERACIONES 2026/frontend/src/app/importar/page.tsx [Server Component] 
✓ Compiled in 32ms
 GET /consolidados 200 in 341ms (next.js: 70ms, application-code: 271ms)
 GET /funcionarios/18289977-1 200 in 173ms (next.js: 40ms, application-code: 133ms)
 GET /consolidados/2 200 in 176ms (next.js: 21ms, application-code: 155ms)
 GET /consolidados 200 in 187ms (next.js: 3ms, application-code: 184ms)
 GET /consolidados 200 in 132ms (next.js: 19ms, application-code: 113ms)
 GET / 200 in 185ms (next.js: 140ms, application-code: 45ms)
[browser] Error fetching dashboard: AxiosError: Request failed with status code 500 (../../REMUNERACIONES 2026/frontend/src/app/page.tsx:18:17)
[browser] Error fetching dashboard: AxiosError: Request failed with status code 500 (../../REMUNERACIONES 2026/frontend/src/app/page.tsx:18:17)
 GET /consolidados 200 in 59ms (next.js: 17ms, application-code: 42ms)
 GET /consolidados/1 200 in 37ms (next.js: 14ms, application-code: 23ms)
 GET /consolidados 200 in 21ms (next.js: 2ms, application-code: 19ms)
 GET /funcionarios 200 in 35ms (next.js: 23ms, application-code: 12ms)
 GET /funcionarios/15293253-7 200 in 47ms (next.js: 20ms, application-code: 27ms)
 GET /funcionarios 200 in 25ms (next.js: 10ms, application-code: 15ms)
 GET /funcionarios/26460057-K 200 in 25ms (next.js: 8ms, application-code: 17ms)
 GET /funcionarios 200 in 42ms (next.js: 11ms, application-code: 30ms)
 GET /funcionarios/18174497-9 200 in 32ms (next.js: 10ms, application-code: 22ms)
 GET /funcionarios 200 in 22ms (next.js: 4ms, application-code: 19ms)
 GET /importar 200 in 53ms (next.js: 39ms, application-code: 14ms)
 GET /reportes 404 in 31ms (next.js: 21ms, application-code: 11ms)
 GET /reportes 404 in 30ms (next.js: 1709µs, application-code: 28ms)
 GET /funcionarios 200 in 27ms (next.js: 3ms, application-code: 24ms)
 GET /consolidados 200 in 31ms (next.js: 4ms, application-code: 27ms)
 GET / 200 in 30ms (next.js: 6ms, application-code: 23ms)
[browser] Error fetching dashboard: AxiosError: Request failed with status code 500 (../../REMUNERACIONES 2026/frontend/src/app/page.tsx:18:17)
[browser] Error fetching dashboard: AxiosError: Request failed with status code 500 (../../REMUNERACIONES 2026/frontend/src/app/page.tsx:18:17)
 GET /consolidados 200 in 46ms (next.js: 24ms, application-code: 22ms)
✓ Compiled in 126ms
✓ Compiled in 48ms
✓ Compiled in 122ms
✓ Compiled in 66ms
 GET /consolidados 200 in 155ms (next.js: 47ms, application-code: 108ms)
 GET / 200 in 66ms (next.js: 39ms, application-code: 27ms)
[browser] Error fetching dashboard: AxiosError: Request failed with status code 500 (../../REMUNERACIONES 2026/frontend/src/app/page.tsx:18:17)
[browser] Error fetching dashboard: AxiosError: Request failed with status code 500 (../../REMUNERACIONES 2026/frontend/src/app/page.tsx:18:17)
 GET /consolidados 200 in 22ms (next.js: 3ms, application-code: 18ms)
 GET /consolidados/1 200 in 65ms (next.js: 31ms, application-code: 34ms)
 GET /consolidados 200 in 21ms (next.js: 4ms, application-code: 17ms)
 GET /consolidados/1 200 in 42ms (next.js: 8ms, application-code: 34ms)
 GET /consolidados/1 200 in 35ms (next.js: 4ms, application-code: 31ms)
 GET /consolidados/1 200 in 33ms (next.js: 7ms, application-code: 25ms)
 GET /funcionarios 200 in 24ms (next.js: 5ms, application-code: 19ms)
 GET /consolidados 200 in 25ms (next.js: 10ms, application-code: 15ms)
 GET /consolidados/1 200 in 31ms (next.js: 12ms, application-code: 19ms)
 GET /consolidados 200 in 23ms (next.js: 3ms, application-code: 20ms)
✓ Compiled in 136ms
✓ Compiled in 105ms
 GET /consolidados 200 in 124ms (next.js: 61ms, application-code: 63ms)
 GET /consolidados 200 in 69ms (next.js: 5ms, application-code: 64ms)
 GET /consolidados 200 in 32ms (next.js: 5ms, application-code: 27ms)
 GET /consolidados 200 in 23ms (next.js: 1822µs, application-code: 21ms)
 GET /consolidados 200 in 34ms (next.js: 11ms, application-code: 23ms)
 GET /consolidados 200 in 28ms (next.js: 3ms, application-code: 24ms)
 GET /consolidados 200 in 28ms (next.js: 3ms, application-code: 25ms)
✓ Compiled in 170ms
✓ Compiled in 109ms
✓ Compiled in 154ms
✓ Compiled in 86ms
✓ Compiled in 92ms
✓ Compiled in 45ms
✓ Compiled in 41ms
✓ Compiled in 49ms
✓ Compiled in 61ms
✓ Compiled in 121ms
✓ Compiled in 181ms
✓ Compiled in 84ms
✓ Compiled in 83ms
 GET / 200 in 267ms (next.js: 85ms, application-code: 182ms)
[browser] Error fetching dashboard: AxiosError: Request failed with status code 500 (../../REMUNERACIONES 2026/frontend/src/app/page.tsx:18:17)
[browser] Error fetching dashboard: AxiosError: Request failed with status code 500 (../../REMUNERACIONES 2026/frontend/src/app/page.tsx:18:17)
 GET /consolidados 200 in 49ms (next.js: 16ms, application-code: 33ms)
 GET /funcionarios 200 in 82ms (next.js: 32ms, application-code: 50ms)
✓ Compiled in 246ms
 GET /consolidados 200 in 171ms (next.js: 64ms, application-code: 106ms)
✓ Compiled in 454ms
✓ Compiled in 208ms
 GET /logos/cesfam-panguipulli.png 404 in 403ms (next.js: 69ms, application-code: 335ms)
 GET /logos/cesfam-panguipulli.png 404 in 39ms (next.js: 3ms, application-code: 36ms)
 GET /logos/cesfam-panguipulli.png 404 in 147ms (next.js: 13ms, application-code: 134ms)
 GET /logos/cesfam-panguipulli.png 404 in 82ms (next.js: 5ms, application-code: 77ms)
 GET /logos/cesfam-panguipulli.png 404 in 38ms (next.js: 1476µs, application-code: 37ms)
✓ Compiled in 137ms
 GET /logos/cesfam-panguipulli.png 404 in 839ms (next.js: 50ms, application-code: 789ms)
 GET /consolidados 200 in 58ms (next.js: 36ms, application-code: 22ms)
 GET /consolidados 200 in 23ms (next.js: 2ms, application-code: 21ms)
 GET /consolidados/1 200 in 97ms (next.js: 53ms, application-code: 44ms)
 GET /logos/cesfam-panguipulli.png 404 in 51ms (next.js: 4ms, application-code: 46ms)
 GET /consolidados 200 in 21ms (next.js: 2ms, application-code: 19ms)
 GET /logos/cesfam-panguipulli.png 404 in 29ms (next.js: 9ms, application-code: 20ms)
✓ Compiled in 414ms
 GET /consolidados 200 in 1069ms (next.js: 414ms, application-code: 655ms)
 GET /consolidados/2 200 in 557ms (next.js: 82ms, application-code: 475ms)
 GET /funcionarios/18289977-1 200 in 559ms (next.js: 140ms, application-code: 419ms)
 GET /consolidados 200 in 393ms (next.js: 6ms, application-code: 387ms)
 GET /logos/cesfam-panguipulli.png 404 in 391ms (next.js: 79ms, application-code: 312ms)
 GET /logos/cesfam-panguipulli.png 404 in 83ms (next.js: 33ms, application-code: 50ms)
 GET /consolidados 200 in 113ms (next.js: 1778µs, application-code: 112ms)
 GET /consolidados/2 200 in 142ms (next.js: 4ms, application-code: 138ms)
 GET /funcionarios/18289977-1 200 in 142ms (next.js: 14ms, application-code: 128ms)
 GET /consolidados 200 in 148ms (next.js: 54ms, application-code: 94ms)
 GET /consolidados 200 in 129ms (next.js: 4ms, application-code: 125ms)
 GET /logos/cesfam-panguipulli.png 404 in 41ms (next.js: 9ms, application-code: 32ms)
 GET /consolidados 200 in 89ms (next.js: 12ms, application-code: 77ms)
 GET /logos/cesfam-panguipulli.png 404 in 154ms (next.js: 8ms, application-code: 145ms)
✓ Compiled in 202ms
 GET /consolidados 200 in 641ms (next.js: 148ms, application-code: 493ms)
 GET /logos/cesfam-panguipulli.png 404 in 264ms (next.js: 79ms, application-code: 185ms)
 GET /funcionarios/18289977-1 200 in 326ms (next.js: 24ms, application-code: 302ms)
 GET /consolidados 200 in 342ms (next.js: 46ms, application-code: 296ms)
 GET /consolidados/2 200 in 302ms (next.js: 30ms, application-code: 272ms)
 GET /funcionarios/18289977-1 200 in 105ms (next.js: 4ms, application-code: 102ms)
 GET /consolidados 200 in 140ms (next.js: 5ms, application-code: 135ms)
 GET /consolidados/2 200 in 123ms (next.js: 3ms, application-code: 120ms)
 GET /consolidados 200 in 108ms (next.js: 6ms, application-code: 102ms)
 GET /consolidados 200 in 91ms (next.js: 8ms, application-code: 83ms)
 GET /consolidados 200 in 68ms (next.js: 3ms, application-code: 65ms)
 GET /consolidados 200 in 122ms (next.js: 16ms, application-code: 105ms)
 GET /logos/cesfam-panguipulli.png 404 in 25ms (next.js: 5ms, application-code: 20ms)
 GET /consolidados/1 200 in 43ms (next.js: 20ms, application-code: 23ms)
 GET /logos/cesfam-panguipulli.png 404 in 86ms (next.js: 5ms, application-code: 81ms)
 GET /consolidados 200 in 21ms (next.js: 4ms, application-code: 17ms)
 GET /logos/cesfam-panguipulli.png 404 in 30ms (next.js: 3ms, application-code: 27ms)
✓ Compiled in 107ms
✓ Compiled in 263ms
 GET /consolidados 200 in 150ms (next.js: 35ms, application-code: 115ms)
 GET /logos/cesfam-panguipulli.png 404 in 46ms (next.js: 10ms, application-code: 36ms)
 GET /consolidados 200 in 52ms (next.js: 7ms, application-code: 45ms)
 GET /logos/cesfam-panguipulli.png 404 in 26ms (next.js: 2ms, application-code: 23ms)
 GET /consolidados 200 in 151ms (next.js: 2ms, application-code: 149ms)
 GET /logos/cesfam-panguipulli.png 404 in 30ms (next.js: 5ms, application-code: 26ms)
[browser] ./Documents/REMUNERACIONES 2026/frontend/src/app/importar/page.tsx:52:12
Expected ',', got 'ident'
  50 |       </div>
  51 |
> 52 |       <div className="max-w-4xl mx-auto w-full space-y-12">
     |            ^^^^^^^^^
  53 |         {/* Drop Zone */}
  54 |         <div className="bg-surface-container-low p-12 rounded-[3.5rem] border-2 border-das...
  55 |           <input

Parsing ecmascript source code failed

Import traces:
  Client Component Browser:
    ./Documents/REMUNERACIONES 2026/frontend/src/app/importar/page.tsx [Client Component Browser]
    ./Documents/REMUNERACIONES 2026/frontend/src/app/importar/page.tsx [Server Component]

  Client Component SSR:
    ./Documents/REMUNERACIONES 2026/frontend/src/app/importar/page.tsx [Client Component SSR]
    ./Documents/REMUNERACIONES 2026/frontend/src/app/importar/page.tsx [Server Component] 
 GET /consolidados 200 in 39ms (next.js: 5ms, application-code: 33ms)
 GET /logos/cesfam-panguipulli.png 404 in 18ms (next.js: 2ms, application-code: 16ms)
 GET /consolidados 200 in 32ms (next.js: 2ms, application-code: 30ms)
 GET /logos/cesfam-panguipulli.png 404 in 19ms (next.js: 1301µs, application-code: 18ms)
 GET /consolidados 200 in 28ms (next.js: 3ms, application-code: 26ms)
 GET /logos/cesfam-panguipulli.png 404 in 40ms (next.js: 1533µs, application-code: 39ms)
 GET /consolidados 200 in 26ms (next.js: 2ms, application-code: 24ms)
 GET /logos/cesfam-panguipulli.png 404 in 38ms (next.js: 1007µs, application-code: 37ms)
 GET /consolidados 200 in 23ms (next.js: 1482µs, application-code: 22ms)
 GET /consolidados 200 in 56ms (next.js: 5ms, application-code: 51ms)
 GET /logos/cesfam-panguipulli.png 404 in 17ms (next.js: 1569µs, application-code: 16ms)
 GET /consolidados/1 200 in 26ms (next.js: 12ms, application-code: 14ms)
 GET /logos/cesfam-panguipulli.png 404 in 42ms (next.js: 3ms, application-code: 39ms)
 GET /consolidados 200 in 24ms (next.js: 4ms, application-code: 19ms)
 GET /logos/cesfam-panguipulli.png 404 in 35ms (next.js: 3ms, application-code: 32ms)
