
> backend@0.0.1 start:dev
> nest start --watch

[2J[3J[H[[90m4:02:42 PM[0m] Starting compilation in watch mode...

[[90m4:02:43 PM[0m] Found 0 errors. Watching for file changes.

[32m[Nest] 44253  - [39m04/10/2026, 4:02:44 PM [32m    LOG[39m [38;5;3m[NestFactory] [39m[32mStarting Nest application...[39m
[32m[Nest] 44253  - [39m04/10/2026, 4:02:44 PM [32m    LOG[39m [38;5;3m[InstanceLoader] [39m[32mPrismaModule dependencies initialized[39m[38;5;3m +9ms[39m
[32m[Nest] 44253  - [39m04/10/2026, 4:02:44 PM [32m    LOG[39m [38;5;3m[InstanceLoader] [39m[32mAppModule dependencies initialized[39m[38;5;3m +1ms[39m
[32m[Nest] 44253  - [39m04/10/2026, 4:02:44 PM [32m    LOG[39m [38;5;3m[InstanceLoader] [39m[32mCentrosSaludModule dependencies initialized[39m[38;5;3m +0ms[39m
[32m[Nest] 44253  - [39m04/10/2026, 4:02:44 PM [32m    LOG[39m [38;5;3m[InstanceLoader] [39m[32mUsuariosModule dependencies initialized[39m[38;5;3m +0ms[39m
[32m[Nest] 44253  - [39m04/10/2026, 4:02:44 PM [32m    LOG[39m [38;5;3m[InstanceLoader] [39m[32mProgramasModule dependencies initialized[39m[38;5;3m +0ms[39m
[32m[Nest] 44253  - [39m04/10/2026, 4:02:44 PM [32m    LOG[39m [38;5;3m[InstanceLoader] [39m[32mPeriodosModule dependencies initialized[39m[38;5;3m +0ms[39m
[32m[Nest] 44253  - [39m04/10/2026, 4:02:44 PM [32m    LOG[39m [38;5;3m[InstanceLoader] [39m[32mConsolidadosModule dependencies initialized[39m[38;5;3m +0ms[39m
[32m[Nest] 44253  - [39m04/10/2026, 4:02:44 PM [32m    LOG[39m [38;5;3m[InstanceLoader] [39m[32mTurnosUrgenciaModule dependencies initialized[39m[38;5;3m +0ms[39m
[32m[Nest] 44253  - [39m04/10/2026, 4:02:44 PM [32m    LOG[39m [38;5;3m[InstanceLoader] [39m[32mViaticosModule dependencies initialized[39m[38;5;3m +0ms[39m
[32m[Nest] 44253  - [39m04/10/2026, 4:02:44 PM [32m    LOG[39m [38;5;3m[InstanceLoader] [39m[32mAtrasosModule dependencies initialized[39m[38;5;3m +0ms[39m
[32m[Nest] 44253  - [39m04/10/2026, 4:02:44 PM [32m    LOG[39m [38;5;3m[InstanceLoader] [39m[32mProcedimientosModule dependencies initialized[39m[38;5;3m +0ms[39m
[32m[Nest] 44253  - [39m04/10/2026, 4:02:44 PM [32m    LOG[39m [38;5;3m[InstanceLoader] [39m[32mHorasExtrasModule dependencies initialized[39m[38;5;3m +0ms[39m
[32m[Nest] 44253  - [39m04/10/2026, 4:02:44 PM [32m    LOG[39m [38;5;3m[InstanceLoader] [39m[32mFuncionariosModule dependencies initialized[39m[38;5;3m +0ms[39m
[32m[Nest] 44253  - [39m04/10/2026, 4:02:44 PM [32m    LOG[39m [38;5;3m[InstanceLoader] [39m[32mAuditModule dependencies initialized[39m[38;5;3m +0ms[39m
[32m[Nest] 44253  - [39m04/10/2026, 4:02:44 PM [32m    LOG[39m [38;5;3m[RoutesResolver] [39m[32mAppController {/}:[39m[38;5;3m +3ms[39m
[32m[Nest] 44253  - [39m04/10/2026, 4:02:44 PM [32m    LOG[39m [38;5;3m[RouterExplorer] [39m[32mMapped {/, GET} route[39m[38;5;3m +1ms[39m
[32m[Nest] 44253  - [39m04/10/2026, 4:02:44 PM [32m    LOG[39m [38;5;3m[RouterExplorer] [39m[32mMapped {/debug-routes, GET} route[39m[38;5;3m +0ms[39m
[32m[Nest] 44253  - [39m04/10/2026, 4:02:44 PM [32m    LOG[39m [38;5;3m[RoutesResolver] [39m[32mCentrosSaludController {/centros-salud}:[39m[38;5;3m +0ms[39m
[32m[Nest] 44253  - [39m04/10/2026, 4:02:44 PM [32m    LOG[39m [38;5;3m[RouterExplorer] [39m[32mMapped {/centros-salud, POST} route[39m[38;5;3m +0ms[39m
[32m[Nest] 44253  - [39m04/10/2026, 4:02:44 PM [32m    LOG[39m [38;5;3m[RouterExplorer] [39m[32mMapped {/centros-salud, GET} route[39m[38;5;3m +0ms[39m
[32m[Nest] 44253  - [39m04/10/2026, 4:02:44 PM [32m    LOG[39m [38;5;3m[RouterExplorer] [39m[32mMapped {/centros-salud/:id, GET} route[39m[38;5;3m +0ms[39m
[32m[Nest] 44253  - [39m04/10/2026, 4:02:44 PM [32m    LOG[39m [38;5;3m[RouterExplorer] [39m[32mMapped {/centros-salud/:id, PATCH} route[39m[38;5;3m +0ms[39m
[32m[Nest] 44253  - [39m04/10/2026, 4:02:44 PM [32m    LOG[39m [38;5;3m[RouterExplorer] [39m[32mMapped {/centros-salud/:id, DELETE} route[39m[38;5;3m +0ms[39m
[32m[Nest] 44253  - [39m04/10/2026, 4:02:44 PM [32m    LOG[39m [38;5;3m[RoutesResolver] [39m[32mUsuariosController {/usuarios}:[39m[38;5;3m +0ms[39m
[32m[Nest] 44253  - [39m04/10/2026, 4:02:44 PM [32m    LOG[39m [38;5;3m[RouterExplorer] [39m[32mMapped {/usuarios, POST} route[39m[38;5;3m +1ms[39m
[32m[Nest] 44253  - [39m04/10/2026, 4:02:44 PM [32m    LOG[39m [38;5;3m[RouterExplorer] [39m[32mMapped {/usuarios, GET} route[39m[38;5;3m +0ms[39m
[32m[Nest] 44253  - [39m04/10/2026, 4:02:44 PM [32m    LOG[39m [38;5;3m[RouterExplorer] [39m[32mMapped {/usuarios/:id, GET} route[39m[38;5;3m +0ms[39m
[32m[Nest] 44253  - [39m04/10/2026, 4:02:44 PM [32m    LOG[39m [38;5;3m[RouterExplorer] [39m[32mMapped {/usuarios/:id, PATCH} route[39m[38;5;3m +0ms[39m
[32m[Nest] 44253  - [39m04/10/2026, 4:02:44 PM [32m    LOG[39m [38;5;3m[RouterExplorer] [39m[32mMapped {/usuarios/:id, DELETE} route[39m[38;5;3m +0ms[39m
[32m[Nest] 44253  - [39m04/10/2026, 4:02:44 PM [32m    LOG[39m [38;5;3m[RoutesResolver] [39m[32mProgramasController {/programas}:[39m[38;5;3m +0ms[39m
[32m[Nest] 44253  - [39m04/10/2026, 4:02:44 PM [32m    LOG[39m [38;5;3m[RouterExplorer] [39m[32mMapped {/programas, POST} route[39m[38;5;3m +1ms[39m
[32m[Nest] 44253  - [39m04/10/2026, 4:02:44 PM [32m    LOG[39m [38;5;3m[RouterExplorer] [39m[32mMapped {/programas, GET} route[39m[38;5;3m +0ms[39m
[32m[Nest] 44253  - [39m04/10/2026, 4:02:44 PM [32m    LOG[39m [38;5;3m[RouterExplorer] [39m[32mMapped {/programas/:id, GET} route[39m[38;5;3m +0ms[39m
[32m[Nest] 44253  - [39m04/10/2026, 4:02:44 PM [32m    LOG[39m [38;5;3m[RouterExplorer] [39m[32mMapped {/programas/:id, PATCH} route[39m[38;5;3m +0ms[39m
[32m[Nest] 44253  - [39m04/10/2026, 4:02:44 PM [32m    LOG[39m [38;5;3m[RouterExplorer] [39m[32mMapped {/programas/:id, DELETE} route[39m[38;5;3m +0ms[39m
[32m[Nest] 44253  - [39m04/10/2026, 4:02:44 PM [32m    LOG[39m [38;5;3m[RoutesResolver] [39m[32mFuncionariosController {/funcionarios}:[39m[38;5;3m +0ms[39m
[32m[Nest] 44253  - [39m04/10/2026, 4:02:44 PM [32m    LOG[39m [38;5;3m[RouterExplorer] [39m[32mMapped {/funcionarios, POST} route[39m[38;5;3m +0ms[39m
[32m[Nest] 44253  - [39m04/10/2026, 4:02:44 PM [32m    LOG[39m [38;5;3m[RouterExplorer] [39m[32mMapped {/funcionarios/importar, POST} route[39m[38;5;3m +0ms[39m
[32m[Nest] 44253  - [39m04/10/2026, 4:02:44 PM [32m    LOG[39m [38;5;3m[RouterExplorer] [39m[32mMapped {/funcionarios, GET} route[39m[38;5;3m +0ms[39m
[32m[Nest] 44253  - [39m04/10/2026, 4:02:44 PM [32m    LOG[39m [38;5;3m[RouterExplorer] [39m[32mMapped {/funcionarios/:rut, GET} route[39m[38;5;3m +0ms[39m
[32m[Nest] 44253  - [39m04/10/2026, 4:02:44 PM [32m    LOG[39m [38;5;3m[RouterExplorer] [39m[32mMapped {/funcionarios/:rut, PATCH} route[39m[38;5;3m +0ms[39m
[32m[Nest] 44253  - [39m04/10/2026, 4:02:44 PM [32m    LOG[39m [38;5;3m[RouterExplorer] [39m[32mMapped {/funcionarios/:rut, DELETE} route[39m[38;5;3m +0ms[39m
[32m[Nest] 44253  - [39m04/10/2026, 4:02:44 PM [32m    LOG[39m [38;5;3m[RoutesResolver] [39m[32mPeriodosController {/periodos}:[39m[38;5;3m +0ms[39m
[32m[Nest] 44253  - [39m04/10/2026, 4:02:44 PM [32m    LOG[39m [38;5;3m[RouterExplorer] [39m[32mMapped {/periodos, POST} route[39m[38;5;3m +0ms[39m
[32m[Nest] 44253  - [39m04/10/2026, 4:02:44 PM [32m    LOG[39m [38;5;3m[RouterExplorer] [39m[32mMapped {/periodos, GET} route[39m[38;5;3m +0ms[39m
[32m[Nest] 44253  - [39m04/10/2026, 4:02:44 PM [32m    LOG[39m [38;5;3m[RouterExplorer] [39m[32mMapped {/periodos/:id, GET} route[39m[38;5;3m +0ms[39m
[32m[Nest] 44253  - [39m04/10/2026, 4:02:44 PM [32m    LOG[39m [38;5;3m[RouterExplorer] [39m[32mMapped {/periodos/:id, PATCH} route[39m[38;5;3m +0ms[39m
[32m[Nest] 44253  - [39m04/10/2026, 4:02:44 PM [32m    LOG[39m [38;5;3m[RouterExplorer] [39m[32mMapped {/periodos/:id, DELETE} route[39m[38;5;3m +0ms[39m
[32m[Nest] 44253  - [39m04/10/2026, 4:02:44 PM [32m    LOG[39m [38;5;3m[RoutesResolver] [39m[32mConsolidadosController {/consolidados}:[39m[38;5;3m +0ms[39m
[32m[Nest] 44253  - [39m04/10/2026, 4:02:44 PM [32m    LOG[39m [38;5;3m[RouterExplorer] [39m[32mMapped {/consolidados, POST} route[39m[38;5;3m +0ms[39m
[32m[Nest] 44253  - [39m04/10/2026, 4:02:44 PM [32m    LOG[39m [38;5;3m[RouterExplorer] [39m[32mMapped {/consolidados, GET} route[39m[38;5;3m +0ms[39m
[32m[Nest] 44253  - [39m04/10/2026, 4:02:44 PM [32m    LOG[39m [38;5;3m[RouterExplorer] [39m[32mMapped {/consolidados/:id, GET} route[39m[38;5;3m +0ms[39m
[32m[Nest] 44253  - [39m04/10/2026, 4:02:44 PM [32m    LOG[39m [38;5;3m[RouterExplorer] [39m[32mMapped {/consolidados/:id, PATCH} route[39m[38;5;3m +0ms[39m
[32m[Nest] 44253  - [39m04/10/2026, 4:02:44 PM [32m    LOG[39m [38;5;3m[RouterExplorer] [39m[32mMapped {/consolidados/:id, DELETE} route[39m[38;5;3m +0ms[39m
[32m[Nest] 44253  - [39m04/10/2026, 4:02:44 PM [32m    LOG[39m [38;5;3m[RoutesResolver] [39m[32mHorasExtrasController {/horas-extras}:[39m[38;5;3m +0ms[39m
[32m[Nest] 44253  - [39m04/10/2026, 4:02:44 PM [32m    LOG[39m [38;5;3m[RouterExplorer] [39m[32mMapped {/horas-extras, POST} route[39m[38;5;3m +0ms[39m
[32m[Nest] 44253  - [39m04/10/2026, 4:02:44 PM [32m    LOG[39m [38;5;3m[RouterExplorer] [39m[32mMapped {/horas-extras, GET} route[39m[38;5;3m +0ms[39m
[32m[Nest] 44253  - [39m04/10/2026, 4:02:44 PM [32m    LOG[39m [38;5;3m[RouterExplorer] [39m[32mMapped {/horas-extras/:id, GET} route[39m[38;5;3m +0ms[39m
[32m[Nest] 44253  - [39m04/10/2026, 4:02:44 PM [32m    LOG[39m [38;5;3m[RouterExplorer] [39m[32mMapped {/horas-extras/:id, PATCH} route[39m[38;5;3m +0ms[39m
[32m[Nest] 44253  - [39m04/10/2026, 4:02:44 PM [32m    LOG[39m [38;5;3m[RouterExplorer] [39m[32mMapped {/horas-extras/bulk/:consolidadoId, PATCH} route[39m[38;5;3m +1ms[39m
[32m[Nest] 44253  - [39m04/10/2026, 4:02:44 PM [32m    LOG[39m [38;5;3m[RouterExplorer] [39m[32mMapped {/horas-extras/:id, DELETE} route[39m[38;5;3m +0ms[39m
[32m[Nest] 44253  - [39m04/10/2026, 4:02:44 PM [32m    LOG[39m [38;5;3m[RoutesResolver] [39m[32mAuditController {/audit}:[39m[38;5;3m +0ms[39m
[32m[Nest] 44253  - [39m04/10/2026, 4:02:44 PM [32m    LOG[39m [38;5;3m[RouterExplorer] [39m[32mMapped {/audit, GET} route[39m[38;5;3m +0ms[39m
[32m[Nest] 44253  - [39m04/10/2026, 4:02:44 PM [32m    LOG[39m [38;5;3m[RoutesResolver] [39m[32mTurnosUrgenciaController {/turnos-urgencia}:[39m[38;5;3m +0ms[39m
[32m[Nest] 44253  - [39m04/10/2026, 4:02:44 PM [32m    LOG[39m [38;5;3m[RouterExplorer] [39m[32mMapped {/turnos-urgencia, POST} route[39m[38;5;3m +0ms[39m
[32m[Nest] 44253  - [39m04/10/2026, 4:02:44 PM [32m    LOG[39m [38;5;3m[RouterExplorer] [39m[32mMapped {/turnos-urgencia, GET} route[39m[38;5;3m +0ms[39m
[32m[Nest] 44253  - [39m04/10/2026, 4:02:44 PM [32m    LOG[39m [38;5;3m[RouterExplorer] [39m[32mMapped {/turnos-urgencia/:id, GET} route[39m[38;5;3m +0ms[39m
[32m[Nest] 44253  - [39m04/10/2026, 4:02:44 PM [32m    LOG[39m [38;5;3m[RouterExplorer] [39m[32mMapped {/turnos-urgencia/:id, PATCH} route[39m[38;5;3m +0ms[39m
[32m[Nest] 44253  - [39m04/10/2026, 4:02:44 PM [32m    LOG[39m [38;5;3m[RouterExplorer] [39m[32mMapped {/turnos-urgencia/:id, DELETE} route[39m[38;5;3m +0ms[39m
[32m[Nest] 44253  - [39m04/10/2026, 4:02:44 PM [32m    LOG[39m [38;5;3m[RoutesResolver] [39m[32mViaticosController {/viaticos}:[39m[38;5;3m +0ms[39m
[32m[Nest] 44253  - [39m04/10/2026, 4:02:44 PM [32m    LOG[39m [38;5;3m[RouterExplorer] [39m[32mMapped {/viaticos, POST} route[39m[38;5;3m +0ms[39m
[32m[Nest] 44253  - [39m04/10/2026, 4:02:44 PM [32m    LOG[39m [38;5;3m[RouterExplorer] [39m[32mMapped {/viaticos, GET} route[39m[38;5;3m +0ms[39m
[32m[Nest] 44253  - [39m04/10/2026, 4:02:44 PM [32m    LOG[39m [38;5;3m[RouterExplorer] [39m[32mMapped {/viaticos/:id, GET} route[39m[38;5;3m +0ms[39m
[32m[Nest] 44253  - [39m04/10/2026, 4:02:44 PM [32m    LOG[39m [38;5;3m[RouterExplorer] [39m[32mMapped {/viaticos/:id, PATCH} route[39m[38;5;3m +0ms[39m
[32m[Nest] 44253  - [39m04/10/2026, 4:02:44 PM [32m    LOG[39m [38;5;3m[RouterExplorer] [39m[32mMapped {/viaticos/:id, DELETE} route[39m[38;5;3m +0ms[39m
[32m[Nest] 44253  - [39m04/10/2026, 4:02:44 PM [32m    LOG[39m [38;5;3m[RoutesResolver] [39m[32mAtrasosController {/atrasos}:[39m[38;5;3m +0ms[39m
[32m[Nest] 44253  - [39m04/10/2026, 4:02:44 PM [32m    LOG[39m [38;5;3m[RouterExplorer] [39m[32mMapped {/atrasos, POST} route[39m[38;5;3m +0ms[39m
[32m[Nest] 44253  - [39m04/10/2026, 4:02:44 PM [32m    LOG[39m [38;5;3m[RouterExplorer] [39m[32mMapped {/atrasos, GET} route[39m[38;5;3m +0ms[39m
[32m[Nest] 44253  - [39m04/10/2026, 4:02:44 PM [32m    LOG[39m [38;5;3m[RouterExplorer] [39m[32mMapped {/atrasos/:id, GET} route[39m[38;5;3m +0ms[39m
[32m[Nest] 44253  - [39m04/10/2026, 4:02:44 PM [32m    LOG[39m [38;5;3m[RouterExplorer] [39m[32mMapped {/atrasos/:id, PATCH} route[39m[38;5;3m +0ms[39m
[32m[Nest] 44253  - [39m04/10/2026, 4:02:44 PM [32m    LOG[39m [38;5;3m[RouterExplorer] [39m[32mMapped {/atrasos/:id, DELETE} route[39m[38;5;3m +0ms[39m
[32m[Nest] 44253  - [39m04/10/2026, 4:02:44 PM [32m    LOG[39m [38;5;3m[RoutesResolver] [39m[32mProcedimientosController {/procedimientos}:[39m[38;5;3m +0ms[39m
[32m[Nest] 44253  - [39m04/10/2026, 4:02:44 PM [32m    LOG[39m [38;5;3m[RouterExplorer] [39m[32mMapped {/procedimientos, POST} route[39m[38;5;3m +0ms[39m
[32m[Nest] 44253  - [39m04/10/2026, 4:02:44 PM [32m    LOG[39m [38;5;3m[RouterExplorer] [39m[32mMapped {/procedimientos, GET} route[39m[38;5;3m +0ms[39m
[32m[Nest] 44253  - [39m04/10/2026, 4:02:44 PM [32m    LOG[39m [38;5;3m[RouterExplorer] [39m[32mMapped {/procedimientos/:id, GET} route[39m[38;5;3m +0ms[39m
[32m[Nest] 44253  - [39m04/10/2026, 4:02:44 PM [32m    LOG[39m [38;5;3m[RouterExplorer] [39m[32mMapped {/procedimientos/:id, PATCH} route[39m[38;5;3m +0ms[39m
[32m[Nest] 44253  - [39m04/10/2026, 4:02:44 PM [32m    LOG[39m [38;5;3m[RouterExplorer] [39m[32mMapped {/procedimientos/:id, DELETE} route[39m[38;5;3m +0ms[39m
[32m[Nest] 44253  - [39m04/10/2026, 4:02:44 PM [32m    LOG[39m [38;5;3m[NestApplication] [39m[32mNest application successfully started[39m[38;5;3m +33ms[39m
[2J[3J[H[[90m12:30:03 AM[0m] File change detected. Starting incremental compilation...

[[90m12:30:05 AM[0m] Found 0 errors. Watching for file changes.

[32m[Nest] 77635  - [39m04/12/2026, 12:30:06 AM [32m    LOG[39m [38;5;3m[NestFactory] [39m[32mStarting Nest application...[39m
[32m[Nest] 77635  - [39m04/12/2026, 12:30:06 AM [32m    LOG[39m [38;5;3m[InstanceLoader] [39m[32mPrismaModule dependencies initialized[39m[38;5;3m +379ms[39m
[32m[Nest] 77635  - [39m04/12/2026, 12:30:06 AM [32m    LOG[39m [38;5;3m[InstanceLoader] [39m[32mAppModule dependencies initialized[39m[38;5;3m +5ms[39m
[32m[Nest] 77635  - [39m04/12/2026, 12:30:06 AM [32m    LOG[39m [38;5;3m[InstanceLoader] [39m[32mCentrosSaludModule dependencies initialized[39m[38;5;3m +1ms[39m
[32m[Nest] 77635  - [39m04/12/2026, 12:30:06 AM [32m    LOG[39m [38;5;3m[InstanceLoader] [39m[32mUsuariosModule dependencies initialized[39m[38;5;3m +0ms[39m
[32m[Nest] 77635  - [39m04/12/2026, 12:30:06 AM [32m    LOG[39m [38;5;3m[InstanceLoader] [39m[32mProgramasModule dependencies initialized[39m[38;5;3m +0ms[39m
[32m[Nest] 77635  - [39m04/12/2026, 12:30:06 AM [32m    LOG[39m [38;5;3m[InstanceLoader] [39m[32mPeriodosModule dependencies initialized[39m[38;5;3m +0ms[39m
[32m[Nest] 77635  - [39m04/12/2026, 12:30:06 AM [32m    LOG[39m [38;5;3m[InstanceLoader] [39m[32mConsolidadosModule dependencies initialized[39m[38;5;3m +0ms[39m
[32m[Nest] 77635  - [39m04/12/2026, 12:30:06 AM [32m    LOG[39m [38;5;3m[InstanceLoader] [39m[32mTurnosUrgenciaModule dependencies initialized[39m[38;5;3m +0ms[39m
[32m[Nest] 77635  - [39m04/12/2026, 12:30:06 AM [32m    LOG[39m [38;5;3m[InstanceLoader] [39m[32mViaticosModule dependencies initialized[39m[38;5;3m +1ms[39m
[32m[Nest] 77635  - [39m04/12/2026, 12:30:06 AM [32m    LOG[39m [38;5;3m[InstanceLoader] [39m[32mAtrasosModule dependencies initialized[39m[38;5;3m +0ms[39m
[32m[Nest] 77635  - [39m04/12/2026, 12:30:06 AM [32m    LOG[39m [38;5;3m[InstanceLoader] [39m[32mProcedimientosModule dependencies initialized[39m[38;5;3m +0ms[39m
[32m[Nest] 77635  - [39m04/12/2026, 12:30:06 AM [32m    LOG[39m [38;5;3m[InstanceLoader] [39m[32mHorasExtrasModule dependencies initialized[39m[38;5;3m +0ms[39m
[32m[Nest] 77635  - [39m04/12/2026, 12:30:06 AM [32m    LOG[39m [38;5;3m[InstanceLoader] [39m[32mFuncionariosModule dependencies initialized[39m[38;5;3m +0ms[39m
[32m[Nest] 77635  - [39m04/12/2026, 12:30:06 AM [32m    LOG[39m [38;5;3m[InstanceLoader] [39m[32mAuditModule dependencies initialized[39m[38;5;3m +0ms[39m
[32m[Nest] 77635  - [39m04/12/2026, 12:30:06 AM [32m    LOG[39m [38;5;3m[RoutesResolver] [39m[32mAppController {/}:[39m[38;5;3m +7ms[39m
[32m[Nest] 77635  - [39m04/12/2026, 12:30:06 AM [32m    LOG[39m [38;5;3m[RouterExplorer] [39m[32mMapped {/, GET} route[39m[38;5;3m +1ms[39m
[32m[Nest] 77635  - [39m04/12/2026, 12:30:06 AM [32m    LOG[39m [38;5;3m[RouterExplorer] [39m[32mMapped {/debug-routes, GET} route[39m[38;5;3m +1ms[39m
[32m[Nest] 77635  - [39m04/12/2026, 12:30:06 AM [32m    LOG[39m [38;5;3m[RoutesResolver] [39m[32mCentrosSaludController {/centros-salud}:[39m[38;5;3m +0ms[39m
[32m[Nest] 77635  - [39m04/12/2026, 12:30:06 AM [32m    LOG[39m [38;5;3m[RouterExplorer] [39m[32mMapped {/centros-salud, POST} route[39m[38;5;3m +0ms[39m
[32m[Nest] 77635  - [39m04/12/2026, 12:30:06 AM [32m    LOG[39m [38;5;3m[RouterExplorer] [39m[32mMapped {/centros-salud, GET} route[39m[38;5;3m +0ms[39m
[32m[Nest] 77635  - [39m04/12/2026, 12:30:06 AM [32m    LOG[39m [38;5;3m[RouterExplorer] [39m[32mMapped {/centros-salud/:id, GET} route[39m[38;5;3m +0ms[39m
[32m[Nest] 77635  - [39m04/12/2026, 12:30:06 AM [32m    LOG[39m [38;5;3m[RouterExplorer] [39m[32mMapped {/centros-salud/:id, PATCH} route[39m[38;5;3m +0ms[39m
[32m[Nest] 77635  - [39m04/12/2026, 12:30:06 AM [32m    LOG[39m [38;5;3m[RouterExplorer] [39m[32mMapped {/centros-salud/:id, DELETE} route[39m[38;5;3m +0ms[39m
[32m[Nest] 77635  - [39m04/12/2026, 12:30:06 AM [32m    LOG[39m [38;5;3m[RoutesResolver] [39m[32mUsuariosController {/usuarios}:[39m[38;5;3m +0ms[39m
[32m[Nest] 77635  - [39m04/12/2026, 12:30:06 AM [32m    LOG[39m [38;5;3m[RouterExplorer] [39m[32mMapped {/usuarios, POST} route[39m[38;5;3m +0ms[39m
[32m[Nest] 77635  - [39m04/12/2026, 12:30:06 AM [32m    LOG[39m [38;5;3m[RouterExplorer] [39m[32mMapped {/usuarios, GET} route[39m[38;5;3m +1ms[39m
[32m[Nest] 77635  - [39m04/12/2026, 12:30:06 AM [32m    LOG[39m [38;5;3m[RouterExplorer] [39m[32mMapped {/usuarios/:id, GET} route[39m[38;5;3m +0ms[39m
[32m[Nest] 77635  - [39m04/12/2026, 12:30:06 AM [32m    LOG[39m [38;5;3m[RouterExplorer] [39m[32mMapped {/usuarios/:id, PATCH} route[39m[38;5;3m +0ms[39m
[32m[Nest] 77635  - [39m04/12/2026, 12:30:06 AM [32m    LOG[39m [38;5;3m[RouterExplorer] [39m[32mMapped {/usuarios/:id, DELETE} route[39m[38;5;3m +0ms[39m
[32m[Nest] 77635  - [39m04/12/2026, 12:30:06 AM [32m    LOG[39m [38;5;3m[RoutesResolver] [39m[32mProgramasController {/programas}:[39m[38;5;3m +0ms[39m
[32m[Nest] 77635  - [39m04/12/2026, 12:30:06 AM [32m    LOG[39m [38;5;3m[RouterExplorer] [39m[32mMapped {/programas, POST} route[39m[38;5;3m +0ms[39m
[32m[Nest] 77635  - [39m04/12/2026, 12:30:06 AM [32m    LOG[39m [38;5;3m[RouterExplorer] [39m[32mMapped {/programas, GET} route[39m[38;5;3m +0ms[39m
[32m[Nest] 77635  - [39m04/12/2026, 12:30:06 AM [32m    LOG[39m [38;5;3m[RouterExplorer] [39m[32mMapped {/programas/:id, GET} route[39m[38;5;3m +0ms[39m
[32m[Nest] 77635  - [39m04/12/2026, 12:30:06 AM [32m    LOG[39m [38;5;3m[RouterExplorer] [39m[32mMapped {/programas/:id, PATCH} route[39m[38;5;3m +0ms[39m
[32m[Nest] 77635  - [39m04/12/2026, 12:30:06 AM [32m    LOG[39m [38;5;3m[RouterExplorer] [39m[32mMapped {/programas/:id, DELETE} route[39m[38;5;3m +0ms[39m
[32m[Nest] 77635  - [39m04/12/2026, 12:30:06 AM [32m    LOG[39m [38;5;3m[RoutesResolver] [39m[32mFuncionariosController {/funcionarios}:[39m[38;5;3m +0ms[39m
[32m[Nest] 77635  - [39m04/12/2026, 12:30:06 AM [32m    LOG[39m [38;5;3m[RouterExplorer] [39m[32mMapped {/funcionarios, POST} route[39m[38;5;3m +0ms[39m
[32m[Nest] 77635  - [39m04/12/2026, 12:30:06 AM [32m    LOG[39m [38;5;3m[RouterExplorer] [39m[32mMapped {/funcionarios/importar, POST} route[39m[38;5;3m +0ms[39m
[32m[Nest] 77635  - [39m04/12/2026, 12:30:06 AM [32m    LOG[39m [38;5;3m[RouterExplorer] [39m[32mMapped {/funcionarios, GET} route[39m[38;5;3m +0ms[39m
[32m[Nest] 77635  - [39m04/12/2026, 12:30:06 AM [32m    LOG[39m [38;5;3m[RouterExplorer] [39m[32mMapped {/funcionarios/:rut, GET} route[39m[38;5;3m +0ms[39m
[32m[Nest] 77635  - [39m04/12/2026, 12:30:06 AM [32m    LOG[39m [38;5;3m[RouterExplorer] [39m[32mMapped {/funcionarios/:rut, PATCH} route[39m[38;5;3m +0ms[39m
[32m[Nest] 77635  - [39m04/12/2026, 12:30:06 AM [32m    LOG[39m [38;5;3m[RouterExplorer] [39m[32mMapped {/funcionarios/:rut, DELETE} route[39m[38;5;3m +0ms[39m
[32m[Nest] 77635  - [39m04/12/2026, 12:30:06 AM [32m    LOG[39m [38;5;3m[RoutesResolver] [39m[32mPeriodosController {/periodos}:[39m[38;5;3m[32m[Nest][32m[Nest] 77635  - [39m04/12/2026, 12:30:06 AM [32m    LOG[39m [38;5;3m[RouterExplorer] [39m[32mMapped {/periodos, POST} route[39m[38;5;3m +0m[32m[Nest] 77620  - [39m04/12/2026, 12:30:06 AM [32m    LOG[39m [38;5;3m[RouterExplorer] [39m[32mMapped {/funcionarios/importar, POST} route[39m[38;5;3m +0m[32m[N[32m[Nest] 77620  - [39m04/12/2026, 12:30:06 AM [32m    LOG[39m [38;5;3m[RouterExplorer] [39m[32mMapped {/funcionarios, GET} route[39m[38;5;3m +0m[32m[N[32m[Nest] 77620  - [39m04/12/2026, 12:30:06 AM [32m    LOG[39m [38;5;3m[RouterExplorer] [39m[32mMapped {/funcionarios/:rut, GET} route[39m[38;5;3m [32m[Nest[32m[Nest] 77620  - [39m04/12/2026, 12:30:06 AM [32m    LOG[39m [38;5;3m[RouterExplorer] [39m[32mMapped {/funcionarios/:rut, PATCH} route[39m[38;5;3m +1ms[39m
[32m[Nest] 77620  - [39m04/12/2026, 12:30:06 AM [32m    LOG[39m [38;5;3m[RouterExplorer] [39m[32mMapped {/funcionarios/:rut, DELETE} route[39m[38;5;3m +0ms[39m
[32m[Nest] 77620  - [39m04/12/2026, 12:30:06 AM [32m    LOG[39m [38;5;3m[RoutesResolver] [39m[32mPeriodosController {/periodos}:[39m[38;5;[32m[Nest] 7[32m[Nest] 77620  - [39m04/12/2026, 12:30:06 AM [32m    LOG[39m [38;5;3m[RouterExplorer] [39m[32mMapped {/periodos, POST} route[39m[38;5;3m [32m[Nest] 77635  - [39m04/12/2026, 12:30:06 AM [32m    LOG[39m [38;5;3m[RouterExplorer] [39m[32mMapped {/consolidados/:id, GET} route[39m[38;5;3m +0ms[39m
[32m[Nest] 77635  - [39m04/12/2026, 12:30:06 AM [32m    LOG[39m [38;5;3m[RouterExplorer] [39m[32mMapped {/consolidados/:id, PATCH} route[39m[38;5;3m +0ms[[32[32m[Nest] 77635  - [39m04/12/2026, 12:30:06 AM [32m    LOG[39m [38;5;3m[RouterExplorer] [39m[32mMapped {/consolidados/:id, DELETE} route[39m[38;5;3m +[32m[Nes[32m[Nest] 77635  - [39m04/12/2026, 12:30:06 AM [32m    LOG[39m [38;5;3m[RoutesResolver] [39m[32mHorasExtrasController {/horas-extras}:[39m[38;5;3m[32m[Nest][32m[Nest] 77635  - [39m04/12/2026, 12:30:06 AM [32m    LOG[39m [38;5;3m[RouterExplorer] [39m[32mMapped {/horas-extras, POST} route[39m[38;5;3m +0ms[32m[[32m[Nest] 77635  - [39m04/12/2026, 12:30:06 AM [32m    LOG[39m [38;5;3m[RouterExplorer] [39m[32mMapped {/horas-extras, GET} route[39m[38;5;3m +0ms[32m[32m[Nest] 77635  - [39m04/12/2026, 12:30:06 AM [32m    LOG[39m [38;5;3m[RouterExplorer] [39m[32mMapped {/horas-extras/:id, GET} route[39m[38;5;3m +[32m[Nest] 77620  - [39m04/12/2026, 12:30:06 AM [32m    LOG[39m [38;5;3m[RouterExplorer] [39m[32mMapped {/consolidados/:id, GET} route[39m[38;5;3m +0ms[39m
[32m[Nest] 77620  - [39m04/12/2026, 12:30:06 AM [32m    LOG[39m [38;5;3m[RouterExplorer] [39m[32mMapped {/consolidados/:id, PATCH} route[39m[38;5;3m +0ms[39m
[32m[Nest] 77620  - [39m04/12/2026, 12:30:06 AM [32m    LOG[39m [38;5;3m[RouterExplorer] [39m[32mMapped {/consolidados/:id, DELETE} route[39m[38;5;3m +0ms[39m
[32m[Nest] 77620  - [39m04/12/2026, 12:30:06 AM [32m    LOG[39m [38;5;3m[RoutesResolver] [39m[32mHorasExtrasController {/horas-extras}:[39m[38;5;3m +0ms[39m
[32m[Nest] 77620  - [39m04/12/2026, 12:30:06 AM [32m    LOG[39m [38;5;3m[RouterExplorer] [39m[32mMapped {/horas-extras, POST} route[39m[38;5;3m +0ms[39m
[32m[[32m[Nest] 77635  - [39m04/12/2026, 12:30:06 AM [32m    LOG[39m [38;5;3m[RoutesResolver] [39m[32mTurnosUrgenciaController {/turnos-urgencia}:[39m[3[32m[Nest] 77620[32m[Nest] 77635  - [39m04/12/2026, 12:30:06 AM [32m    LOG[39m [38;5;3m[RouterExplorer] [39m[32mMapped {/turnos-urgencia, POST} route[39m[3[32m[Nest] 77620[32m[Nest] 77635  - [39m04/12/2026, 12:30:06 AM [32m    LOG[39m [38;5;3m[RouterExplorer] [39m[32mMapped {/turnos-urgencia, GET} route[39m[38;5[32m[Nest] 77[32m[Nest] 77635  - [39m04/12/2026, 12:30:06 AM [32m    LOG[39m [38;5;3m[RouterExplorer] [39m[32mMapped {/turnos-urgencia/:id, GET} route[39m[38;5;3m +0ms[39m
[32m[Nest] 77635  - [39m04/12/2026, 12:30:06 AM [32m    LOG[39m [38;5;3m[RouterExplorer] [39m[32mMapped {/turnos-urgencia/:id, PATCH} route[39m[38;5;3m +0ms[39m
[32m[Nest] 77635  - [39m04/12/2026, 12:30:06 AM [32m    LOG[39m [38;5;3m[RouterExplorer] [39m[32mMapped {/turnos-urgencia/:id, DELETE} route[39m[32m[Nest] 77620  - [39m04/12/2026, 12:30:06 AM [32m    LOG[39m [38;5;3m[RouterExplorer] [39m[32mMapped {/audit, GET} route[39m[38;5;3m +0ms[39m
[32m[Nest] 77620  - [39m04/12/2026, 12:30:06 AM [32m    LOG[39m [38;5;3m[RoutesResolver] [39m[32mTurnosUrgenciaController {/turnos-urgencia}:[39m[38;5;3m +0ms[39m
[32m[Nest] 77620  - [39m04/12/2026, 12:30:06 AM [32m    LOG[39m [38;5;3m[RouterExplorer] [39m[32mMapped {/turnos-urgencia, POST} route[39m[38;5;3m +0ms[39m
[32m[Nest] 77620  - [39m04/12/2026, 12:30:06 AM [32m    LOG[39m [38;5;3m[RouterExplorer] [39m[32mMapped {/turnos-urgencia, GET} route[39m[38;5;3m +0ms[39m
[32m[Nest] 77620  - [39m04/12/2026, 12:30:06 AM [32m    LOG[39m [38;5;3m[RouterExplorer] [39m[32mMapped {/turnos-urgencia/:id, GET} route[39m[38;5;3m +0ms[39m
[32m[Nest] 77620  - [39m04/12/2026, 12:30:06 AM [32m    LOG[39m [38;5;3m[RouterExplorer] [39m[32mMapped {/turnos-urgencia/:id, PATCH} route[39m[38;5;3m +0ms[39m
[32m[Nest] 77620  - [39m04/12/2026, 12:30:06 AM [32m    LOG[39m [38;5;3m[RouterExplorer] [39m[32mMapped {/turnos-urgencia/:id, DELETE} route[39m[38;5;3m +0ms[39m
[32m[Nest] 77620  - [39m04/12/2026, 12:30:06 AM [32m    LOG[39m [38;5;3m[RoutesResolver] [39m[32mViaticosController {/viaticos}:[39m[38;5;3m +0ms[39m
[32m[Nest] 77620  - [39m04/12/2026, 12:30:06 AM [32m    LOG[39m [38;5;3m[RouterExplorer] [39m[32mMapped {/viaticos, POST} route[39m[38;5;3m +0ms[39m
[32m[Nest] 77620  - [39m04/12/2026, 12:30:06 AM [32m    LOG[39m [38;5;3m[RouterExplorer] [39m[32mMapped {/viaticos, GET} route[39m[38;5;3m +0ms[39m
[32m[Nest] 77620  - [39m04/12/2026, 12:30:06 AM [32m    LOG[39m [38;5;3m[RouterExplorer] [39m[32mMapped {/viaticos/:id, GET} route[39m[38;5;3m +0ms[39m
[32m[Nest] 77620  - [39m04/12/2026, 12:30:06 AM [32m    LOG[39m [38;5;3m[RouterExplorer] [39m[32mMapped {/viaticos/:id, PATCH} route[39m[38;5;3m +0ms[39m
[32m[Nest] 77620  - [39m04/12/2026, 12:30:06 AM [32m    LOG[39m [38;5;3m[RouterExplorer] [39m[32mMapped {/viaticos/:id, DELETE} route[39m[38;5;3m +0ms[39m
[32m[Nest] 77620  - [39m04/12/2026, 12:30:06 AM [32m    LOG[39m [38;5;3m[RoutesResolver] [39m[32mAtrasosController {/atrasos}:[39m[38;5;3[32m[Nest] [32m[Nest] 77620  - [39m04/12/2026, 12:30:06 AM [32m    LOG[39m [38;5;3m[RouterExplorer] [39m[32mMapped {/atrasos, POST} route[39m[38;5;3m +1ms[39m
[32m[Nest] 77620  - [39m04/12/2026, 12:30:06 AM [32m    LOG[39m [38;5;3m[RouterExplorer] [39m[32mMapped {/atrasos, GET} route[39m[38;5;3m +0ms[39m
[32m[Nest] 77620  - [39m04/12/2026, 12:30:06 AM [32m    LOG[39m [38;5;3m[RouterExplorer] [39m[32mMapped {/atrasos/:id, GET} route[39m[38;5;3m +0ms[39m
[32m[Nest] 77620  - [39m04/12/2026, 12:30:06 AM [32m    LOG[39m [38;5;3m[RouterExplorer] [39m[32mMapped {/atrasos/:id, PATCH} route[39m[38;5;3m +0ms[39m
[32m[Nest] 77620  - [32m[Nest] 77635  - [39m04/12/2026, 12:30:06 AM [32m    LOG[39m [38;5;3m[NestApplication] [39m[32mNest application successfully started[39m[38;5;3m +19ms[39m
[31m[Nest] 77635  - [39m04/12/2026, 12:30:06 AM [31m  ERROR[39m [38;5;3m[NestApplication] [39m[31mError: listen EADDRINUSE: address already in use :::3000[39m[38;5;3m +1ms[39m
node:net:1937
    const ex = new UVExceptionWithHostPort(err, 'listen', address, port);
               ^

Error: listen EADDRINUSE: address already in use :::3000
    at Server.setupListenHandle [as _listen2] (node:net:1937:16)
    at listenInCluster (node:net:1994:12)
    at Server.listen (node:net:2099:7)
    at ExpressAdapter.listen (/Users/juanvidalp/Documents/REMUNERACIONES 2026/backend/node_modules/@nestjs/platform-express/adapters/express-adapter.js:115:32)
    at /Users/juanvidalp/Documents/REMUNERACIONES 2026/backend/node_modules/@nestjs/core/nest-application.js:188:30
    at new Promise (<anonymous>)
    at NestApplication.listen (/Users/juanvidalp/Documents/REMUNERACIONES 2026/backend/node_modules/@nestjs/core/nest-application.js:178:16)
    at async bootstrap (/Users/juanvidalp/Documents/REMUNERACIONES 2026/backend/src/main.ts:21:3) {
  code: 'EADDRINUSE',
  errno: -48,
  syscall: 'listen',
  address: '::',
  port: 3000
}

Node.js v22.14.0
[2J[3J[H[[90m12:30:22 AM[0m] File change detected. Starting incremental compilation...

[[90m12:30:23 AM[0m] Found 0 errors. Watching for file changes.

[32m[Nest] 77856  - [39m04/12/2026, 12:30:23 AM [32m    LOG[39m [38;5;3m[NestFactory] [39m[32mStarting Nest application...[39m
[32m[Nest] 77856  - [39m04/12/2026, 12:30:23 AM [32m    LOG[39m [38;5;3m[InstanceLoader] [39m[32mPrismaModule dependencies initialized[39m[38;5;3m +9ms[39m
[32m[Nest] 77856  - [39m04/12/2026, 12:30:23 AM [32m    LOG[39m [38;5;3m[InstanceLoader] [39m[32mAppModule dependencies initialized[39m[38;5;3m +1ms[39m
[32m[Nest] 77856  - [39m04/12/2026, 12:30:23 AM [32m    LOG[39m [38;5;3m[InstanceLoader] [39m[32mCentrosSaludModule dependencies initialized[39m[38;5;3m +0ms[39m
[32m[Nest] 77856  - [39m04/12/2026, 12:30:23 AM [32m    LOG[39m [38;5;3m[InstanceLoader] [39m[32mUsuariosModule dependencies initialized[39m[38;5;3m +0ms[39m
[32m[Nest] 77856  - [39m04/12/2026, 12:30:23 AM [32m    LOG[39m [38;5;3m[InstanceLoader] [39m[32mProgramasModule dependencies initialized[39m[38;5;3m +0ms[39m
[32m[Nest] 77856  - [39m04/12/2026, 12:30:23 AM [32m    LOG[39m [38;5;3m[InstanceLoader] [39m[32mPeriodosModule dependencies initialized[39m[38;5;3m +0ms[39m
[32m[Nest] 77856  - [39m04/12/2026, 12:30:23 AM [32m    LOG[39m [38;5;3m[InstanceLoader] [39m[32mConsolidadosModule dependencies initialized[39m[38;5;3m +0ms[39m
[32m[Nest] 77856  - [39m04/12/2026, 12:30:23 AM [32m    LOG[39m [38;5;3m[InstanceLoader] [39m[32mTurnosUrgenciaModule dependencies initialized[39m[38;5;3m +0ms[39m
[32m[Nest] 77856  - [39m04/12/2026, 12:30:23 AM [32m    LOG[39m [38;5;3m[InstanceLoader] [39m[32mViaticosModule dependencies initialized[39m[38;5;3m +1ms[39m
[32m[Nest] 77856  - [39m04/12/2026, 12:30:23 AM [32m    LOG[39m [38;5;3m[InstanceLoader] [39m[32mAtrasosModule dependencies initialized[39m[38;5;3m +0ms[39m
[32m[Nest] 77856  - [39m04/12/2026, 12:30:23 AM [32m    LOG[39m [38;5;3m[InstanceLoader] [39m[32mProcedimientosModule dependencies initialized[39m[38;5;3m +0ms[39m
[32m[Nest] 77856  - [39m04/12/2026, 12:30:23 AM [32m    LOG[39m [38;5;3m[InstanceLoader] [39m[32mHorasExtrasModule dependencies initialized[39m[38;5;3m +0ms[39m
[32m[Nest] 77856  - [39m04/12/2026, 12:30:23 AM [32m    LOG[39m [38;5;3m[InstanceLoader] [39m[32mFuncionariosModule dependencies initialized[39m[38;5;3m +0ms[39m
[32m[Nest] 77856  - [39m04/12/2026, 12:30:23 AM [32m    LOG[39m [38;5;3m[InstanceLoader] [39m[32mAuditModule dependencies initialized[39m[38;5;3m +0ms[39m
[32m[Nest] 77856  - [39m04/12/2026, 12:30:23 AM [32m    LOG[39m [38;5;3m[RoutesResolver] [39m[32mAppController {/}:[39m[38;5;3m +2ms[39m
[32m[Nest] 77856  - [39m04/12/2026, 12:30:23 AM [32m    LOG[39m [38;5;3m[RouterExplorer] [39m[32mMapped {/, GET} route[39m[38;5;3m +1ms[39m
[32m[Nest] 77856  - [39m04/12/2026, 12:30:23 AM [32m    LOG[39m [38;5;3m[RouterExplorer] [39m[32mMapped {/debug-routes, GET} route[39m[38;5;3m +0ms[39m
[32m[Nest] 77856  - [39m04/12/2026, 12:30:23 AM [32m    LOG[39m [38;5;3m[RoutesResolver] [39m[32mCentrosSaludController {/centros-salud}:[39m[38;5;3m +0ms[39m
[32m[Nest] 77856  - [39m04/12/2026, 12:30:23 AM [32m    LOG[39m [38;5;3m[RouterExplorer] [39m[32mMapped {/centros-salud, POST} route[39m[38;5;3m +0ms[39m
[32m[Nest] 77856  - [39m04/12/2026, 12:30:23 AM [32m    LOG[39m [38;5;3m[RouterExplorer] [39m[32mMapped {/centros-salud, GET} route[39m[38;5;3m +0ms[39m
[32m[Nest] 77856  - [39m04/12/2026, 12:30:23 AM [32m    LOG[39m [38;5;3m[RouterExplorer] [39m[32mMapped {/centros-salud/:id, GET} route[39m[38;5;3m +0ms[39m
[32m[Nest] 77856  - [39m04/12/2026, 12:30:23 AM [32m    LOG[39m [38;5;3m[RouterExplorer] [39m[32mMapped {/centros-salud/:id, PATCH} route[39m[38;5;3m +0ms[39m
[32m[Nest] 77856  - [39m04/12/2026, 12:30:23 AM [32m    LOG[39m [38;5;3m[RouterExplorer] [39m[32mMapped {/centros-salud/:id, DELETE} route[39m[38;5;3m +0ms[39m
[32m[Nest] 77856  - [39m04/12/2026, 12:30:23 AM [32m    LOG[39m [38;5;3m[RoutesResolver] [39m[32mUsuariosController {/usuarios}:[39m[38;5;3m +1ms[39m
[32m[Nest] 77856  - [39m04/12/2026, 12:30:23 AM [32m    LOG[39m [38;5;3m[RouterExplorer] [39m[32mMapped {/usuarios, POST} route[39m[38;5;3m +0ms[39m
[32m[Nest] 77856  - [39m04/12/2026, 12:30:23 AM [32m    LOG[39m [38;5;3m[RouterExplorer] [39m[32mMapped {/usuarios, GET} route[39m[38;5;3m +0ms[39m
[32m[Nest] 77856  - [39m04/12/2026, 12:30:23 AM [32m    LOG[39m [38;5;3m[RouterExplorer] [39m[32mMapped {/usuarios/:id, GET} route[39m[38;5;3m +0ms[39m
[32m[Nest] 77856  - [39m04/12/2026, 12:30:23 AM [32m    LOG[39m [38;5;3m[RouterExplorer] [39m[32mMapped {/usuarios/:id, PATCH} route[39m[38;5;3m +0ms[39m
[32m[Nest] 77856  - [39m04/12/2026, 12:30:23 AM [32m    LOG[39m [38;5;3m[RouterExplorer] [39m[32mMapped {/usuarios/:id, DELETE} route[39m[38;5;3m +0ms[39m
[32m[Nest] 77856  - [39m04/12/2026, 12:30:23 AM [32m    LOG[39m [38;5;3m[RoutesResolver] [39m[32mProgramasController {/programas}:[39m[38;5;3m +0ms[39m
[32m[Nest] 77856  - [39m04/12/2026, 12:30:23 AM [32m    LOG[39m [38;5;3m[RouterExplorer] [39m[32mMapped {/programas, POST} route[39m[38;5;3m +0ms[39m
[32m[Nest] 77856  - [39m04/12/2026, 12:30:23 AM [32m    LOG[39m [38;5;3m[RouterExplorer] [39m[32mMapped {/programas, GET} route[39m[38;5;3m +0ms[39m
[32m[Nest] 77856  - [39m04/12/2026, 12:30:23 AM [32m    LOG[39m [38;5;3m[RouterExplorer] [39m[32mMapped {/programas/:id, GET} route[39m[38;5;3m +0ms[39m
[32m[Nest] 77856  - [39m04/12/2026, 12:30:23 AM [32m    LOG[39m [38;5;3m[RouterExplorer] [39m[32mMapped {/programas/:id, PATCH} route[39m[38;5;3m +0ms[39m
[32m[Nest] 77856  - [39m04/12/2026, 12:30:23 AM [32m    LOG[39m [38;5;3m[RouterExplorer] [39m[32mMapped {/programas/:id, DELETE} route[39m[38;5;3m +0ms[39m
[32m[Nest] 77856  - [39m04/12/2026, 12:30:23 AM [32m    LOG[39m [38;5;3m[RoutesResolver] [39m[32mFuncionariosController {/funcionarios}:[39m[38;5;3m +0ms[39m
[32m[Nest] 77856  - [39m04/12/2026, 12:30:23 AM [32m    LOG[39m [38;5;3m[RouterExplorer] [39m[32mMapped {/funcionarios, POST} route[39m[38;5;3m +0ms[39m
[32m[Nest] 77856  - [39m04/12/2026, 12:30:23 AM [32m    LOG[39m [38;5;3m[RouterExplorer] [39m[32mMapped {/funcionarios/importar, POST} route[39m[38;5;3m +0ms[39m
[32m[Nest] 77856  - [39m04/12/2026, 12:30:23 AM [32m    LOG[39m [38;5;3m[RouterExplorer] [39m[32mMapped {/funcionarios, GET} route[39m[38;5;3m +0ms[39m
[32m[Nest] 77856  - [39m04/12/2026, 12:30:23 AM [32m    LOG[39m [38;5;3m[RouterExplorer] [39m[32mMapped {/funcionarios/:rut, GET} route[39m[38;5;3m +0ms[39m
[32m[Nest] 77856  - [39m04/12/2026, 12:30:23 AM [32m    LOG[39m [38;5;3m[RouterExplorer] [39m[32mMapped {/funcionarios/:rut, PATCH} route[39m[38;5;3m +0ms[39m
[32m[Nest] 77856  - [39m04/12/2026, 12:30:23 AM [32m    LOG[39m [38;5;3m[RouterExplorer] [39m[32mMapped {/funcionarios/:rut, DELETE} route[39m[38;5;3m +1ms[39m
[32m[Nest] 77856  - [39m04/12/2026, 12:30:23 AM [32m    LOG[39m [38;5;3m[RoutesResolver] [39m[32mPeriodosController {/periodos}:[39m[38;5;3m +0ms[39m
[32m[Nest] 77856  - [39m04/12/2026, 12:30:23 AM [32m    LOG[39m [38;5;3m[RouterExplorer] [39m[32mMapped {/periodos, POST} route[39m[38;5;3m +0ms[39m
[32m[Nest] 77856  - [39m04/12/2026, 12:30:23 AM [32m    LOG[39m [38;5;3m[RouterExplorer] [39m[32mMapped {/periodos, GET} route[39m[38;5;3m +0ms[39m
[32m[Nest] 77856  - [39m04/12/2026, 12:30:23 AM [32m    LOG[39m [38;5;3m[RouterExplorer] [39m[32mMapped {/periodos/:id, GET} route[39m[38;5;3m +0ms[39m
[32m[Nest] 77856  - [39m04/12/2026, 12:30:23 AM [32m    LOG[39m [38;5;3m[RouterExplorer] [39m[32mMapped {/periodos/:id, PATCH} route[39m[38;5;3m +0ms[39m
[32m[Nest] 77856  - [39m04/12/2026, 12:30:23 AM [32m    LOG[39m [38;5;3m[RouterExplorer] [39m[32mMapped {/periodos/:id, DELETE} route[39m[38;5;3m +0ms[39m
[32m[Nest] 77856  - [39m04/12/2026, 12:30:23 AM [32m    LOG[39m [38;5;3m[RoutesResolver] [39m[32mConsolidadosController {/consolidados}:[39m[38;5;3m +0ms[39m
[32m[Nest] 77856  - [39m04/12/2026, 12:30:23 AM [32m    LOG[39m [38;5;3m[RouterExplorer] [39m[32mMapped {/consolidados, POST} route[39m[38;5;3m +0ms[39m
[32m[Nest] 77856  - [39m04/12/2026, 12:30:23 AM [32m    LOG[39m [38;5;3m[RouterExplorer] [39m[32mMapped {/consolidados, GET} route[39m[38;5;3m +0ms[39m
[32m[Nest] 77856  - [39m04/12/2026, 12:30:23 AM [32m    LOG[39m [38;5;3m[RouterExplorer] [39m[32mMapped {/consolidados/:id, GET} route[39m[38;5;3m +0ms[39m
[32m[Nest] 77856  - [39m04/12/2026, 12:30:23 AM [32m    LOG[39m [38;5;3m[RouterExplorer] [39m[32mMapped {/consolidados/:id, PATCH} route[39m[38;5;3m +0ms[39m
[32m[Nest] 77856  - [39m04/12/2026, 12:30:23 AM [32m    LOG[39m [38;5;3m[RouterExplorer] [39m[32mMapped {/consolidados/:id, DELETE} route[39m[38;5;3m +0ms[39m
[32m[Nest] 77856  - [39m04/12/2026, 12:30:23 AM [32m    LOG[39m [38;5;3m[RoutesResolver] [39m[32mHorasExtrasController {/horas-extras}:[39m[38;5;3m +0ms[39m
[32m[Nest] 77856  - [39m04/12/2026, 12:30:23 AM [32m    LOG[39m [38;5;3m[RouterExplorer] [39m[32mMapped {/horas-extras, POST} route[39m[38;5;3m +0ms[39m
[32m[Nest] 77856  - [39m04/12/2026, 12:30:23 AM [32m    LOG[39m [38;5;3m[RouterExplorer] [39m[32mMapped {/horas-extras, GET} route[39m[38;5;3m +0ms[39m
[32m[Nest] 77856  - [39m04/12/2026, 12:30:23 AM [32m    LOG[39m [38;5;3m[RouterExplorer] [39m[32mMapped {/horas-extras/:id, GET} route[39m[38;5;3m +0ms[39m
[32m[Nest] 77856  - [39m04/12/2026, 12:30:23 AM [32m    LOG[39m [38;5;3m[RouterExplorer] [39m[32mMapped {/horas-extras/:id, PATCH} route[39m[38;5;3m +0ms[39m
[32m[Nest] 77856  - [39m04/12/2026, 12:30:23 AM [32m    LOG[39m [38;5;3m[RouterExplorer] [39m[32mMapped {/horas-extras/bulk/:consolidadoId, PATCH} route[39m[38;5;3m +0ms[39m
[32m[Nest] 77856  - [39m04/12/2026, 12:30:23 AM [32m    LOG[39m [38;5;3m[RouterExplorer] [39m[32mMapped {/horas-extras/:id, DELETE} route[39m[38;5;3m +0ms[39m
[32m[Nest] 77856  - [39m04/12/2026, 12:30:23 AM [32m    LOG[39m [38;5;3m[RoutesResolver] [39m[32mAuditController {/audit}:[39m[38;5;3m +0ms[39m
[32m[Nest] 77856  - [39m04/12/2026, 12:30:23 AM [32m    LOG[39m [38;5;3m[RouterExplorer] [39m[32mMapped {/audit, GET} route[39m[38;5;3m +0ms[39m
[32m[Nest] 77856  - [39m04/12/2026, 12:30:23 AM [32m    LOG[39m [38;5;3m[RoutesResolver] [39m[32mTurnosUrgenciaController {/turnos-urgencia}:[39m[38;5;3m +0ms[39m
[32m[Nest] 77856  - [39m04/12/2026, 12:30:23 AM [32m    LOG[39m [38;5;3m[RouterExplorer] [39m[32mMapped {/turnos-urgencia, POST} route[39m[38;5;3m +0ms[39m
[32m[Nest] 77856  - [39m04/12/2026, 12:30:23 AM [32m    LOG[39m [38;5;3m[RouterExplorer] [39m[32mMapped {/turnos-urgencia, GET} route[39m[38;5;3m +0ms[39m
[32m[Nest] 77856  - [39m04/12/2026, 12:30:23 AM [32m    LOG[39m [38;5;3m[RouterExplorer] [39m[32mMapped {/turnos-urgencia/:id, GET} route[39m[38;5;3m +0ms[39m
[32m[Nest] 77856  - [39m04/12/2026, 12:30:23 AM [32m    LOG[39m [38;5;3m[RouterExplorer] [39m[32mMapped {/turnos-urgencia/:id, PATCH} route[39m[38;5;3m +0ms[39m
[32m[Nest] 77856  - [39m04/12/2026, 12:30:23 AM [32m    LOG[39m [38;5;3m[RouterExplorer] [39m[32mMapped {/turnos-urgencia/:id, DELETE} route[39m[38;5;3m +0ms[39m
[32m[Nest] 77856  - [39m04/12/2026, 12:30:23 AM [32m    LOG[39m [38;5;3m[RoutesResolver] [39m[32mViaticosController {/viaticos}:[39m[38;5;3m +0ms[39m
[32m[Nest] 77856  - [39m04/12/2026, 12:30:23 AM [32m    LOG[39m [38;5;3m[RouterExplorer] [39m[32mMapped {/viaticos, POST} route[39m[38;5;3m +0ms[39m
[32m[Nest] 77856  - [39m04/12/2026, 12:30:23 AM [32m    LOG[39m [38;5;3m[RouterExplorer] [39m[32mMapped {/viaticos, GET} route[39m[38;5;3m +0ms[39m
[32m[Nest] 77856  - [39m04/12/2026, 12:30:23 AM [32m    LOG[39m [38;5;3m[RouterExplorer] [39m[32mMapped {/viaticos/:id, GET} route[39m[38;5;3m +0ms[39m
[32m[Nest] 77856  - [39m04/12/2026, 12:30:23 AM [32m    LOG[39m [38;5;3m[RouterExplorer] [39m[32mMapped {/viaticos/:id, PATCH} route[39m[38;5;3m +0ms[39m
[32m[Nest] 77856  - [39m04/12/2026, 12:30:23 AM [32m    LOG[39m [38;5;3m[RouterExplorer] [39m[32mMapped {/viaticos/:id, DELETE} route[39m[38;5;3m +0ms[39m
[32m[Nest] 77856  - [39m04/12/2026, 12:30:23 AM [32m    LOG[39m [38;5;3m[RoutesResolver] [39m[32mAtrasosController {/atrasos}:[39m[38;5;3m +0ms[39m
[32m[Nest] 77856  - [39m04/12/2026, 12:30:23 AM [32m    LOG[39m [38;5;3m[RouterExplorer] [39m[32mMapped {/atrasos, POST} route[39m[38;5;3m +1ms[39m
[32m[Nest] 77856  - [39m04/12/2026, 12:30:23 AM [32m    LOG[39m [38;5;3m[RouterExplorer] [39m[32mMapped {/atrasos, GET} route[39m[38;5;3m +0ms[39m
[32m[Nest] 77856  - [39m04/12/2026, 12:30:23 AM [32m    LOG[39m [38;5;3m[RouterExplorer] [39m[32mMapped {/atrasos/:id, GET} route[39m[38;5;3m +0ms[39m
[32m[Nest] 77856  - [39m04/12/2026, 12:30:23 AM [32m    LOG[39m [38;5;3m[RouterExplorer] [39m[32mMapped {/atrasos/:id, PATCH} route[39m[38;5;3m +0ms[39m
[32m[Nest] 77856  - [39m04/12/2026, 12:30:23 AM [32m    LOG[39m [38;5;3m[RouterExplorer] [39m[32mMapped {/atrasos/:id, DELETE} route[39m[38;5;3m +0ms[39m
[32m[Nest] 77856  - [39m04/12/2026, 12:30:23 AM [32m    LOG[39m [38;5;3m[RoutesResolver] [39m[32mProcedimientosController {/procedimientos}:[39m[38;5;3m +0ms[39m
[32m[Nest] 77856  - [39m04/12/2026, 12:30:23 AM [32m    LOG[39m [38;5;3m[RouterExplorer] [39m[32mMapped {/procedimientos, POST} route[39m[38;5;3m +0ms[39m
[32m[Nest] 77856  - [39m04/12/2026, 12:30:23 AM [32m    LOG[39m [38;5;3m[RouterExplorer] [39m[32mMapped {/procedimientos, GET} route[39m[38;5;3m +0ms[39m
[32m[Nest] 77856  - [39m04/12/2026, 12:30:23 AM [32m    LOG[39m [38;5;3m[RouterExplorer] [39m[32mMapped {/procedimientos/:id, GET} route[39m[38;5;3m +0ms[39m
[32m[Nest] 77856  - [39m04/12/2026, 12:30:23 AM [32m    LOG[39m [38;5;3m[RouterExplorer] [39m[32mMapped {/procedimientos/:id, PATCH} route[39m[38;5;3m +0ms[39m
[32m[Nest] 77856  - [39m04/12/2026, 12:30:23 AM [32m    LOG[39m [38;5;3m[RouterExplorer] [39m[32mMapped {/procedimientos/:id, DELETE} route[39m[38;5;3m +0ms[39m
[32m[Nest] 77856  - [39m04/12/2026, 12:30:23 AM [32m    LOG[39m [38;5;3m[NestApplication] [39m[32mNest application successfully started[39m[38;5;3m +21ms[39m
[31m[Nest] 77856  - [39m04/12/2026, 12:30:23 AM [31m  ERROR[39m [38;5;3m[NestApplication] [39m[31mError: listen EADDRINUSE: address already in use :::3000[39m[38;5;3m +1ms[39m
node:net:1937
    const ex = new UVExceptionWithHostPort(err, 'listen', address, port);
               ^

Error: listen EADDRINUSE: address already in use :::3000
    at Server.setupListenHandle [as _listen2] (node:net:1937:16)
    at listenInCluster (node:net:1994:12)
    at Server.listen (node:net:2099:7)
    at ExpressAdapter.listen (/Users/juanvidalp/Documents/REMUNERACIONES 2026/backend/node_modules/@nestjs/platform-express/adapters/express-adapter.js:115:32)
    at /Users/juanvidalp/Documents/REMUNERACIONES 2026/backend/node_modules/@nestjs/core/nest-application.js:188:30
    at new Promise (<anonymous>)
    at NestApplication.listen (/Users/juanvidalp/Documents/REMUNERACIONES 2026/backend/node_modules/@nestjs/core/nest-application.js:178:16)
    at async bootstrap (/Users/juanvidalp/Documents/REMUNERACIONES 2026/backend/src/main.ts:21:3) {
  code: 'EADDRINUSE',
  errno: -48,
  syscall: 'listen',
  address: '::',
  port: 3000
}

Node.js v22.14.0
[2J[3J[H[[90m12:30:32 AM[0m] File change detected. Starting incremental compilation...

[[90m12:30:32 AM[0m] Found 0 errors. Watching for file changes.

[32m[Nest] 77977  - [39m04/12/2026, 12:30:33 AM [32m    LOG[39m [38;5;3m[NestFactory] [39m[32mStarting Nest application...[39m
[32m[Nest] 77977  - [39m04/12/2026, 12:30:33 AM [32m    LOG[39m [38;5;3m[InstanceLoader] [39m[32mPrismaModule dependencies initialized[39m[38;5;3m +9ms[39m
[32m[Nest] 77977  - [39m04/12/2026, 12:30:33 AM [32m    LOG[39m [38;5;3m[InstanceLoader] [39m[32mAppModule dependencies initialized[39m[38;5;3m +2ms[39m
[32m[Nest] 77977  - [39m04/12/2026, 12:30:33 AM [32m    LOG[39m [38;5;3m[InstanceLoader] [39m[32mCentrosSaludModule dependencies initialized[39m[38;5;3m +0ms[39m
[32m[Nest] 77977  - [39m04/12/2026, 12:30:33 AM [32m    LOG[39m [38;5;3m[InstanceLoader] [39m[32mUsuariosModule dependencies initialized[39m[38;5;3m +0ms[39m
[32m[Nest] 77977  - [39m04/12/2026, 12:30:33 AM [32m    LOG[39m [38;5;3m[InstanceLoader] [39m[32mProgramasModule dependencies initialized[39m[38;5;3m +0ms[39m
[32m[Nest] 77977  - [39m04/12/2026, 12:30:33 AM [32m    LOG[39m [38;5;3m[InstanceLoader] [39m[32mPeriodosModule dependencies initialized[39m[38;5;3m +0ms[39m
[32m[Nest] 77977  - [39m04/12/2026, 12:30:33 AM [32m    LOG[39m [38;5;3m[InstanceLoader] [39m[32mConsolidadosModule dependencies initialized[39m[38;5;3m +0ms[39m
[32m[Nest] 77977  - [39m04/12/2026, 12:30:33 AM [32m    LOG[39m [38;5;3m[InstanceLoader] [39m[32mTurnosUrgenciaModule dependencies initialized[39m[38;5;3m +0ms[39m
[32m[Nest] 77977  - [39m04/12/2026, 12:30:33 AM [32m    LOG[39m [38;5;3m[InstanceLoader] [39m[32mViaticosModule dependencies initialized[39m[38;5;3m +0ms[39m
[32m[Nest] 77977  - [39m04/12/2026, 12:30:33 AM [32m    LOG[39m [38;5;3m[InstanceLoader] [39m[32mAtrasosModule dependencies initialized[39m[38;5;3m +0ms[39m
[32m[Nest] 77977  - [39m04/12/2026, 12:30:33 AM [32m    LOG[39m [38;5;3m[InstanceLoader] [39m[32mProcedimientosModule dependencies initialized[39m[38;5;3m +0ms[39m
[32m[Nest] 77977  - [39m04/12/2026, 12:30:33 AM [32m    LOG[39m [38;5;3m[InstanceLoader] [39m[32mHorasExtrasModule dependencies initialized[39m[38;5;3m +0ms[39m
[32m[Nest] 77977  - [39m04/12/2026, 12:30:33 AM [32m    LOG[39m [38;5;3m[InstanceLoader] [39m[32mFuncionariosModule dependencies initialized[39m[38;5;3m +0ms[39m
[32m[Nest] 77977  - [39m04/12/2026, 12:30:33 AM [32m    LOG[39m [38;5;3m[InstanceLoader] [39m[32mAuditModule dependencies initialized[39m[38;5;3m +0ms[39m
[32m[Nest] 77977  - [39m04/12/2026, 12:30:33 AM [32m    LOG[39m [38;5;3m[RoutesResolver] [39m[32mAppController {/}:[39m[38;5;3m +2ms[39m
[32m[Nest] 77977  - [39m04/12/2026, 12:30:33 AM [32m    LOG[39m [38;5;3m[RouterExplorer] [39m[32mMapped {/, GET} route[39m[38;5;3m +1ms[39m
[32m[Nest] 77977  - [39m04/12/2026, 12:30:33 AM [32m    LOG[39m [38;5;3m[RouterExplorer] [39m[32mMapped {/debug-routes, GET} route[39m[38;5;3m +0ms[39m
[32m[Nest] 77977  - [39m04/12/2026, 12:30:33 AM [32m    LOG[39m [38;5;3m[RoutesResolver] [39m[32mCentrosSaludController {/centros-salud}:[39m[38;5;3m +0ms[39m
[32m[Nest] 77977  - [39m04/12/2026, 12:30:33 AM [32m    LOG[39m [38;5;3m[RouterExplorer] [39m[32mMapped {/centros-salud, POST} route[39m[38;5;3m +1ms[39m
[32m[Nest] 77977  - [39m04/12/2026, 12:30:33 AM [32m    LOG[39m [38;5;3m[RouterExplorer] [39m[32mMapped {/centros-salud, GET} route[39m[38;5;3m +0ms[39m
[32m[Nest] 77964  - [39m04/12/2026, 12:30:33 AM [32m    LOG[39m [38;5;3m[RouterExplorer] [39m[32mMapped {/centros-salud/:id, GET} route[39m[38;5;3m +0ms[39m
[32m[Nest] 77977  - [39m04/12/2026, 12:30:33 AM [32m    LOG[39m [38;5;3m[RouterExplorer] [39m[32mMapped {/centros-salud/:id, PATCH} route[39m[38;5;3m +0ms[39m
[32m[Nest] 77977  - [39m04/12/2026, 12:30:33 AM [32m    LOG[39m [38;5;3m[RouterExplorer] [39m[32mMapped {/centros-salud/:id, DELETE} route[39m[38;5;3m +0ms[39m
[32m[Nest] 77977  - [39m04/12/2026, 12:30:33 AM [32m    LOG[39m [38;5;3m[RoutesResolver] [39m[32mUsuariosController {/usuarios}:[39m[38;5;3m +0ms[39m
[32m[Nest] 77977  - [39m04/12/2026, 12:30:33 AM [32m    LOG[39m [38;5;3m[RouterExplorer] [39m[32mMapped {/usuarios, POST} route[39m[38;5;3m +0ms[39m
[32m[Nest] 77977  - [39m04/12/2026, 12:30:33 AM [32m    LOG[39m [38;5;3m[RouterExplorer] [39m[32mMapped {/usuarios, GET} route[39m[38;5;3m +0ms[39m
[32m[Nest] 77964  - [39m04/12/2026, 12:30:33 AM [32m    LOG[39m [38;5;3m[RouterExplorer] [39m[32mMapped {/usuarios/:id, GET} route[39m[38;5;3m +0ms[39m
[32m[Nest] 77964  - [39m04/12/2026, 12:30:33 AM [32m    LOG[39m [38;5;3m[RouterExplorer] [39m[32mMapped {/usuarios/:id, PATCH} route[39m[38;5;3m +0ms[39m
[32m[Nest] 77964  - [39m04/12/2026, 12:30:33 AM [32m    LOG[39m [38;5;3m[RouterExplorer] [39m[32mMapped {/usuarios/:id, DELETE} route[39m[38;5;3m +0ms[39m
[32m[Nest] 77964  - [39m04/12/2026, 12:30:33 AM [32m    LOG[39m [38;5;3m[RoutesResolver] [39m[32mProgramasController {/programas}:[39m[38;5;3m +1ms[39m
[32m[Nest] 77964  - [39m04/12/2026, 12:30:33 AM [32m    LOG[39m [38;5;3m[RouterExplorer] [39m[32mMapped {/programas, POST} route[39m[38;5;3m +0ms[39m
[32m[Nest] 77964  - [39m04/12/2026, 12:30:33 AM [32m    LOG[39m [38;5;3m[RouterExplorer] [39m[32mMapped {/programas, GET} route[39m[38;5;3m +0ms[39m
[32m[Nest] 77964  - [39m04/12/2026, 12:30:33 AM [32m    LOG[39m [38;5;3m[RouterExplorer] [39m[32mMapped {/programas/:id, GET} route[39m[38;5;3m +0ms[39m
[32m[Nest] 77964  - [39m04/12/2026, 12:30:33 AM [32m    LOG[39m [38;5;3m[RouterExplorer] [39m[32mMapped {/programas/:id, PATCH} route[39m[38;5;3m +0ms[39m
[32m[Nest] 77964  - [39m04/12/2026, 12:30:33 AM [32m    LOG[39m [38;5;3m[RouterExplorer] [39m[32mMapped {/programas/:id, DELETE} route[39m[38;5;3m +0ms[39m
[32m[Nest] 77964  - [39m04/12/2026, 12:30:33 AM [32m    LOG[39m [38;5;3m[RoutesResolver] [39m[32mFuncionariosController {/funcionarios}:[39m[38;5;3m +0ms[39m
[32m[Nest] 77964  - [39m04/12/2026, 12:30:33 AM [32m    LOG[39m [38;5;3m[RouterExplorer] [39m[32mMapped {/funcionarios, POST} route[39m[38;5;3m +0ms[39m
[32m[Nest] 77964  - [39m04/12/2026, 12:30:33 AM [32m    LOG[39m [38;5;3m[RouterExplorer] [39m[32mMapped {/funcionarios/importar, POST} route[39m[38;5;3m +0ms[39m
[32m[Nest] 77964  - [39m04/12/2026, 12:30:33 AM [32m    LOG[39m [38;5;3m[RouterExplorer] [39m[32mMapped {/funcionarios, GET} route[39m[38;5;3m +0ms[39m
[32m[Nest] 77964  - [39m04/12/2026, 12:30:33 AM [32m    LOG[39m [38;5;3m[RouterExplorer] [39m[32mMapped {/funcionarios/:rut, GET} route[39m[38;5;3m +0ms[39m
[32m[Nest] 77964  - [39m04/12/2026, 12:30:33 AM [32m    LOG[39m [38;5;3m[RouterExplorer] [39m[32mMapped {/funcionarios/:rut, PATCH} route[39m[38;5;3m +0ms[39m
[32m[Nest] 77964  - [39m04/12/2026, 12:30:33 AM [32m    LOG[39m [38;5;3m[RouterExplorer] [39m[32mMapped {/funcionarios/:rut, DELETE} route[39m[38;5;3m +0ms[39m
[32m[Nest] 77964  - [39m04/12/2026, 12:30:33 AM [32m    LOG[39m [38;5;3m[RoutesResolver] [39m[32mPeriodosController {/periodos}:[39m[38;5;3m +0ms[39m
[32m[Nest] 77964  - [39m04/12/2026, 12:30:33 AM [32m    LOG[39m [38;5;3m[RouterExplorer] [39m[32mMapped {/periodos, POST} route[39m[38;5;3m +0ms[39m
[32m[Nest] 77964  - [39m04/12/2026, 12:30:33 AM [32m    LOG[39m [38;5;3m[RouterExplorer] [39m[32mMapped {/periodos, GET} route[39m[38;5;3m +0ms[39m
[32m[Nest] 77964  - [39m04/12/2026, 12:30:33 AM [32m    LOG[39m [38;5;3m[RouterExplorer] [39m[32mMapped {/periodos/:id, GET} route[39m[38;5;3m +0ms[39m
[32m[Nest] 77977  - [39m04/12/2026, 12:30:33 AM [32m    LOG[39m [38;5;3m[RouterExplorer] [39m[32mMapped {/periodos/:id, PATCH} route[39m[38;5;3m +0ms[39m
[32m[Nest] 77977  - [39m04/12/2026, 12:30:33 AM [32m    LOG[39m [38;5;3m[RouterExplorer] [39m[32mMapped {/periodos/:id, DELETE} route[39m[38;5;3m +0ms[39m
[32m[Nest] 77977  - [39m04/12/2026, 12:30:33 AM [32m    LOG[39m [38;5;3m[RoutesResolver] [39m[32mConsolidadosController {/consolidados}:[39m[38;5;3m +0ms[39m
[32m[Nest] 77977  - [39m04/12/2026, 12:30:33 AM [32m    LOG[39m [38;5;3m[RouterExplorer] [39m[32mMapped {/consolidados, POST} route[39m[38;5;3m +0ms[39m
[32m[Nest] 77977  - [39m04/12/2026, 12:30:33 AM [32m    LOG[39m [38;5;3m[RouterExplorer] [39m[32mMapped {/consolidados, GET} route[39m[38;5;3m +0ms[39m
[32m[Nest] 77977  - [39m04/12/2026, 12:30:33 AM [32m    LOG[39m [38;5;3m[RouterExplorer] [39m[32mMapped {/consolidados/:id, GET} route[39m[38;5;3m +0ms[39m
[32m[Nest] 77977  - [39m04/12/2026, 12:30:33 AM [32m    LOG[39m [38;5;3m[RouterExplorer] [39m[32mMapped {/consolidados/:id, PATCH} route[39m[38;5;3m +0ms[39m
[32m[Nest] 77977  - [39m04/12/2026, 12:30:33 AM [32m    LOG[39m [38;5;3m[RouterExplorer] [39m[32mMapped {/consolidados/:id, DELETE} route[39m[38;5;3m +0ms[39m
[32m[Nest] 77977  - [39m04/12/2026, 12:30:33 AM [32m    LOG[39m [38;5;3m[RoutesResolver] [39m[32mHorasExtrasController {/horas-extras}:[39m[38;5;3m +0ms[39m
[32m[Nest] 77977  - [39m04/12/2026, 12:30:33 AM [32m    LOG[39m [38;5;3m[RouterExplorer] [39m[32mMapped {/horas-extras, POST} route[39m[38;5;3m +0ms[39m
[32m[Nest] 77977  - [39m04/12/2026, 12:30:33 AM [32m    LOG[39m [38;5;3m[RouterExplorer] [39m[32mMapped {/horas-extras, GET} route[39m[38;5;3m +0ms[39m
[32m[Nest] 77977  - [39m04/12/2026, 12:30:33 AM [32m    LOG[39m [38;5;3m[RouterExplorer] [39m[32mMapped {/horas-extras/:id, GET} route[39m[38;5;3m +0ms[39m
[32m[Nest] 77977  - [39m04/12/2026, 12:30:33 AM [32m    LOG[39m [38;5;3m[RouterExplorer] [39m[32mMapped {/horas-extras/:id, PATCH} route[39m[38;5;3m +0ms[39m
[32m[Nest] 77977  - [39m04/12/2026, 12:30:33 AM [32m    LOG[39m [38;5;3m[RouterExplorer] [39m[32mMapped {/horas-extras/bulk/:consolidadoId, PATCH} route[39m[38;5;3m +0ms[39m
[32m[Nest] 77977  - [39m04/12/2026, 12:30:33 AM [32m    LOG[39m [38;5;3m[RouterExplorer] [39m[32mMapped {/horas-extras/:id, DELETE} route[39m[38;5;3m +0ms[39m
[32m[Nest] 77977  - [39m04/12/2026, 12:30:33 AM [32m    LOG[39m [38;5;3m[RoutesResolver] [39m[32mAuditController {/audit}:[39m[38;5;3m +1ms[39m
[32m[Nest] 77964  - [39m04/12/2026, 12:30:33 AM [32m    LOG[39m [38;5;3m[RouterExplorer] [39m[32mMapped {/audit, GET} route[39m[38;5;3m +1ms[39m
[32m[Nest] 77964  - [39m04/12/2026, 12:30:33 AM [32m    LOG[39m [38;5;3m[RoutesResolver] [39m[32mTurnosUrgenciaController {/turnos-urgencia}:[39m[38;5;3m +0ms[39m
[32m[Nest] 77964  - [39m04/12/2026, 12:30:33 AM [32m    LOG[39m [38;5;3m[RouterExplorer] [39m[32mMapped {/turnos-urgencia, POST} route[39m[38;5;3m +0ms[39m
[32m[Nest] 77964  - [39m04/12/2026, 12:30:33 AM [32m    LOG[39m [38;5;3m[RouterExplorer] [39m[32mMapped {/turnos-urgencia, GET} route[39m[38;5;3m +0ms[39m
[32m[Nest] 77964  - [39m04/12/2026, 12:30:33 AM [32m    LOG[39m [38;5;3m[RouterExplorer] [39m[32mMapped {/turnos-urgencia/:id, GET} route[39m[38;5;3m +0ms[39m
[32m[Nest] 77964  - [39m04/12/2026, 12:30:33 AM [32m    LOG[39m [38;5;3m[RouterExplorer] [39m[32mMapped {/turnos-urgencia/:id, PATCH} route[39m[38;5;3m +0ms[39m
[32m[Nest] 77964  - [39m04/12/2026, 12:30:33 AM [32m    LOG[39m [38;5;3m[RouterExplorer] [39m[32mMapped {/turnos-urgencia/:id, DELETE} route[39m[38;5;3m +0ms[39m
[32m[Nest] 77964  - [39m04/12/2026, 12:30:33 AM [32m    LOG[39m [38;5;3m[RoutesResolver] [39m[32mViaticosController {/viaticos}:[39m[38;5;3m +0ms[39m
[32m[Nest] 77964  - [39m04/12/2026, 12:30:33 AM [32m    LOG[39m [38;5;3m[RouterExplorer] [39m[32mMapped {/viaticos, POST} route[39m[38;5;3m +0ms[39m
[32m[Nest] 77964  - [39m04/12/2026, 12:30:33 AM [32m    LOG[39m [38;5;3m[RouterExplorer] [39m[32mMapped {/viaticos, GET} route[39m[38;5;3m +0ms[39m
[32m[Nest] 77964  - [39m04/12/2026, 12:30:33 AM [32m    LOG[39m [38;5;3m[RouterExplorer] [39m[32mMapped {/viaticos/:id, GET} route[39m[38;5;3m +0ms[39m
[32m[Nest] 77964  - [39m04/12/2026, 12:30:33 AM [32m    LOG[39m [38;5;3m[RouterExplorer] [39m[32mMapped {/viaticos/:id, PATCH} route[39m[38;5;3m +0ms[39m
[32m[Nest] 77964  - [39m04/12/2026, 12:30:33 AM [32m    LOG[39m [38;5;3m[RouterExplorer] [39m[32mMapped {/viaticos/:id, DELETE} route[39m[38;5;3m +0ms[39m
[32m[Nest] 77964  - [39m04/12/2026, 12:30:33 AM [32m    LOG[39m [38;5;3m[RoutesResolver] [39m[32mAtrasosController {/atrasos}:[39m[38;5;3m +0ms[39m
[32m[Nest] 77964  - [39m04/12/2026, 12:30:33 AM [32m    LOG[39m [38;5;3m[RouterExplorer] [39m[32mMapped {/atrasos, POST} route[39m[38;5;3m +0ms[39m
[32m[Nest] 77964  - [39m04/12/2026, 12:30:33 AM [32m    LOG[39m [38;5;3m[RouterExplorer] [39m[32mMapped {/atrasos, GET} route[39m[38;5;3m +0ms[39m
[32m[Nest] 77964  - [39m04/12/2026, 12:30:33 AM [32m    LOG[39m [38;5;3m[RouterExplorer] [39m[32mMapped {/atrasos/:id, GET} route[39m[38;5;3m +0ms[39m
[32m[Nest] 77964  - [39m04/12/2026, 12:30:33 AM [32m    LOG[39m [38;5;3m[RouterExplorer] [39m[32mMapped {/atrasos/:id, PATCH} route[39m[38;5;3m +0ms[39m
[32m[Nest] 77964  - [39m04/12/2026, 12:30:33 AM [32m    LOG[39m [38;5;3m[RouterExplorer] [39m[32mMapped {/atrasos/:id, DELETE} route[39m[38;5;3m +0ms[39m
[32m[Nest] 77964  - [39m04/12/2026, 12:30:33 AM [32m    LOG[39m [38;5;3m[RoutesResolver] [39m[32mProcedimientosController {/procedimientos}:[39m[38;5;3m +0ms[39m
[32m[Nest] 77964  - [39m04/12/2026, 12:30:33 AM [32m    LOG[39m [38;5;3m[RouterExplorer] [39m[32mMapped {/procedimientos, POST} route[39m[38;5;3m +0ms[39m
[32m[Nest] 77964  - [39m04/12/2026, 12:30:33 AM [32m    LOG[39m [38;5;3m[RouterExplorer] [39m[32mMapped {/procedimientos, GET} route[39m[38;5;3m +0ms[39m
[32m[Nest] 77964  - [39m04/12/2026, 12:30:33 AM [32m    LOG[39m [38;5;3m[RouterExplorer] [39m[32mMapped {/procedimientos/:id, GET} route[39m[38;5;3m +0ms[39m
[32m[Nest] 77964  - [39m04/12/2026, 12:30:33 AM [32m    LOG[39m [38;5;3m[RouterExplorer] [39m[32mMapped {/procedimientos/:id, PATCH} route[39m[38;5;3m +0ms[39m
[32m[Nest] 77964  - [39m04/12/2026, 12:30:33 AM [32m    LOG[39m [38;5;3m[RouterExplorer] [39m[32mMapped {/procedimientos/:id, DELETE} route[39m[38;5;3m +0ms[39m
[32m[Nest] 77977  - [39m04/12/2026, 12:30:33 AM [32m    LOG[39m [38;5;3m[NestApplication] [39m[32mNest application successfully started[39m[38;5;3m +24ms[39m
[31m[Nest] 77964  - [39m04/12/2026, 6:57:41 PM [31m  ERROR[39m [38;5;3m[ExceptionsHandler] [39mPrismaClientValidationError: 
Invalid `this.prisma.consolidado.findUnique()` invocation in
/Users/juanvidalp/Documents/REMUNERACIONES 2026/backend/src/consolidados/consolidados.service.ts:21:55

  18 }
  19 
  20 async findOne(id: number) {
→ 21   const consolidado = await this.prisma.consolidado.findUnique({
         where: {
       +   id: Int
         },
         include: {
           centro_salud: true,
           periodo: true,
           usuario_gestor: true,
           horas_extras: {
             include: {
               funcionario: true,
               programa: true
             }
           },
           turnos_urgencia: {
             include: {
               funcionario: true
             }
           },
           viaticos: {
             include: {
               funcionario: true
             }
           },
           atrasos: {
             include: {
               funcionario: true
             }
           },
           procedimientos: {
             include: {
               funcionario: true
             }
 [2J[3J[H[[90m12:30:51 PM[0m] File change detected. Starting incremental compilation...

[[90m12:30:51 PM[0m] Found 0 errors. Watching for file changes.

[32m[Nest] 63901  - [39m04/13/2026, 12:30:53 PM [32m    LOG[39m [38;5;3m[NestFactory] [39m[32mStarting Nest application...[39m
[32m[Nest] 63901  - [39m04/13/2026, 12:30:53 PM [32m    LOG[39m [38;5;3m[InstanceLoader] [39m[32mPrismaModule dependencies initialized[39m[38;5;3m +14ms[39m
[32m[Nest] 63901  - [39m04/13/2026, 12:30:53 PM [32m    LOG[39m [38;5;3m[InstanceLoader] [39m[32mAppModule dependencies initialized[39m[38;5;3m +7ms[39m
[32m[Nest] 63901  - [39m04/13/2026, 12:30:53 PM [32m    LOG[39m [38;5;3m[InstanceLoader] [39m[32mCentrosSaludModule dependencies initialized[39m[38;5;3m +0ms[39m
[32m[Nest] 63901  - [39m04/13/2026, 12:30:53 PM [32m    LOG[39m [38;5;3m[InstanceLoader] [39m[32mUsuariosModule dependencies initialized[39m[38;5;3m +0ms[39m
[32m[Nest] 63901  - [39m04/13/2026, 12:30:53 PM [32m    LOG[39m [38;5;3m[InstanceLoader] [39m[32mProgramasModule dependencies initialized[39m[38;5;3m +0ms[39m
[32m[Nest] 63901  - [39m04/13/2026, 12:30:53 PM [32m    LOG[39m [38;5;3m[InstanceLoader] [39m[32mPeriodosModule dependencies initialized[39m[38;5;3m +0ms[39m
[32m[Nest] 63901  - [39m04/13/2026, 12:30:53 PM [32m    LOG[39m [38;5;3m[InstanceLoader] [39m[32mConsolidadosModule dependencies initialized[39m[38;5;3m +0ms[39m
[32m[Nest] 63901  - [39m04/13/2026, 12:30:53 PM [32m    LOG[39m [38;5;3m[InstanceLoader] [39m[32mTurnosUrgenciaModule dependencies initialized[39m[38;5;3m +0ms[39m
[32m[Nest] 63901  - [39m04/13/2026, 12:30:53 PM [32m    LOG[39m [38;5;3m[InstanceLoader] [39m[32mViaticosModule dependencies initialized[39m[38;5;3m +1ms[39m
[32m[Nest] 63901  - [39m04/13/2026, 12:30:53 PM [32m    LOG[39m [38;5;3m[InstanceLoader] [39m[32mAtrasosModule dependencies initialized[39m[38;5;3m +0ms[39m
[32m[Nest] 63901  - [39m04/13/2026, 12:30:53 PM [32m    LOG[39m [38;5;3m[InstanceLoader] [39m[32mProcedimientosModule dependencies initialized[39m[38;5;3m +0ms[39m
[32m[Nest] 63901  - [39m04/13/2026, 12:30:53 PM [32m    LOG[39m [38;5;3m[InstanceLoader] [39m[32mHorasExtrasModule dependencies initialized[39m[38;5;3m +0ms[39m
[32m[Nest] 63901  - [39m04/13/2026, 12:30:53 PM [32m    LOG[39m [38;5;3m[InstanceLoader] [39m[32mFuncionariosModule dependencies initialized[39m[38;5;3m +0ms[39m
[32m[Nest] 63901  - [39m04/13/2026, 12:30:53 PM [32m    LOG[39m [38;5;3m[InstanceLoader] [39m[32mAuditModule dependencies initialized[39m[38;5;3m +0ms[39m
[32m[Nest] 63901  - [39m04/13/2026, 12:30:53 PM [32m    LOG[39m [38;5;3m[RoutesResolver] [39m[32mAppController {/}:[39m[38;5;3m +3ms[39m
[32m[Nest] 63901  - [39m04/13/2026, 12:30:53 PM [32m    LOG[39m [38;5;3m[RouterExplorer] [39m[32mMapped {/, GET} route[39m[38;5;3m +0ms[39m
[32m[Nest] 63901  - [39m04/13/2026, 12:30:53 PM [32m    LOG[39m [38;5;3m[RouterExplorer] [39m[32mMapped {/debug-routes, GET} route[39m[38;5;3m +1ms[39m
[32m[Nest] 63901  - [39m04/13/2026, 12:30:53 PM [32m    LOG[39m [38;5;3m[RoutesResolver] [39m[32mCentrosSaludController {/centros-salud}:[39m[38;5;3m +0ms[39m
[32m[Nest] 63901  - [39m04/13/2026, 12:30:53 PM [32m    LOG[39m [38;5;3m[RouterExplorer] [39m[32mMapped {/centros-salud, POST} route[39m[38;5;3m +0ms[39m
[32m[Nest] 63901  - [39m04/13/2026, 12:30:53 PM [32m    LOG[39m [38;5;3m[RouterExplorer] [39m[32mMapped {/centros-salud, GET} route[39m[38;5;3m +0ms[39m
[32m[Nest] 63901  - [39m04/13/2026, 12:30:53 PM [32m    LOG[39m [38;5;3m[RouterExplorer] [39m[32mMapped {/centros-salud/:id, GET} route[39m[38;5;3m +0ms[39m
[32m[Nest] 63901  - [39m04/13/2026, 12:30:53 PM [32m    LOG[39m [38;5;3m[RouterExplorer] [39m[32mMapped {/centros-salud/:id, PATCH} route[39m[38;5;3m +0ms[39m
[32m[Nest] 63901  - [39m04/13/2026, 12:30:53 PM [32m    LOG[39m [38;5;3m[RouterExplorer] [39m[32mMapped {/centros-salud/:id, DELETE} route[39m[38;5;3m +0ms[39m
[32m[Nest] 63901  - [39m04/13/2026, 12:30:53 PM [32m    LOG[39m [38;5;3m[RoutesResolver] [39m[32mUsuariosController {/usuarios}:[39m[38;5;3m +0ms[39m
[32m[Nest] 63901  - [39m04/13/2026, 12:30:53 PM [32m    LOG[39m [38;5;3m[RouterExplorer] [39m[32mMapped {/usuarios, POST} route[39m[38;5;3m +0ms[39m
[32m[Nest] 63901  - [39m04/13/2026, 12:30:53 PM [32m    LOG[39m [38;5;3m[RouterExplorer] [39m[32mMapped {/usuarios, GET} route[39m[38;5;3m +0ms[39m
[32m[Nest] 63901  - [39m04/13/2026, 12:30:53 PM [32m    LOG[39m [38;5;3m[RouterExplorer] [39m[32mMapped {/usuarios/:id, GET} route[39m[38;5;3m +1ms[39m
[32m[Nest] 63901  - [39m04/13/2026, 12:30:53 PM [32m    LOG[39m [38;5;3m[RouterExplorer] [39m[32mMapped {/usuarios/:id, PATCH} route[39m[38;5;3m +0ms[39m
[32m[Nest] 63901  - [39m04/13/2026, 12:30:53 PM [32m    LOG[39m [38;5;3m[RouterExplorer] [39m[32mMapped {/usuarios/:id, DELETE} route[39m[38;5;3m +0ms[39m
[32m[Nest] 63901  - [39m04/13/2026, 12:30:53 PM [32m    LOG[39m [38;5;3m[RoutesResolver] [39m[32mProgramasController {/programas}:[39m[38;5;3m +0ms[39m
[32m[Nest] 63901  - [39m04/13/2026, 12:30:53 PM [32m    LOG[39m [38;5;3m[RouterExplorer] [39m[32mMapped {/programas, POST} route[39m[38;5;3m +0ms[39m
[32m[Nest] 63901  - [39m04/13/2026, 12:30:53 PM [32m    LOG[39m [38;5;3m[RouterExplorer] [39m[32mMapped {/programas, GET} route[39m[38;5;3m +0ms[39m
[32m[Nest] 63901  - [39m04/13/2026, 12:30:53 PM [32m    LOG[39m [38;5;3m[RouterExplorer] [39m[32mMapped {/programas/:id, GET} route[39m[38;5;3m +0ms[39m
[32m[Nest] 63901  - [39m04/13/2026, 12:30:53 PM [32m    LOG[39m [38;5;3m[RouterExplorer] [39m[32mMapped {/programas/:id, PATCH} route[39m[38;5;3m +0ms[39m
[32m[Nest] 63901  - [39m04/13/2026, 12:30:53 PM [32m    LOG[39m [38;5;3m[RouterExplorer] [39m[32mMapped {/programas/:id, DELETE} route[39m[38;5;3m +0ms[39m
[32m[Nest] 63901  - [39m04/13/2026, 12:30:53 PM [32m    LOG[39m [38;5;3m[RoutesResolver] [39m[32mFuncionariosController {/funcionarios}:[39m[38;5;3m +0ms[39m
[32m[Nest] 63901  - [39m04/13/2026, 12:30:53 PM [32m    LOG[39m [38;5;3m[RouterExplorer] [39m[32mMapped {/funcionarios, POST} route[39m[38;5;3m +0ms[39m
[32m[Nest] 63901  - [39m04/13/2026, 12:30:53 PM [32m    LOG[39m [38;5;3m[RouterExplorer] [39m[32mMapped {/funcionarios/importar, POST} route[39m[38;5;3m +0ms[39m
[32m[Nest] 63901  - [39m04/13/2026, 12:30:53 PM [32m    LOG[39m [38;5;3m[RouterExplorer] [39m[32mMapped {/funcionarios, GET} route[39m[38;5;3m +0ms[39m
[32m[Nest] 63901  - [39m04/13/2026, 12:30:53 PM [32m    LOG[39m [38;5;3m[RouterExplorer] [39m[32mMapped {/funcionarios/:rut, GET} route[39m[38;5;3m +0ms[39m
[32m[Nest] 63901  - [39m04/13/2026, 12:30:53 PM [32m    LOG[39m [38;5;3m[RouterExplorer] [39m[32mMapped {/funcionarios/:rut, PATCH} route[39m[38;5;3m +0ms[39m
[32m[Nest] 63901  - [39m04/13/2026, 12:30:53 PM [32m    LOG[39m [38;5;3m[RouterExplorer] [39m[32mMapped {/funcionarios/:rut, DELETE} route[39m[38;5;3m +0ms[39m
[32m[Nest] 63901  - [39m04/13/2026, 12:30:53 PM [32m    LOG[39m [38;5;3m[RoutesResolver] [39m[32mPeriodosController {/periodos}:[39m[38;5;3m +0ms[39m
[32m[Nest] 63901  - [39m04/13/2026, 12:30:53 PM [32m    LOG[39m [38;5;3m[RouterExplorer] [39m[32mMapped {/periodos, POST} route[39m[38;5;3m +0ms[39m
[32m[Nest] 63901  - [39m04/13/2026, 12:30:53 PM [32m    LOG[39m [38;5;3m[RouterExplorer] [39m[32mMapped {/periodos, GET} route[39m[38;5;3m +0ms[39m
[32m[Nest] 63901  - [39m04/13/2026, 12:30:53 PM [32m    LOG[39m [38;5;3m[RouterExplorer] [39m[32mMapped {/periodos/:id, GET} route[39m[38;5;3m +0ms[39m
[32m[Nest] 63901  - [39m04/13/2026, 12:30:53 PM [32m    LOG[39m [38;5;3m[RouterExplorer] [39m[32mMapped {/periodos/:id, PATCH} route[39m[38;5;3m +0ms[39m
[32m[Nest] 63901  - [39m04/13/2026, 12:30:53 PM [32m    LOG[39m [38;5;3m[RouterExplorer] [39m[32mMapped {/periodos/:id, DELETE} route[39m[38;5;3m +0ms[39m
[32m[Nest] 63901  - [39m04/13/2026, 12:30:53 PM [32m    LOG[39m [38;5;3m[RoutesResolver] [39m[32mConsolidadosController {/consolidados}:[39m[38;5;3m +0ms[39m
[32m[Nest] 63901  - [39m04/13/2026, 12:30:53 PM [32m    LOG[39m [38;5;3m[RouterExplorer] [39m[32mMapped {/consolidados, POST} route[39m[38;5;3m +0ms[39m
[32m[Nest] 63901  - [39m04/13/2026, 12:30:53 PM [32m    LOG[39m [38;5;3m[RouterExplorer] [39m[32mMapped {/consolidados, GET} route[39m[38;5;3m +0ms[39m
[32m[Nest] 63901  - [39m04/13/2026, 12:30:53 PM [32m    LOG[39m [38;5;3m[RouterExplorer] [39m[32mMapped {/consolidados/:id, GET} route[39m[38;5;3m +0ms[39m
[32m[Nest] 63901  - [39m04/13/2026, 12:30:53 PM [32m    LOG[39m [38;5;3m[RouterExplorer] [39m[32mMapped {/consolidados/:id, PATCH} route[39m[38;5;3m +1ms[39m
[32m[Nest] 63901  - [39m04/13/2026, 12:30:53 PM [32m    LOG[39m [38;5;3m[RouterExplorer] [39m[32mMapped {/consolidados/:id, DELETE} route[39m[38;5;3m +0ms[39m
[32m[Nest] 63901  - [39m04/13/2026, 12:30:53 PM [32m    LOG[39m [38;5;3m[RoutesResolver] [39m[32mHorasExtrasController {/horas-extras}:[39m[38;5;3m +0ms[39m
[32m[Nest] 63901  - [39m04/13/2026, 12:30:53 PM [32m    LOG[39m [38;5;3m[RouterExplorer] [39m[32mMapped {/horas-extras, POST} route[39m[38;5;3m +0ms[39m
[32m[Nest] 63901  - [39m04/13/2026, 12:30:53 PM [32m    LOG[39m [38;5;3m[RouterExplorer] [39m[32mMapped {/horas-extras, GET} route[39m[38;5;3m +0ms[39m
[32m[Nest] 63901  - [39m04/13/2026, 12:30:53 PM [32m    LOG[39m [38;5;3m[RouterExplorer] [39m[32mMapped {/horas-extras/:id, GET} route[39m[38;5;3m +0ms[39m
[32m[Nest] 63901  - [39m04/13/2026, 12:30:53 PM [32m    LOG[39m [38;5;3m[RouterExplorer] [39m[32mMapped {/horas-extras/:id, PATCH} route[39m[38;5;3m +0ms[39m
[32m[Nest] 63901  - [39m04/13/2026, 12:30:53 PM [32m    LOG[39m [38;5;3m[RouterExplorer] [39m[32mMapped {/horas-extras/bulk/:consolidadoId, PATCH} route[39m[38;5;3m +0ms[39m
[32m[Nest] 63901  - [39m04/13/2026, 12:30:53 PM [32m    LOG[39m [38;5;3m[RouterExplorer] [39m[32mMapped {/horas-extras/:id, DELETE} route[39m[38;5;3m +0ms[39m
[32m[Nest] 63901  - [39m04/13/2026, 12:30:53 PM [32m    LOG[39m [38;5;3m[RoutesResolver] [39m[32mAuditController {/audit}:[39m[38;5;3m +0ms[39m
[32m[Nest] 63901  - [39m04/13/2026, 12:30:53 PM [32m    LOG[39m [38;5;3m[RouterExplorer] [39m[32mMapped {/audit, GET} route[39m[38;5;3m +0ms[39m
[32m[Nest] 63901  - [39m04/13/2026, 12:30:53 PM [32m    LOG[39m [38;5;3m[RoutesResolver] [39m[32mTurnosUrgenciaController {/turnos-urgencia}:[39m[38;5;3m +0ms[39m
[32m[Nest] 63901  - [39m04/13/2026, 12:30:53 PM [32m    LOG[39m [38;5;3m[RouterExplorer] [39m[32mMapped {/turnos-urgencia, POST} route[39m[38;5;3m +0ms[39m
[32m[Nest] 63901  - [39m04/13/2026, 12:30:53 PM [32m    LOG[39m [38;5;3m[RouterExplorer] [39m[32mMapped {/turnos-urgencia, GET} route[39m[38;5;3m +0ms[39m
[32m[Nest] 63901  - [39m04/13/2026, 12:30:53 PM [32m    LOG[39m [38;5;3m[RouterExplorer] [39m[32mMapped {/turnos-urgencia/:id, GET} route[39m[38;5;3m +0ms[39m
[32m[Nest] 63901  - [39m04/13/2026, 12:30:53 PM [32m    LOG[39m [38;5;3m[RouterExplorer] [39m[32mMapped {/turnos-urgencia/:id, PATCH} route[39m[38;5;3m +0ms[39m
[32m[Nest] 63901  - [39m04/13/2026, 12:30:53 PM [32m    LOG[39m [38;5;3m[RouterExplorer] [39m[32mMapped {/turnos-urgencia/:id, DELETE} route[39m[38;5;3m +0ms[39m
[32m[Nest] 63901  - [39m04/13/2026, 12:30:53 PM [32m    LOG[39m [38;5;3m[RoutesResolver] [39m[32mViaticosController {/viaticos}:[39m[38;5;3m +0ms[39m
[32m[Nest] 63901  - [39m04/13/2026, 12:30:53 PM [32m    LOG[39m [38;5;3m[RouterExplorer] [39m[32mMapped {/viaticos, POST} route[39m[38;5;3m +0ms[39m
[32m[Nest] 63901  - [39m04/13/2026, 12:30:53 PM [32m    LOG[39m [38;5;3m[RouterExplorer] [39m[32mMapped {/viaticos, GET} route[39m[38;5;3m +0ms[39m
[32m[Nest] 63901  - [39m04/13/2026, 12:30:53 PM [32m    LOG[39m [38;5;3m[RouterExplorer] [39m[32mMapped {/viaticos/:id, GET} route[39m[38;5;3m +0ms[39m
[32m[Nest] 63901  - [39m04/13/2026, 12:30:53 PM [32m    LOG[39m [38;5;3m[RouterExplorer] [39m[32mMapped {/viaticos/:id, PATCH} route[39m[38;5;3m +0ms[39m
[32m[Nest] 63901  - [39m04/13/2026, 12:30:53 PM [32m    LOG[39m [38;5;3m[RouterExplorer] [39m[32mMapped {/viaticos/:id, DELETE} route[39m[38;5;3m +0ms[39m
[32m[Nest] 63901  - [39m04/13/2026, 12:30:53 PM [32m    LOG[39m [38;5;3m[RoutesResolver] [39m[32mAtrasosController {/atrasos}:[39m[38;5;3m +0ms[39m
[32m[Nest] 63901  - [39m04/13/2026, 12:30:53 PM [32m    LOG[39m [38;5;3m[RouterExplorer] [39m[32mMapped {/atrasos, POST} route[39m[38;5;3m +0ms[39m
[32m[Nest] 63901  - [39m04/13/2026, 12:30:53 PM [32m    LOG[39m [38;5;3m[RouterExplorer] [39m[32mMapped {/atrasos, GET} route[39m[38;5;3m +0ms[39m
[32m[Nest] 63901  - [39m04/13/2026, 12:30:53 PM [32m    LOG[39m [38;5;3m[RouterExplorer] [39m[32mMapped {/atrasos/:id, GET} route[39m[38;5;3m +1ms[39m
[32m[Nest] 63901  - [39m04/13/2026, 12:30:53 PM [32m    LOG[39m [38;5;3m[RouterExplorer] [39m[32mMapped {/atrasos/:id, PATCH} route[39m[38;5;3m +0ms[39m
[32m[Nest] 63901  - [39m04/13/2026, 12:30:53 PM [32m    LOG[39m [38;5;3m[RouterExplorer] [39m[32mMapped {/atrasos/:id, DELETE} route[39m[38;5;3m +0ms[39m
[32m[Nest] 63901  - [39m04/13/2026, 12:30:53 PM [32m    LOG[39m [38;5;3m[RoutesResolver] [39m[32mProcedimientosController {/procedimientos}:[39m[38;5;3m +0ms[39m
[32m[Nest] 63901  - [39m04/13/2026, 12:30:53 PM [32m    LOG[39m [38;5;3m[RouterExplorer] [39m[32mMapped {/procedimientos, POST} route[39m[38;5;3m +0ms[39m
[32m[Nest] 63901  - [39m04/13/2026, 12:30:53 PM [32m    LOG[39m [38;5;3m[RouterExplorer] [39m[32mMapped {/procedimientos, GET} route[39m[38;5;3m +0ms[39m
[32m[Nest] 63901  - [39m04/13/2026, 12:30:53 PM [32m    LOG[39m [38;5;3m[RouterExplorer] [39m[32mMapped {/procedimientos/:id, GET} route[39m[38;5;3m +0ms[39m
[32m[Nest] 63901  - [39m04/13/2026, 12:30:53 PM [32m    LOG[39m [38;5;3m[RouterExplorer] [39m[32mMapped {/procedimientos/:id, PATCH} route[39m[38;5;3m +0ms[39m
[32m[Nest] 63901  - [39m04/13/2026, 12:30:53 PM [32m    LOG[39m [38;5;3m[RouterExplorer] [39m[32mMapped {/procedimientos/:id, DELETE} route[39m[38;5;3m +0ms[39m
[32m[Nest] 63901  - [39m04/13/2026, 12:30:53 PM [32m    LOG[39m [38;5;3m[NestApplication] [39m[32mNest application successfully started[39m[38;5;3m +40ms[39m
[31m[Nest] 63901  - [39m04/13/2026, 12:30:53 PM [31m  ERROR[39m [38;5;3m[NestApplication] [39m[31mError: listen EADDRINUSE: address already in use :::3000[39m[38;5;3m +0ms[39m
node:net:1937
    const ex = new UVExceptionWithHostPort(err, 'listen', address, port);
               ^

Error: listen EADDRINUSE: address already in use :::3000
    at Server.setupListenHandle [as _listen2] (node:net:1937:16)
    at listenInCluster (node:net:1994:12)
    at Server.listen (node:net:2099:7)
    at ExpressAdapter.listen (/Users/juanvidalp/Documents/REMUNERACIONES 2026/backend/node_modules/@nestjs/platform-express/adapters/express-adapter.js:115:32)
    at /Users/juanvidalp/Documents/REMUNERACIONES 2026/backend/node_modules/@nestjs/core/nest-application.js:188:30
    at new Promise (<anonymous>)
    at NestApplication.listen (/Users/juanvidalp/Documents/REMUNERACIONES 2026/backend/node_modules/@nestjs/core/nest-application.js:178:16)
    at async bootstrap (/Users/juanvidalp/Documents/REMUNERACIONES 2026/backend/src/main.ts:21:3) {
  code: 'EADDRINUSE',
  errno: -48,
  syscall: 'listen',
  address: '::',
  port: 3000
}

Node.js v22.14.0
[2J[3J[H[[90m12:31:02 PM[0m] File change detected. Starting incremental compilation...

[[90m12:31:02 PM[0m] Found 0 errors. Watching for file changes.

[32m[Nest] 63930  - [39m04/13/2026, 12:31:03 PM [32m    LOG[39m [38;5;3m[NestFactory] [39m[32mStarting Nest application...[39m
[32m[Nest] 63930  - [39m04/13/2026, 12:31:03 PM [32m    LOG[39m [38;5;3m[InstanceLoader] [39m[32mPrismaModule dependencies initialized[39m[38;5;3m +9ms[39m
[32m[Nest] 63930  - [39m04/13/2026, 12:31:03 PM [32m    LOG[39m [38;5;3m[InstanceLoader] [39m[32mAppModule dependencies initialized[39m[38;5;3m +2ms[39m
[32m[Nest] 63930  - [39m04/13/2026, 12:31:03 PM [32m    LOG[39m [38;5;3m[InstanceLoader] [39m[32mCentrosSaludModule dependencies initialized[39m[38;5;3m +0ms[39m
[32m[Nest] 63930  - [39m04/13/2026, 12:31:03 PM [32m    LOG[39m [38;5;3m[InstanceLoader] [39m[32mUsuariosModule dependencies initialized[39m[38;5;3m +0ms[39m
[32m[Nest] 63930  - [39m04/13/2026, 12:31:03 PM [32m    LOG[39m [38;5;3m[InstanceLoader] [39m[32mProgramasModule dependencies initialized[39m[38;5;3m +0ms[39m
[32m[Nest] 63930  - [39m04/13/2026, 12:31:03 PM [32m    LOG[39m [38;5;3m[InstanceLoader] [39m[32mPeriodosModule dependencies initialized[39m[38;5;3m +0ms[39m
[32m[Nest] 63930  - [39m04/13/2026, 12:31:03 PM [32m    LOG[39m [38;5;3m[InstanceLoader] [39m[32mConsolidadosModule dependencies initialized[39m[38;5;3m +0ms[39m
[32m[Nest] 63930  - [39m04/13/2026, 12:31:03 PM [32m    LOG[39m [38;5;3m[InstanceLoader] [39m[32mTurnosUrgenciaModule dependencies initialized[39m[38;5;3m +0ms[39m
[32m[Nest] 63930  - [39m04/13/2026, 12:31:03 PM [32m    LOG[39m [38;5;3m[InstanceLoader] [39m[32mViaticosModule dependencies initialized[39m[38;5;3m +0ms[39m
[32m[Nest] 63930  - [39m04/13/2026, 12:31:03 PM [32m    LOG[39m [38;5;3m[InstanceLoader] [39m[32mAtrasosModule dependencies initialized[39m[38;5;3m +0ms[39m
[32m[Nest] 63930  - [39m04/13/2026, 12:31:03 PM [32m    LOG[39m [38;5;3m[InstanceLoader] [39m[32mProcedimientosModule dependencies initialized[39m[38;5;3m +0ms[39m
[32m[Nest] 63930  - [39m04/13/2026, 12:31:03 PM [32m    LOG[39m [38;5;3m[InstanceLoader] [39m[32mHorasExtrasModule dependencies initialized[39m[38;5;3m +0ms[39m
[32m[Nest] 63930  - [39m04/13/2026, 12:31:03 PM [32m    LOG[39m [38;5;3m[InstanceLoader] [39m[32mFuncionariosModule dependencies initialized[39m[38;5;3m +0ms[39m
[32m[Nest] 63930  - [39m04/13/2026, 12:31:03 PM [32m    LOG[39m [38;5;3m[InstanceLoad[32m[Nest] 63942  - [39m04/13/2026, 12:31:03 PM [32m    LOG[39m [38;5;[32m[Nest] 63930  - [39m04/13/2026, 12:31:03 PM [32m    LOG[39m [38;5;3m[RoutesResolver] [39m[32mAppController {/}:[39m[38;5;3m +2ms[39m
[32m[Nest] 63930  - [39m04/13/2026, 12:31:03 PM [32m    LOG[39m [38;5;3m[RouterExplorer] [39m[32mMapped {/, GET} route[39m[38;5;3m +2ms[39m
[32m[Nest] 63930  - [39m04/13/2026, 12:31:03 PM [32m    LOG[39m [38;5;3m[RouterExplorer] [39m[32mMapped {/debug-routes, GET} route[39m[38;5;3m +0ms[39m
[32m[Nest] 63930  - [39m04/13/2026, 12:31:03 PM [32m    LOG[39m [38;5;3m[RoutesResolver] [39m[32mCentrosSaludController {/centros-salud}:[39m[38;5;3m +0ms[39m
[32m[Nest] 63930  - [39m04/13/2026, 12:31:03 PM [32m    LOG[39m [38;5;3m[RouterExplorer] [39m[32mMapped {/centros-salud, POST} route[39m[38;5;3m +0ms[39m
[32m[Nest] 63930  - [39m04/13/2026, 12:31:03 PM [32m    LOG[39m [38;5;3m[RouterExplorer] [39m[32mMapped {/centros-salud, GET} route[39m[38;5;3m +0ms[39m
[32m[Nest] 63930  - [39m04/13/2026, 12:31:03 PM [32m    LOG[39m [38;5;3m[RouterExplorer] [39m[32mMapped {/centros-salud/:id, GET} route[39m[38;5;3m +0ms[39m
[32m[Nest] 63930  - [39m04/13/2026, 12:31:03 PM [32m    LOG[39m [38;5;3m[RouterExplorer] [39m[32mMapped {/centros-salud/:id, PATCH} route[39m[38;5;3m +0ms[39m
[32m[Nest] 63930  - [39m04/13/2026, 12:31:03 PM [32m    LOG[39m [38;5;3m[RouterExplorer] [39m[32mMapped {/centros-salud/:id, DELETE} route[39m[38;5;3m +1ms[39m
[32m[Nest] 63930  - [39m04/13/2026, 12:31:03 PM [32m    LOG[39m [38;5;3m[RoutesResolver] [39m[32mUsuariosController {/usuarios}:[39m[38;5;3m +0ms[39m
[32m[Nest] 63930  - [39m04/13/2026, 12:31:03 PM [32m    LOG[39m [38;5;3m[RouterExplorer] [39m[32mMapped {/usuarios, POST} route[39m[38;5;3m +0ms[39m
[32m[Nest] 63930  - [39m04/13/2026, 12:31:03 PM [32m    LOG[39m [38;5;3m[RouterExplorer] [39m[32mMapped {/usuarios, GET} route[39m[38;5;3m +0ms[39m
[32m[Nest] 63930  - [39m04/13/2026, 12:31:03 PM [32m    LOG[39m [38;5;3m[RouterExplorer] [39m[32mMapped {/usuarios/:id, GET} route[39m[38;5;3m +0ms[39m
[32m[Nest] 63930  - [39m04/13/2026, 12:31:03 PM [32m    LOG[39m [38;5;3m[RouterExplorer] [39m[32mMapped {/usuarios/:id, PATCH} route[39m[38;5;3m +0ms[39m
[32m[Nest] 63930  - [39m04/13/2026, 12:31:03 PM [32m    LOG[39m [38;5;3m[RouterExplorer] [39m[32mMapped {/usuarios/:id, DELETE} route[39m[38;5;3m +0ms[39m
[32m[Nest] 63930  - [39m04/13/2026, 12:31:03 PM [32m    LOG[39m [38;5;3m[RoutesResolver] [39m[32mProgramasController {/programas}:[39m[38;5;3m +0ms[39m
[32m[Nest] 63930  - [39m04/13/2026, 12:31:03 PM [32m    LOG[39m [38;5;3m[RouterExplorer] [39m[32mMapped {/programas, POST} route[39m[38;5;3m +1ms[39m
[32m[Nest] 63930  - [39m04/13/2026, 12:31:03 PM [32m    LOG[39m [38;5;3m[RouterExplorer] [39m[32mMapped {/programas, GET} route[39m[38;5;3m +0ms[39m
[32m[Nest] 63930  - [39m04/13/2026, 12:31:03 PM [32m    LOG[39m [38;5;3m[RouterExplorer] [39m[32mMapped {/programas/:id, GET} route[39m[38;5;3m +0ms[39m
[32m[Nest] 63930  - [39m04/13/2026, 12:31:03 PM [32m    LOG[39m [38;5;3m[RouterExplorer] [39m[32mMapped {/programas/:id, PATCH} route[39m[38;5;3m +0ms[39m
[32m[Nest] 63930  - [39m04/13/2026, 12:31:03 PM [32m    LOG[39m [38;5;3m[RouterExplorer] [39m[32mMapped {/programas/:id, DELETE} route[39m[38;5;3m +0ms[39m
[32m[Nest] 63930  - [39m04/13/2026, 12:31:03 PM [32m    LOG[39m [38;5;3m[RoutesResolver] [39m[32mFuncionariosController {/funcionarios}:[39m[38;5;3m +0ms[39m
[32m[Nest] 63930  - [39m04/13/2026, 12:31:03 PM [32m    LOG[39m [38;5;3m[RouterExplorer] [39m[32mMapped {/funcionarios, POST} route[39m[38;5;3m +0ms[39m
[32m[Nest] 63930  - [39m04/13/2026, 12:31:03 PM [32m    LOG[39m [38;5;3m[RouterExplorer] [39m[32mMapped {/funcionarios/importar, POST} route[39m[38;5;3m +0ms[39m
[32m[Nest] 63930  - [39m04/13/2026, 12:31:03 PM [32m    LOG[39m [38;5;3m[RouterExplorer] [39m[32mMapped {/funcionarios, GET} route[39m[38;5;3m +0ms[3[3[32m[Nest] 63930  - [39m04/13/2026, 12:31:03 PM [32m    LOG[39m [38;5;3m[RouterExplorer] [39m[32mMapped {/funcionarios/:rut, GET} route[39m[38;5;3m +1[32m[Nest] 63942  - [39m04/13/2026, 12:31:03 PM [32m    LOG[39m [38;5;3m[RouterExplorer] [39m[32mMapped {/usuarios/:id, PATCH} route[39m[38;5;3m +0ms[39m
[32m[Nest] 63942  - [39m04/13/2026, 12:31:03 PM [32m    LOG[39m [38;5;3m[RouterExplorer] [39m[32mMapped {/usuarios/:id, DELETE} route[39m[38;5;3m +0ms[39m
[32m[Nest] 63942  - [39m04/13/2026, 12:31:03 PM [32m    LOG[39m [38;5;3m[RoutesResolver] [39m[32mProgramasController {/programas}:[39m[38;5;3m +0ms[39m
[32m[Nest] 63942  - [39m04/13/2026, 12:31:03 PM [32m    LOG[39m [38;5;3m[RouterExplorer] [39m[32mMapped {/programas, POST} route[39m[38;5;3m +0ms[39m
[32m[Nest] 63942  - [39m04/13/2026, 12:31:03 PM [32m    LOG[39m [38;5;3m[RouterExplorer] [39m[32mMapped {/programas, GET} route[39m[38;5;3m +0ms[39m
[32m[Nest] 63942  - [39m04/13/2026, 12:31:03 PM [32m    LOG[39m [38;5;3m[RouterExplorer] [39m[32mMapped {/programas/:id, GET} route[39m[38;5;3m +0ms[39m
[32m[Nest] 63942  - [39m04/13/2026, 12:31:03 PM [32m    LOG[39m [38;5;3m[RouterExplorer] [39m[32mMapped {/programas/:id, PATCH} route[39m[38;5;3m +0ms[39m
[32m[Nest] 63942  - [39m04/13/2026, 12:31:03 PM [32m    LOG[39m [38;5;3m[RouterExplorer] [39m[32mMapped {/programas/:id, DELETE} route[39m[38;5;3m +0ms[39m
[32m[Nest] 63942  - [39m04/13/2026, 12:31:03 PM [32m    LOG[39m [38;5;3m[RoutesResolver] [39m[32mFuncionariosController {/funcionarios}:[39m[38;5;3m +0ms[39m
[32m[Nest] 63942  - [39m04/13/2026, 12:31:03 PM [32m    LOG[39m [38;5;3m[RouterExplorer] [39m[32mMapped {/funcionarios, POST} route[39m[38;5;3m +0ms[39m
[32m[Nest] 63942  - [39m04/13/2026, 12:31:03 PM [32m    LOG[39m [38;5;3m[RouterExplorer] [39m[32mMapped {/funcionarios/importar, POST} route[39m[38;5;3m +0ms[39m
[32m[Nest] 63942  - [39m04/13/2026, 12:31:03 PM [32m    LOG[39m [38;5;3m[RouterExplorer] [39m[32mMapped {/funcionarios, GET} route[39m[38;5;3m +0ms[39m
[32m[Nest] 63942  - [39m04/13/2026, 12:31:03 PM [32m    LOG[39m [38;5;3m[RouterExplorer] [39m[32mMapped {/funcionarios/:rut, GET} route[39m[38;5;3m +0ms[39m
[32m[Nest] 63942  - [39m04/13/2026, 12:31:03 PM [32m    LOG[39m [38;5;3m[RouterExplorer] [39m[32mMapped {/funcionarios/:rut, PATCH} route[39m[38;5;3m +0ms[39m
[32m[Nest] 63942  - [39m04/13/2026, 12:31:03 PM [32m    LOG[39m [38;5;3m[RouterExplorer] [39m[32mMapped {/funcionarios/:rut, DELETE} route[39m[38;5;3m +0ms[39m
[32m[Nest] 63942  - [39m04/13/2026, 12:31:03 PM [32m    LOG[39m [38;5;3m[RoutesResolver] [39m[32mPeriodosController {/periodos}:[39m[38;5;3m +0ms[39m
[32m[Nest] 63942  - [39m04/13/2026, 12:31:03 PM [32m    LOG[39m [38;5;3m[RouterExplorer] [39m[32mMapped {/periodos, POST} route[39m[38;5;3m +0ms[39m
[32m[Nest] 63942  - [39m04/13/2026, 12:31:03 PM [32m    LOG[39m [38;5;3m[RouterExplorer] [39m[32mMapped {/periodos, GET} route[39m[38;5;3m +0ms[39m
[32m[Nest] 63942  - [39m04/13/2026, 12:31:03 PM [32m    LOG[39m [38;5;3m[RouterExplorer] [39m[32mMapped {/periodos/:id, GET} route[39m[38;5;3m +0ms[39m
[32m[Nest] 63942  - [39m04/13/2026, 12:31:03 PM [32m    LOG[39m [38;5;3m[RouterExplorer] [39m[32mMapped {/periodos/:id, PATCH} route[39m[38;5;3m +0ms[39m
[32m[Nest] 63942  - [39m04/13/2026, 12:31:03 PM [32m    LOG[39m [38;5;3m[RouterExplorer] [39m[32mMapped {/periodos/:id, DELETE} route[39m[38;5;3m +0ms[39m
[32m[Nest] 63942  - [39m04/13/2026, 12:31:03 PM [32m    LOG[39m [38;5;3m[RoutesResolver] [39m[32mConsolidadosController {/consolidados}:[39m[38;5;3m +0ms[39m
[32m[Nest] 63942  - [39m04/13/2026, 12:31:03 PM [32m    LOG[39m [38;5;3m[RouterExplorer] [39m[32mMapped {/consolidados, POST} route[39m[38;5;3m +0ms[39m
[32m[Nest] 63942  - [39m04/13/2026, 12:31:03 PM [32m    LOG[39m [38;5;3m[RouterExplorer] [39m[32mMapped {/consolidados, GET} route[39m[38;5;3m +1ms[39m
[32m[Nest] 63942  - [39m04/13/2026, 12:31:03 PM [32m    LOG[39m [38;5;3m[RouterExplorer] [39m[32mMapped {/consolidados/:id, GET} route[39m[38;5;3m +0ms[39m
[32m[Nest] 63942  - [39m04/13/2026, 12:31:03 PM [32m    LOG[39m [38;5;3m[RouterExplorer] [39m[32mMapped {/consolidados/:id, PATCH} route[39m[38;5;3m +0ms[39m
[32m[Nest] 63942  - [39m04/13/2026, 12:31:03 PM [32m    LOG[39m [38;5;3m[RouterExplorer] [39m[32mMapped {/consolidados/:id, DELETE} route[39m[38;5;3m +0ms[39m
[32m[Nest] 63942  - [39m04/13/2026, 12:31:03 PM [32m    LOG[39m [38;5;3m[RoutesResolver] [39m[32mHorasExtrasController {/horas-extras}:[39m[38;5;3m +0ms[39m
[32m[Nest] 63942  - [39m04/13/2026, 12:31:03 PM [32m    LOG[39m [38;5;3m[RouterExplorer] [39m[32mMapped {/horas-extras, POST} route[39m[38;5;3m +0ms[39m
[32m[Nest] 63942  - [39m04/13/2026, 12:31:03 PM [32m    LOG[39m [38;5;3m[RouterExplorer] [39m[32mMapped {/horas-extras, GET} route[39m[38;5;3m +0ms[39m
[32m[Nest] 63942  - [39m04/13/2026, 12:31:03 PM [32m    LOG[39m [38;5;3m[RouterExplorer] [39m[32mMapped {/horas-extras/:id, GET} route[39m[38;5;3m +0ms[39m
[32m[Nest] 63942  - [39m04/13/2026, 12:31:03 PM [32m    LOG[39m [38;5;3m[RouterExplorer] [39m[32mMapped {/horas-extras/:id, PATCH} route[39m[38;5;3m +0ms[39m
[32m[Nest] 63942  - [39m04/13/2026, 12:31:03 PM [32m    LOG[39m [38;5;3m[RouterExplorer] [39m[32mMapped {/horas-extras/bulk/:consolidadoId, PATCH} route[39m[38;5;3m +0ms[39m
[32m[Nest] 63942  - [39m04/13/2026, 12:31:03 PM [32m    LOG[39m [38;5;3m[RouterExplorer] [39m[32mMapped {/horas-extras/:id, DELETE} route[39m[38;5;3m +0ms[39m
[32m[Nest] 63942  - [39m04/13/2026, 12:31:03 PM [32m    LOG[39m [38;5;3m[RoutesResolver] [39m[32mAuditController {/audit}:[39m[38;5;3m +0ms[39m
[32m[Nest] 63942  - [39m04/13/2026, 12:31:03 PM [32m    LOG[39m [38;5;3m[RouterExplorer] [39m[32mMapped {/audit, GET} route[39m[38;5;3m +0ms[39m
[32m[Nest] 63942  - [39m04/13/2026, 12:31:03 PM [32m    LOG[39m [38;5;3m[RoutesResolver] [39m[32mTurnosUrgenciaController {/turnos-urgencia}:[39m[38;5;3m +0ms[39m
[32m[Nest] 63942  - [39m04/13/2026, 12:31:03 PM [32m    LOG[39m [38;5;3m[RouterExplorer] [39m[32mMapped {/turnos-urgencia, POST} route[39m[38;5;3m +0ms[39m
[32m[Nest] 63942  - [39m04/13/2026, 12:31:03 PM [32m    LOG[39m [38;5;3m[RouterExplorer] [39m[32mMapped {/turnos-urgencia, GET} route[39m[38;5;3m +0ms[39m
[32m[Nest] 63942  - [39m04/13/2026, 12:31:03 PM [32m    LOG[39m [38;5;3m[RouterExplorer] [39m[32mMapped {/turnos-urgencia/:id, GET} route[39m[38;5;3m +0ms[39m
[32m[Nest] 63942  - [39m04/13/2026, 12:31:03 PM [32m    LOG[39m [38;5;3m[RouterExplorer] [39m[32mMapped {/turnos-urgencia/:id, PATCH} route[39m[38;5;3m +0ms[39m
[32m[Nest] 63942  - [39m04/13/2026, 12:31:03 PM [32m    LOG[39m [38;5;3m[RouterExplorer] [39m[32mMapped {/turnos-urgencia/:id, DELETE} route[39m[38;5;3m +0ms[39m
[32m[Nest] 63942  - [39m04/13/2026, 12:31:03 PM [32m    LOG[39m [38;5;3m[RoutesResolver] [39m[32mViaticosController {/viaticos}:[39m[38;5;3m +0ms[39m
[32m[Nest] 63942  - [39m04/13/2026, 12:31:03 PM [32m    LOG[39m [38;5;3m[RouterExplorer] [39m[32mMapped {/viaticos, POST} route[39m[38;5;3m +0ms[39m
[32m[Nest] 63942  - [39m04/13/2026, 12:31:03 PM [32m    LOG[39m [38;5;3m[RouterExplorer] [39m[32mMapped {/viaticos, GET} route[39m[38;5;3m +0ms[39m
[32m[Nest] 63942  - [39m04/13/2026, 12:31:03 PM [32m    LOG[39m [38;5;3m[RouterExplorer] [39m[32mMapped {/viaticos/:id, GET} route[39m[38;5;3m +0ms[39m
[32m[Nest] 63942  - [39m04/13/2026, 12:31:03 PM [32m    LOG[39m [38;5;3m[RouterExplorer] [39m[32mMapped {/viaticos/:id, PATCH} route[39m[38;5;3m +0ms[39m
[32m[Ne[32m[Nest] 63930  - [39m04/13/2026, 12:31:03 PM [32m    LOG[39m [38;5;3m[NestApplication] [39m[32mNest application successfully started[39m[38;5;3m +22ms[39m
[31m[Nest] 63930  - [39m04/13/2026, 12:31:03 PM [31m  ERROR[39m [38;5;3m[NestApplication] [39m[31mError: listen EADDRINUSE: address already in use :::3000[39m[38;5;3m +1ms[39m
node:net:1937
    const ex = new UVExceptionWithHostPort(err, 'listen', address, port);
               ^

Error: listen EADDRINUSE: address already in use :::3000
    at Server.setupListenHandle [as _listen2] (node:net:1937:16)
    at listenInCluster (node:net:1994:12)
    at Server.listen (node:net:2099:7)
    at ExpressAdapter.listen (/Users/juanvidalp/Documents/REMUNERACIONES 2026/backend/node_modules/@nestjs/platform-express/adapters/express-adapter.js:115:32)
    at /Users/juanvidalp/Documents/REMUNERACIONES 2026/backend/node_modules/@nestjs/core/nest-application.js:188:30
    at new Promise (<anonymous>)
    at NestApplication.listen (/Users/juanvidalp/Documents/REMUNERACIONES 2026/backend/node_modules/@nestjs/core/nest-application.js:178:16)
    at async bootstrap (/Users/juanvidalp/Documents/REMUNERACIONES 2026/backend/src/main.ts:21:3) {
  code: 'EADDRINUSE',
  errno: -48,
  syscall: 'listen',
  address: '::',
  port: 3000
}

Node.js v22.14.0
[2J[3J[H[[90m12:31:13 PM[0m] File change detected. Starting incremental compilation...

[[90m12:31:13 PM[0m] Found 0 errors. Watching for file changes.

[32m[Nest] 63966  - [39m04/13/2026, 12:31:14 PM [32m    LOG[39m [38;5;3m[NestFactory] [39m[32mStarting Nest application...[39m
[32m[Nest] 63966  - [39m04/13/2026, 12:31:14 PM [32m    LOG[39m [38;5;3m[InstanceLoader] [39m[32mPrismaModule dependencies initialized[39m[38;5;3m +8ms[39m
[32m[Nest] 63966  - [39m04/13/2026, 12:31:14 PM [32m    LOG[39m [38;5;3m[InstanceLoader] [39m[32mAppModule dependencies initialized[39m[38;5;3m +1ms[39m
[32m[Nest] 63966  - [39m04/13/2026, 12:31:14 PM [32m    LOG[39m [38;5;3m[InstanceLoader] [39m[32mCentrosSaludModule dependencies initialized[39m[38;5;3m +1ms[39m
[32m[Nest] 63966  - [39m04/13/2026, 12:31:14 PM [32m    LOG[39m [38;5;3m[InstanceLoader] [39m[32mUsuariosModule dependencies initialized[39m[38;5;3m +0ms[39m
[32m[Nest] 63966  - [39m04/13/2026, 12:31:14 PM [32m    LOG[39m [38;5;3m[InstanceLoader] [39m[32mProgramasModule dependencies initialized[39m[38;5;3m +0ms[39m
[32m[Nest] 63966  - [39m04/13/2026, 12:31:14 PM [32m    LOG[39m [38;5;3m[InstanceLoader] [39m[32mPeriodosModule dependencies initialized[39m[38;5;3m +0ms[39m
[32m[Nest] 63966  - [39m04/13/2026, 12:31:14 PM [32m    LOG[39m [38;5;3m[InstanceLoader] [39m[32mConsolidadosModule dependencies initialized[39m[38;5;3m +0ms[39m
[32m[Nest] 63966  - [39m04/13/2026, 12:31:14 PM [32m    LOG[39m [38;5;3m[InstanceLoader] [39m[32mTurnosUrgenciaModule dependencies initialized[39m[38;5;3m +0ms[39m
[32m[Nest] 63966  - [39m04/13/2026, 12:31:14 PM [32m    LOG[39m [38;5;3m[InstanceLoader] [39m[32mViaticosModule dependencies initialized[39m[38;5;3m +0ms[39m
[32m[Nest] 63966  - [39m04/13/2026, 12:31:14 PM [32m    LOG[39m [38;5;3m[InstanceLoader] [39m[32mAtrasosModule dependencies initialized[39m[38;5;3m +0ms[39m
[32m[Nest] 63966  - [39m04/13/2026, 12:31:14 PM [32m    LOG[39m [38;5;3m[InstanceLoader] [39m[32mProcedimientosModule dependencies initialized[39m[38;5;3m +0ms[39m
[32m[Nest] 63966  - [39m04/13/2026, 12:31:14 PM [32m    LOG[39m [38;5;3m[InstanceLoader] [39m[32mHorasExtrasModule dependencies initialized[39m[38;5;3m +0ms[39m
[32m[Nest] 63966  - [39m04/13/2026, 12:31:14 PM [32m    LOG[39m [38;5;3m[InstanceLoader] [39m[32mFuncionariosModule dependencies initialized[39m[38;5;3m +0ms[39m
[32m[Nest] 63966  - [39m04/13/2026, 12:31:14 PM [32m    LOG[39m [38;5;3m[InstanceLoader] [39m[32mAuditModule dependencies initialized[39m[38;5;3m +0ms[39m
[32m[Nest] 63966  - [39m04/13/2026, 12:31:14 PM [32m    LOG[39m [38;5;3m[RoutesResolver] [39m[32mAppController {/}:[39m[38;5;3m +3ms[39m
[32m[Nest] 63966  - [39m04/13/2026, 12:31:14 PM [32m    LOG[39m [38;5;3m[RouterExplorer] [39m[32mMapped {/, GET} route[39m[38;5;3m +1ms[39m
[32m[Nest] 63966  - [39m04/13/2026, 12:31:14 PM [32m    LOG[39m [38;5;3m[RouterExplorer] [39m[32mMapped {/debug-routes, GET} route[39m[38;5;3m +0ms[39m
[32m[Nest] 63966  - [39m04/13/2026, 12:31:14 PM [32m    LOG[39m [38;5;3m[RoutesResolver] [39m[32mCentrosSaludController {/centros-salud}:[39m[38;5;3m +0ms[39m
[32m[Nest] 63966  - [39m04/13/2026, 12:31:14 PM [32m    LOG[39m [38;5;3m[RouterExplorer] [39m[32mMapped {/centros-salud, POST} route[39m[38;5;3m +0ms[39m
[32m[Nest] 63966  - [39m04/13/2026, 12:31:14 PM [32m    LOG[39m [38;5;3m[RouterExplorer] [39m[32mMapped {/centros-salud, GET} route[39m[38;5;3m +0ms[39m
[32m[Nest] 63966  - [39m04/13/2026, 12:31:14 PM [32m    LOG[39m [38;5;3m[RouterExplorer] [39m[32mMapped {/centros-salud/:id, GET} route[39m[38;5;3m +0ms[39m
[32m[Nest] 63966  - [39m04/13/2026, 12:31:14 PM [32m    LOG[39m [38;5;3m[RouterExplorer] [39m[32mMapped {/centros-salud/:id, PATCH} route[39m[38;5;3m +0ms[39m
[32m[Nest] 63966  - [39m04/13/2026, 12:31:14 PM [32m    LOG[39m [38;5;3m[RouterExplorer] [39m[32mMapped {/centros-salud/:id, DELETE} route[39m[38;5;3m +0ms[39m
[32m[Nest] 63966  - [39m04/13/2026, 12:31:14 PM [32m    LOG[39m [38;5;3m[RoutesResolver] [39m[32mUsuariosController {/usuarios}:[39m[38;5;3m +0ms[39m
[32m[Nest] 63966  - [39m04/13/2026, 12:31:14 PM [32m    LOG[39m [38;5;3m[RouterExplorer] [39m[32mMapped {/usuarios, POST} route[39m[38;5;3m +0ms[39m
[32m[Nest] 63966  - [39m04/13/2026, 12:31:14 PM [32m    LOG[39m [38;5;3m[RouterExplorer] [39m[32mMapped {/usuarios, GET} route[39m[38;5;3m +1ms[39m
[32m[Nest] 63966  - [39m04/13/2026, 12:31:14 PM [32m    LOG[39m [38;5;3m[RouterExplorer] [39m[32mMapped {/usuarios/:id, GET} route[39m[38;5;3m +0ms[39m
[32m[Nest] 63966  - [39m04/13/2026, 12:31:14 PM [32m    LOG[39m [38;5;3m[RouterExplorer] [39m[32mMapped {/usuarios/:id, PATCH} route[39m[38;5;3m +0ms[39m
[32m[Nest] 63966  - [39m04/13/2026, 12:31:14 PM [32m    LOG[39m [38;5;3m[RouterExplorer] [39m[32mMapped {/usuarios/:id, DELETE} route[39m[38;5;3m +0ms[39m
[32m[Nest] 63966  - [39m04/13/2026, 12:31:14 PM [32m    LOG[39m [38;5;3m[RoutesResolver] [39m[32mProgramasController {/programas}:[39m[38;5;3m +0ms[39m
[32m[Nest] 63966  - [39m04/13/2026, 12:31:14 PM [32m    LOG[39m [38;5;3m[RouterExplorer] [39m[32mMapped {/programas, POST} route[39m[38;5;3m +0ms[39m
[32m[Nest] 63966  - [39m04/13/2026, 12:31:14 PM [32m    LOG[39m [38;5;3m[RouterExplorer] [39m[32mMapped {/programas, GET} route[39m[38;5;3m +0ms[39m
[32m[Nest] 63966  - [39m04/13/2026, 12:31:14 PM [32m    LOG[39m [38;5;3m[RouterExplorer] [39m[32mMapped {/programas/:id, GET} route[39m[38;5;3m +0ms[39m
[32m[Nest] 63966  - [39m04/13/2026, 12:31:14 PM [32m    LOG[39m [38;5;3m[RouterExplorer] [39m[32mMapped {/programas/:id, PATCH} route[39m[38;5;3m +0ms[39m
[32m[Nest] 63966  - [39m04/13/2026, 12:31:14 PM [32m    LOG[39m [38;5;3m[RouterExplorer] [39m[32mMapped {/programas/:id, DELETE} route[39m[38;5;3m +0ms[39m
[32m[Nest] 63966  - [39m04/13/2026, 12:31:14 PM [32m    LOG[39m [38;5;3m[RoutesResolver] [39m[32mFuncionariosController {/funcionarios}:[39m[38;5;3m +0ms[39m
[32m[Nest] 63966  - [39m04/13/2026, 12:31:14 PM [32m    LOG[39m [38;5;3m[RouterExplorer] [39m[32mMapped {/funcionarios, POST} route[39m[38;5;3m +0ms[39m
[32m[Nest] 63966  - [39m04/13/2026, 12:31:14 PM [32m    LOG[39m [38;5;3m[RouterExplorer] [39m[32mMapped {/funcionarios/importar, POST} route[39m[38;5;3m +0ms[39m
[32m[Nest] 63966  - [39m04/13/2026, 12:31:14 PM [32m    LOG[39m [38;5;3m[RouterExplorer] [39m[32mMapped {/funcionarios, GET} route[39m[38;5;3m +0ms[39m
[32m[Nest] 63966  - [39m04/13/2026, 12:31:14 PM [32m    LOG[39m [38;5;3m[RouterExplorer] [39m[32mMapped {/funcionarios/:rut, GET} route[39m[38;5;3m +0ms[39m
[32m[Nest] 63966  - [39m04/13/2026, 12:31:14 PM [32m    LOG[39m [38;5;3m[RouterExplorer] [39m[32mMapped {/funcionarios/:rut, PATCH} route[39m[38;5;3m +0ms[39m
[32m[Nest] 63966  - [39m04/13/2026, 12:31:14 PM [32m    LOG[39m [38;5;3m[RouterExplorer] [39m[32mMapped {/funcionarios/:rut, DELETE} route[39m[38;5;3m +1ms[39m
[32m[Nest] 63966  - [39m04/13/2026, 12:31:14 PM [32m    LOG[39m [38;5;3m[RoutesResolver] [39m[32mPeriodosController {/periodos}:[39m[38;5;3m +0ms[39m
[32m[Nest] 63966  - [39m04/13/2026, 12:31:14 PM [32m    LOG[39m [38;5;3m[RouterExplorer] [39m[32mMapped {/periodos, POST} route[39m[38;5;3m +0ms[39m
[32m[Nest] 63966  - [39m04/13/2026, 12:31:14 PM [32m    LOG[39m [38;5;3m[RouterExplorer] [39m[32mMapped {/periodos, GET} route[39m[38;5;3m +0ms[39m
[32m[Nest] 63966  - [39m04/13/2026, 12:31:14 PM [32m    LOG[39m [38;5;3m[RouterExplorer] [39m[32mMapped {/periodos/:id, GET} route[39m[38;5;3m +0ms[39m
[32m[Nest] 63966  - [39m04/13/2026, 12:31:14 PM [32m    LOG[39m [38;5;3m[RouterExplorer] [39m[32mMapped {/periodos/:id, PATCH} route[39m[38;5;3m +0ms[39m
[32m[Nest] 63966  - [39m04/13/2026, 12:31:14 PM [32m    LOG[39m [38;5;3m[RouterExplorer] [39m[32mMapped {/periodos/:id, DELETE} route[39m[38;5;3m +0ms[39m
[32m[Nest] 63966  - [39m04/13/2026, 12:31:14 PM [32m    LOG[39m [38;5;3m[RoutesResolver] [39m[32mConsolidadosController {/consolidados}:[39m[38;5;3m +0ms[39m
[32m[Nest] 63966  - [39m04/13/2026, 12:31:14 PM [32m    LOG[39m [38;5;3m[RouterExplorer] [39m[32mMapped {/consolidados, POST} route[39m[38;5;3m +0ms[39m
[32m[Nest] 63966  - [39m04/13/2026, 12:31:14 PM [32m    LOG[39m [38;5;3m[RouterExplorer] [39m[32mMapped {/consolidados, GET} route[39m[38;5;3m +0ms[39m
[32m[Nest] 63966  - [39m04/13/2026, 12:31:14 PM [32m    LOG[39m [38;5;3m[RouterExplorer] [39m[32mMapped {/consolidados/:id, GET} route[39m[38;5;3m +0ms[39m
[32m[Nest] 63966  - [39m04/13/2026, 12:31:14 PM [32m    LOG[39m [38;5;3m[RouterExplorer] [39m[32mMapped {/consolidados/:id, PATCH} route[39m[38;5;3m +0ms[39m
[32m[Nest] 63966  - [39m04/13/2026, 12:31:14 PM [32m    LOG[39m [38;5;3m[RouterExplorer] [39m[32mMapped {/consolidados/:id, DELETE} route[39m[38;5;3m +0ms[39m
[32m[Nest] 63966  - [39m04/13/2026, 12:31:14 PM [32m    LOG[39m [38;5;3m[RoutesResolver] [39m[32mHorasExtrasController {/horas-extras}:[39m[38;5;3m +0ms[39m
[32m[Nest] 63966  - [39m04/13/2026, 12:31:14 PM [32m    LOG[39m [38;5;3m[RouterExplorer] [39m[32mMapped {/horas-extras, POST} route[39m[38;5;3m +0ms[39m
[32m[Nest] 63966  - [39m04/13/2026, 12:31:14 PM [32m    LOG[39m [38;5;3m[RouterExplorer] [39m[32mMapped {/horas-extras, GET} route[39m[38;5;3m +0ms[39m
[32m[Nest] 63966  - [39m04/13/2026, 12:31:14 PM [32m    LOG[39m [38;5;3m[RouterExplorer] [39m[32mMapped {/horas-extras/:id, GET} route[39m[38;5;3m +0ms[39m
[32m[Nest] 63966  - [39m04/13/2026, 12:31:14 PM [32m    LOG[39m [38;5;3m[RouterExplorer] [39m[32mMapped {/horas-extras/:id, PATCH} route[39m[38;5;3m +0ms[39m
[32m[Nest] 63966  - [39m04/13/2026, 12:31:14 PM [32m    LOG[39m [38;5;3m[RouterExplorer] [39m[32mMapped {/horas-extras/bulk/:consolidadoId, PATCH} route[39m[38;5;3m +0ms[39m
[32m[Nest] 63966  - [39m04/13/2026, 12:31:14 PM [32m    LOG[39m [38;5;3m[RouterExplorer] [39m[32mMapped {/horas-extras/:id, DELETE} route[39m[38;5;3m +0ms[39m
[32m[Nest] 63966  - [39m04/13/2026, 12:31:14 PM [32m    LOG[39m [38;5;3m[RoutesResolver] [39m[32mAuditController {/audit}:[39m[38;5;3m +0ms[39m
[32m[Nest] 63966  - [39m04/13/2026, 12:31:14 PM [32m    LOG[39m [38;5;3m[RouterExplorer] [39m[32mMapped {/audit, GET} route[39m[38;5;3m +0ms[39m
[32m[Nest] 63966  - [39m04/13/2026, 12:31:14 PM [32m    LOG[39m [38;5;3m[RoutesResolver] [39m[32mTurnosUrgenciaController {/turnos-urgencia}:[39m[38;5;3m +0ms[39m
[32m[Nest] 63966  - [39m04/13/2026, 12:31:14 PM [32m    LOG[39m [38;5;3m[RouterExplorer] [39m[32mMapped {/turnos-urgencia, POST} route[39m[38;5;3m +0ms[39m
[32m[Nest] 63966  - [39m04/13/2026, 12:31:14 PM [32m    LOG[39m [38;5;3m[RouterExplorer] [39m[32mMapped {/turnos-urgencia, GET} route[39m[38;5;3m +0ms[39m
[32m[Nest] 63966  - [39m04/13/2026, 12:31:14 PM [32m    LOG[39m [38;5;3m[RouterExplorer] [39m[32mMapped {/turnos-urgencia/:id, GET} route[39m[38;5;3m +0ms[39m
[32m[Nest] 63966  - [39m04/13/2026, 12:31:14 PM [32m    LOG[39m [38;5;3m[RouterExplorer] [39m[32mMapped {/turnos-urgencia/:id, PATCH} route[39m[38;5;3m +0ms[39m
[32m[Nest] 63966  - [39m04/13/2026, 12:31:14 PM [32m    LOG[39m [38;5;3m[RouterExplorer] [39m[32mMapped {/turnos-urgencia/:id, DELETE} route[39m[38;5;3m +0ms[39m
[32m[Nest] 63966  - [39m04/13/2026, 12:31:14 PM [32m    LOG[39m [38;5;3m[RoutesResolver] [39m[32mViaticosController {/viaticos}:[39m[38;5;3m +1ms[39m
[32m[Nest] 63966  - [39m04/13/2026, 12:31:14 PM [32m    LOG[39m [38;5;3m[RouterExplorer] [39m[32mMapped {/viaticos, POST} route[39m[38;5;3m +0ms[39m
[32m[Nest] 63966  - [39m04/13/2026, 12:31:14 PM [32m    LOG[39m [38;5;3m[RouterExplorer] [39m[32mMapped {/viaticos, GET} route[39m[38;5;3m +0ms[39m
[32m[Nest] 63966  - [39m04/13/2026, 12:31:14 PM [32m    LOG[39m [38;5;3m[RouterExplorer] [39m[32mMapped {/viaticos/:id, GET} route[39m[38;5;3m +0ms[39m
[32m[Nest] 63966  - [39m04/13/2026, 12:31:14 PM [32m    LOG[39m [38;5;3m[RouterExplorer] [39m[32mMapped {/viaticos/:id, PATCH} route[39m[38;5;3m +0ms[39m
[32m[Nest] 63966  - [39m04/13/2026, 12:31:14 PM [32m    LOG[39m [38;5;3m[RouterExplorer] [39m[32mMapped {/viaticos/:id, DELETE} route[39m[38;5;3m +0ms[39m
[32m[Nest] 63966  - [39m04/13/2026, 12:31:14 PM [32m    LOG[39m [38;5;3m[RoutesResolver] [39m[32mAtrasosController {/atrasos}:[39m[38;5;3m +0ms[39m
[32m[Nest] 63966  - [39m04/13/2026, 12:31:14 PM [32m    LOG[39m [38;5;3m[RouterExplorer] [39m[32mMapped {/atrasos, POST} route[39m[38;5;3m +0ms[39m
[32m[Nest] 63966  - [39m04/13/2026, 12:31:14 PM [32m    LOG[39m [38;5;3m[RouterExplorer] [39m[32mMapped {/atrasos, GET} route[39m[38;5;3m +0ms[39m
[32m[Nest] 63966  - [39m04/13/2026, 12:31:14 PM [32m    LOG[39m [38;5;3m[RouterExplorer] [39m[32mMapped {/atrasos/:id, GET} route[39m[38;5;3m +0ms[39m
[32m[Nest] 63966  - [39m04/13/2026, 12:31:14 PM [32m    LOG[39m [38;5;3m[RouterExplorer] [39m[32mMapped {/atrasos/:id, PATCH} route[39m[38;5;3m +0ms[39m
[32m[Nest] 63966  - [39m04/13/2026, 12:31:14 PM [32m    LOG[39m [38;5;3m[RouterExplorer] [39m[32mMapped {/atrasos/:id, DELETE} route[39m[38;5;3m +0ms[39m
[32m[Nest] 63966  - [39m04/13/2026, 12:31:14 PM [32m    LOG[39m [38;5;3m[RoutesResolver] [39m[32mProcedimientosController {/procedimientos}:[39m[38;5;3m +0ms[39m
[32m[Nest] 63966  - [39m04/13/2026, 12:31:14 PM [32m    LOG[39m [38;5;3m[RouterExplorer] [39m[32mMapped {/procedimientos, POST} route[39m[38;5;3m +0ms[39m
[32m[Nest] 63966  - [39m04/13/2026, 12:31:14 PM [32m    LOG[39m [38;5;3m[RouterExplorer] [39m[32mMapped {/procedimientos, GET} route[39m[38;5;3m +0ms[39m
[32m[Nest] 63966  - [39m04/13/2026, 12:31:14 PM [32m    LOG[39m [38;5;3m[RouterExplorer] [39m[32mMapped {/procedimientos/:id, GET} route[39m[38;5;3m +0ms[39m
[32m[Nest] 63966  - [39m04/13/2026, 12:31:14 PM [32m    LOG[39m [38;5;3m[RouterExplorer] [39m[32mMapped {/procedimientos/:id, PATCH} route[39m[38;5;3m +0ms[39m
[32m[Nest] 63966  - [39m04/13/2026, 12:31:14 PM [32m    LOG[39m [38;5;3m[RouterExplorer] [39m[32mMapped {/procedimientos/:id, DELETE} route[39m[38;5;3m +0ms[39m
[32m[Nest] 63966  - [39m04/13/2026, 12:31:14 PM [32m    LOG[39m [38;5;3m[NestApplication] [39m[32mNest application successfully started[39m[38;5;3m +36ms[39m
[2J[3J[H[[90m12:31:23 PM[0m] File change detected. Starting incremental compilation...

[[90m12:31:23 PM[0m] Found 0 errors. Watching for file changes.

[32m[Nest] 64005  - [39m04/13/2026, 12:31:24 PM [32m    LOG[39m [38;5;3m[NestFactory] [39m[32mStarting Nest application...[39m
[32m[Nest] 64005  - [39m04/13/2026, 12:31:24 PM [32m    LOG[39m [38;5;3m[InstanceLoader] [39m[32mPrismaModule dependencies initialized[39m[38;5;3m +9ms[39m
[32m[Nest] 64005  - [39m04/13/2026, 12:31:24 PM [32m    LOG[39m [38;5;3m[InstanceLoader] [39m[32mAppModule dependencies initialized[39m[38;5;3m +2ms[39m
[32m[Nest] 64005  - [39m04/13/2026, 12:31:24 PM [32m    LOG[39m [38;5;3m[InstanceLoader] [39m[32mReportesModule dependencies initialized[39m[38;5;3m +0ms[39m
[32m[Nest] 64005  - [39m04/13/2026, 12:31:24 PM [32m    LOG[39m [38;5;3m[InstanceLoader] [39m[32mCentrosSaludModule dependencies initialized[39m[38;5;3m +0ms[39m
[32m[Nest] 64005  - [39m04/13/2026, 12:31:24 PM [32m    LOG[39m [38;5;3m[InstanceLoader] [39m[32mUsuariosModule dependencies initialized[39m[38;5;3m +0ms[39m
[32m[Nest] 64005  - [39m04/13/2026, 12:31:24 PM [32m    LOG[39m [38;5;3m[InstanceLoader] [39m[32mProgramasModule dependencies initialized[39m[38;5;3m +0ms[39m
[32m[Nest] 64005  - [39m04/13/2026, 12:31:24 PM [32m    LOG[39m [38;5;3m[InstanceLoader] [39m[32mPeriodosModule dependencies initialized[39m[38;5;3m +0ms[39m
[32m[Nest] 64005  - [39m04/13/2026, 12:31:24 PM [32m    LOG[39m [38;5;3m[InstanceLoader] [39m[32mConsolidadosModule dependencies initialized[39m[38;5;3m +0ms[39m
[32m[Nest] 64005  - [39m04/13/2026, 12:31:24 PM [32m    LOG[39m [38;5;3m[InstanceLoader] [39m[32mTurnosUrgenciaModule dependencies initialized[39m[38;5;3m +0ms[39m
[32m[Nest] 64005  - [39m04/13/2026, 12:31:24 PM [32m    LOG[39m [38;5;3m[InstanceLoader] [39m[32mViaticosModule dependencies initialized[39m[38;5;3m +0ms[39m
[32m[Nest] 64005  - [39m04/13/2026, 12:31:24 PM [32m    LOG[39m [38;5;3m[InstanceLoader] [39m[32mAtrasosModule dependencies initialized[39m[38;5;3m +0ms[39m
[32m[Nest] 64005  - [39m04/13/2026, 12:31:24 PM [32m    LOG[39m [38;5;3m[InstanceLoader] [39m[32mProcedimientosModule dependencies initialized[39m[38;5;3m +0ms[39m
[32m[Nest] 64005  - [39m04/13/2026, 12:31:24 PM [32m    LOG[39m [38;5;3m[InstanceLoader] [39m[32mHorasExtrasModule dependencies initialized[39m[38;5;3m +1ms[39m
[32m[Nest] 64005  - [39m04/13/2026, 12:31:24 PM [32m    LOG[39m [38;5;3m[InstanceLoader] [39m[32mFuncionariosModule dependencies initialized[39m[38;5;3m +0ms[39m
[32m[Nest] 64005  - [39m04/13/2026, 12:31:24 PM [32m    LOG[39m [38;5;3m[InstanceLoader] [39m[32mAuditModule dependencies initialized[39m[38;5;3m +0ms[39m
[32m[Nest] 64005  - [39m04/13/2026, 12:31:24 PM [32m    LOG[39m [38;5;3m[RoutesResolver] [39m[32mAppController {/}:[39m[38;5;3m +4ms[39m
[32m[Nest] 64005  - [39m04/13/2026, 12:31:25 PM [32m    LOG[39m [38;5;3m[RouterExplorer] [39m[32mMapped {/, GET} route[39m[38;5;3m +1ms[39m
[32m[Nest] 64005  - [39m04/13/2026, 12:31:25 PM [32m    LOG[39m [38;5;3m[RouterExplorer] [39m[32mMapped {/debug-routes, GET} route[39m[38;5;3m +0ms[39m
[32m[Nest] 64005  - [39m04/13/2026, 12:31:25 PM [32m    LOG[39m [38;5;3m[RoutesResolver] [39m[32mCentrosSaludController {/centros-salud}:[39m[38;5;3m +0ms[39m
[32m[Nest] 64005  - [39m04/13/2026, 12:31:25 PM [32m    LOG[39m [38;5;3m[RouterExplorer] [39m[32mMapped {/centros-salud, POST} route[39m[38;5;3m +0ms[39m
[32m[Nest] 64005  - [39m04/13/2026, 12:31:25 PM [32m    LOG[39m [38;5;3m[RouterExplorer] [39m[32mMapped {/centros-salud, GET} route[39m[38;5;3m +0ms[39m
[32m[Nest] 64005  - [39m04/13/2026, 12:31:25 PM [32m    LOG[39m [38;5;3m[RouterExplorer] [39m[32mMapped {/centros-salud/:id, GET} route[39m[38;5;3m +0ms[39m
[32m[Nest] 64005  - [39m04/13/2026, 12:31:25 PM [32m    LOG[39m [38;5;3m[RouterExplorer] [39m[32mMapped {/centros-salud/:id, PATCH} route[39m[38;5;3m +0ms[39m
[32m[Nest] 64005  - [39m04/13/2026, 12:31:25 PM [32m    LOG[39m [38;5;3m[RouterExplorer] [39m[32mMapped {/centros-salud/:id, DELETE} route[39m[38;5;3m +1ms[39m
[32m[Nest] 64005  - [39m04/13/2026, 12:31:25 PM [32m    LOG[39m [38;5;3m[RoutesResolver] [39m[32mUsuariosController {/usuarios}:[39m[38;5;3m +0ms[39m
[32m[Nest] 64005  - [39m04/13/2026, 12:31:25 PM [32m    LOG[39m [38;5;3m[RouterExplorer] [39m[32mMapped {/usuarios, POST} route[39m[38;5;3m +0ms[39m
[32m[Nest] 64005  - [39m04/13/2026, 12:31:25 PM [32m    LOG[39m [38;5;3m[RouterExplorer] [39m[32mMapped {/usuarios, GET} route[39m[38;5;3m +0ms[39m
[32m[Nest] 64005  - [39m04/13/2026, 12:31:25 PM [32m    LOG[39m [38;5;3m[RouterExplorer] [39m[32mMapped {/usuarios/:id, GET} route[39m[38;5;3m +0ms[39m
[32m[Nest] 64005  - [39m04/13/2026, 12:31:25 PM [32m    LOG[39m [38;5;3m[RouterExplorer] [39m[32mMapped {/usuarios/:id, PATCH} route[39m[38;5;3m +0ms[39m
[32m[Nest] 64005  - [39m04/13/2026, 12:31:25 PM [32m    LOG[39m [38;5;3m[RouterExplorer] [39m[32mMapped {/usuarios/:id, DELETE} route[39m[38;5;3m +0ms[39m
[32m[Nest] 64005  - [39m04/13/2026, 12:31:25 PM [32m    LOG[39m [38;5;3m[RoutesResolver] [39m[32mProgramasController {/programas}:[39m[38;5;3m +0ms[39m
[32m[Nest] 64005  - [39m04/13/2026, 12:31:25 PM [32m    LOG[39m [38;5;3m[RouterExplorer] [39m[32mMapped {/programas, POST} route[39m[38;5;3m +0ms[39m
[32m[Nest] 64005  - [39m04/13/2026, 12:31:25 PM [32m    LOG[39m [38;5;3m[RouterExplorer] [39m[32mMapped {/programas, GET} route[39m[38;5;3m +0ms[39m
[32m[Nest] 64005  - [39m04/13/2026, 12:31:25 PM [32m    LOG[39m [38;5;3m[RouterExplorer] [39m[32mMapped {/programas/:id, GET} route[39m[38;5;3m +0ms[39m
[32m[Nest] 64005  - [39m04/13/2026, 12:31:25 PM [32m    LOG[39m [38;5;3m[RouterExplorer] [39m[32mMapped {/programas/:id, PATCH} route[39m[38;5;3m +0ms[39m
[32m[Nest] 64005  - [39m04/13/2026, 12:31:25 PM [32m    LOG[39m [38;5;3m[RouterExplorer] [39m[32mMapped {/programas/:id, DELETE} route[39m[38;5;3m +0ms[39m
[32m[Nest] 64005  - [39m04/13/2026, 12:31:25 PM [32m    LOG[39m [38;5;3m[RoutesResolver] [39m[32mFuncionariosController {/funcionarios}:[39m[38;5;3m +1ms[39m
[32m[Nest] 64005  - [39m04/13/2026, 12:31:25 PM [32m    LOG[39m [38;5;3m[RouterExplorer] [39m[32mMapped {/funcionarios, POST} route[39m[38;5;3m +0ms[39m
[32m[Nest] 64005  - [39m04/13/2026, 12:31:25 PM [32m    LOG[39m [38;5;3m[RouterExplorer] [39m[32mMapped {/funcionarios/importar, POST} route[39m[38;5;3m +0ms[39m
[32m[Nest] 64005  - [39m04/13/2026, 12:31:25 PM [32m    LOG[39m [38;5;3m[RouterExplorer] [39m[32mMapped {/funcionarios, GET} route[39m[38;5;3m +0ms[39m
[32m[Nest] 64005  - [39m04/13/2026, 12:31:25 PM [32m    LOG[39m [38;5;3m[RouterExplorer] [39m[32mMapped {/funcionarios/:rut, GET} route[39m[38;5;3m +0ms[39m
[32m[Nest] 64005  - [39m04/13/2026, 12:31:25 PM [32m    LOG[39m [38;5;3m[RouterExplorer] [39m[32mMapped {/funcionarios/:rut, PATCH} route[39m[38;5;3m +0ms[39m
[32m[Nest] 64005  - [39m04/13/2026, 12:31:25 PM [32m    LOG[39m [38;5;3m[RouterExplorer] [39m[32mMapped {/funcionarios/:rut, DELETE} route[39m[38;5;3m +0ms[39m
[32m[Nest] 64005  - [39m04/13/2026, 12:31:25 PM [32m    LOG[39m [38;5;3m[RoutesResolver] [39m[32mPeriodosController {/periodos}:[39m[38;5;3m +0ms[39m
[32m[Nest] 64005  - [39m04/13/2026, 12:31:25 PM [32m    LOG[39m [38;5;3m[RouterExplorer] [39m[32mMapped {/periodos, POST} route[39m[38;5;3m +0ms[39m
[32m[Nest] 64005  - [39m04/13/2026, 12:31:25 PM [32m    LOG[39m [38;5;3m[RouterExplorer] [39m[32mMapped {/periodos, GET} route[39m[38;5;3m +0ms[39m
[32m[Nest] 64005  - [39m04/13/2026, 12:31:25 PM [32m    LOG[39m [38;5;3m[RouterExplorer] [39m[32mMapped {/periodos/:id, GET} route[39m[38;5;3m +0ms[39m
[32m[Nest] 64005  - [39m04/13/2026, 12:31:25 PM [32m    LOG[39m [38;5;3m[RouterExplorer] [39m[32mMapped {/periodos/:id, PATCH} route[39m[38;5;3m +0ms[39m
[32m[Nest] 64005  - [39m04/13/2026, 12:31:25 PM [32m    LOG[39m [38;5;3m[RouterExplorer] [39m[32mMapped {/periodos/:id, DELETE} route[39m[38;5;3m +0ms[39m
[32m[Nest] 64005  - [39m04/13/2026, 12:31:25 PM [32m    LOG[39m [38;5;3m[RoutesResolver] [39m[32mConsolidadosController {/consolidados}:[39m[38;5;3m +0ms[39m
[32m[Nest] 64005  - [39m04/13/2026, 12:31:25 PM [32m    LOG[39m [38;5;3m[RouterExplorer] [39m[32mMapped {/consolidados, POST} route[39m[38;5;3m +0ms[39m
[32m[Nest] 64005  - [39m04/13/2026, 12:31:25 PM [32m    LOG[39m [38;5;3m[RouterExplorer] [39m[32mMapped {/consolidados, GET} route[39m[38;5;3m +0ms[39m
[32m[Nest] 64005  - [39m04/13/2026, 12:31:25 PM [32m    LOG[39m [38;5;3m[RouterExplorer] [39m[32mMapped {/consolidados/:id, GET} route[39m[38;5;3m +0ms[39m
[32m[Nest] 64005  - [39m04/13/2026, 12:31:25 PM [32m    LOG[39m [38;5;3m[RouterExplorer] [39m[32mMapped {/consolidados/:id, PATCH} route[39m[38;5;3m +0ms[39m
[32m[Nest] 64005  - [39m04/13/2026, 12:31:25 PM [32m    LOG[39m [38;5;3m[RouterExplorer] [39m[32mMapped {/consolidados/:id, DELETE} route[39m[38;5;3m +0ms[39m
[32m[Nest] 64005  - [39m04/13/2026, 12:31:25 PM [32m    LOG[39m [38;5;3m[RoutesResolver] [39m[32mHorasExtrasController {/horas-extras}:[39m[38;5;3m +0ms[39m
[32m[Nest] 64005  - [39m04/13/2026, 12:31:25 PM [32m    LOG[39m [38;5;3m[RouterExplorer] [39m[32mMapped {/horas-extras, POST} route[39m[38;5;3m +0ms[39m
[32m[Nest] 64005  - [39m04/13/2026, 12:31:25 PM [32m    LOG[39m [38;5;3m[RouterExplorer] [39m[32mMapped {/horas-extras, GET} route[39m[38;5;3m +0ms[39m
[32m[Nest] 64005  - [39m04/13/2026, 12:31:25 PM [32m    LOG[39m [38;5;3m[RouterExplorer] [39m[32mMapped {/horas-extras/:id, GET} route[39m[38;5;3m +0ms[39m
[32m[Nest] 64005  - [39m04/13/2026, 12:31:25 PM [32m    LOG[39m [38;5;3m[RouterExplorer] [39m[32mMapped {/horas-extras/:id, PATCH} route[39m[38;5;3m +0ms[39m
[32m[Nest] 64005  - [39m04/13/2026, 12:31:25 PM [32m    LOG[39m [38;5;3m[RouterExplorer] [39m[32mMapped {/horas-extras/bulk/:consolidadoId, PATCH} route[39m[38;5;3m +0ms[39m
[32m[Nest] 64005  - [39m04/13/2026, 12:31:25 PM [32m    LOG[39m [38;5;3m[RouterExplorer] [39m[32mMapped {/horas-extras/:id, DELETE} route[39m[38;5;3m +1ms[39m
[32m[Nest] 64005  - [39m04/13/2026, 12:31:25 PM [32m    LOG[39m [38;5;3m[RoutesResolver] [39m[32mAuditController {/audit}:[39m[38;5;3m +0ms[39m
[32m[Nest] 64005  - [39m04/13/2026, 12:31:25 PM [32m    LOG[39m [38;5;3m[RouterExplorer] [39m[32mMapped {/audit, GET} route[39m[38;5;3m +0ms[39m
[32m[Nest] 64005  - [39m04/13/2026, 12:31:25 PM [32m    LOG[39m [38;5;3m[RoutesResolver] [39m[32mTurnosUrgenciaController {/turnos-urgencia}:[39m[38;5;3m +0ms[39m
[32m[Nest] 64005  - [39m04/13/2026, 12:31:25 PM [32m    LOG[39m [38;5;3m[RouterExplorer] [39m[32mMapped {/turnos-urgencia, POST} route[39m[38;5;3m +0ms[39m
[32m[Nest] 64005  - [39m04/13/2026, 12:31:25 PM [32m    LOG[39m [38;5;3m[RouterExplorer] [39m[32mMapped {/turnos-urgencia, GET} route[39m[38;5;3m +0ms[39m
[32m[Nest] 64005  - [39m04/13/2026, 12:31:25 PM [32m    LOG[39m [38;5;3m[RouterExplorer] [39m[32mMapped {/turnos-urgencia/:id, GET} route[39m[38;5;3m +0ms[39m
[32m[Nest] 64005  - [39m04/13/2026, 12:31:25 PM [32m    LOG[39m [38;5;3m[RouterExplorer] [39m[32mMapped {/turnos-urgencia/:id, PATCH} route[39m[38;5;3m +0ms[39m
[32m[Nest] 64005  - [39m04/13/2026, 12:31:25 PM [32m    LOG[39m [38;5;3m[RouterExplorer] [39m[32mMapped {/turnos-urgencia/:id, DELETE} route[39m[38;5;3m +0ms[39m
[32m[Nest] 64005  - [39m04/13/2026, 12:31:25 PM [32m    LOG[39m [38;5;3m[RoutesResolver] [39m[32mViaticosController {/viaticos}:[39m[38;5;3m +0ms[39m
[32m[Nest] 64005  - [39m04/13/2026, 12:31:25 PM [32m    LOG[39m [38;5;3m[RouterExplorer] [39m[32mMapped {/viaticos, POST} route[39m[38;5;3m +0ms[39m
[32m[Nest] 64005  - [39m04/13/2026, 12:31:25 PM [32m    LOG[39m [38;5;3m[RouterExplorer] [39m[32mMapped {/viaticos, GET} route[39m[38;5;3m +0ms[39m
[32m[Nest] 64005  - [39m04/13/2026, 12:31:25 PM [32m    LOG[39m [38;5;3m[RouterExplorer] [39m[32mMapped {/viaticos/:id, GET} route[39m[38;5;3m +0ms[39m
[32m[Nest] 64005  - [39m04/13/2026, 12:31:25 PM [32m    LOG[39m [38;5;3m[RouterExplorer] [39m[32mMapped {/viaticos/:id, PATCH} route[39m[38;5;3m +0ms[39m
[32m[Nest] 64005  - [39m04/13/2026, 12:31:25 PM [32m    LOG[39m [38;5;3m[RouterExplorer] [39m[32mMapped {/viaticos/:id, DELETE} route[39m[38;5;3m +0ms[39m
[32m[Nest] 64005  - [39m04/13/2026, 12:31:25 PM [32m    LOG[39m [38;5;3m[RoutesResolver] [39m[32mAtrasosController {/atrasos}:[39m[38;5;3m +0ms[39m
[32m[Nest] 64005  - [39m04/13/2026, 12:31:25 PM [32m    LOG[39m [38;5;3m[RouterExplorer] [39m[32mMapped {/atrasos, POST} route[39m[38;5;3m +0ms[39m
[32m[Nest] 64005  - [39m04/13/2026, 12:31:25 PM [32m    LOG[39m [38;5;3m[RouterExplorer] [39m[32mMapped {/atrasos, GET} route[39m[38;5;3m +0ms[39m
[32m[Nest] 64005  - [39m04/13/2026, 12:31:25 PM [32m    LOG[39m [38;5;3m[RouterExplorer] [39m[32mMapped {/atrasos/:id, GET} route[39m[38;5;3m +0ms[39m
[32m[Nest] 64005  - [39m04/13/2026, 12:31:25 PM [32m    LOG[39m [38;5;3m[RouterExplorer] [39m[32mMapped {/atrasos/:id, PATCH} route[39m[38;5;3m +1ms[39m
[32m[Nest] 64005  - [39m04/13/2026, 12:31:25 PM [32m    LOG[39m [38;5;3m[RouterExplorer] [39m[32mMapped {/atrasos/:id, DELETE} route[39m[38;5;3m +0ms[39m
[32m[Nest] 64005  - [39m04/13/2026, 12:31:25 PM [32m    LOG[39m [38;5;3m[RoutesResolver] [39m[32mProcedimientosController {/procedimientos}:[39m[38;5;3m +0ms[39m
[32m[Nest] 64005  - [39m04/13/2026, 12:31:25 PM [32m    LOG[39m [38;5;3m[RouterExplorer] [39m[32mMapped {/procedimientos, POST} route[39m[38;5;3m +0ms[39m
[32m[Nest] 64005  - [39m04/13/2026, 12:31:25 PM [32m    LOG[39m [38;5;3m[RouterExplorer] [39m[32mMapped {/procedimientos, GET} route[39m[38;5;3m +0ms[39m
[32m[Nest] 64005  - [39m04/13/2026, 12:31:25 PM [32m    LOG[39m [38;5;3m[RouterExplorer] [39m[32mMapped {/procedimientos/:id, GET} route[39m[38;5;3m +0ms[39m
[32m[Nest] 64005  - [39m04/13/2026, 12:31:25 PM [32m    LOG[39m [38;5;3m[RouterExplorer] [39m[32mMapped {/procedimientos/:id, PATCH} route[39m[38;5;3m +0ms[39m
[32m[Nest] 64005  - [39m04/13/2026, 12:31:25 PM [32m    LOG[39m [38;5;3m[RouterExplorer] [39m[32mMapped {/procedimientos/:id, DELETE} route[39m[38;5;3m +0ms[39m
[32m[Nest] 64005  - [39m04/13/2026, 12:31:25 PM [32m    LOG[39m [38;5;3m[RoutesResolver] [39m[32mReportesController {/reportes}:[39m[38;5;3m +0ms[39m
[32m[Nest] 64005  - [39m04/13/2026, 12:31:25 PM [32m    LOG[39m [38;5;3m[RouterExplorer] [39m[32mMapped {/reportes/stats, GET} route[39m[38;5;3m +0ms[39m
[32m[Nest] 64005  - [39m04/13/2026, 12:31:25 PM [32m    LOG[39m [38;5;3m[RouterExplorer] [39m[32mMapped {/reportes/centros, GET} route[39m[38;5;3m +0ms[39m
[32m[Nest] 64005  - [39m04/13/2026, 12:31:25 PM [32m    LOG[39m [38;5;3m[NestApplication] [39m[32mNest application successfully started[39m[38;5;3m +34ms[39m
[31m[Nest] 64005  - [39m04/13/2026, 12:52:33 PM [31m  ERROR[39m [38;5;3m[ExceptionsHandler] [39mPrismaClientValidationError: 
Invalid `this.prisma.consolidado.findUnique()` invocation in
/Users/juanvidalp/Documents/REMUNERACIONES 2026/backend/src/consolidados/consolidados.service.ts:21:55

  18 }
  19 
  20 async findOne(id: number) {
→ 21   const consolidado = await this.prisma.consolidado.findUnique({
         where: {
       +   id: Int
         },
         include: {
           centro_salud: true,
           periodo: true,
           usuario_gestor: true,
           horas_extras: {
             include: {
               funcionario: true,
               programa: true
             }
           },
           turnos_urgencia: {
             include: {
               funcionario: true
             }
           },
           viaticos: {
             include: {
               funcionario: true
             }
           },
           atrasos: {
             include: {
               funcionario: true
             }
           },
           procedimientos: {
             include: {
               funcionario: true
             }
           }
         }
       })

Argument `id` is missing.
    at wn [90m(/Users/juanvidalp/Documents/REMUNERACIONES 2026/backend/[39mnode_modules/[4m@prisma[24m/client/runtime/library.js:29:1363[90m)[39m
    at $n.handleRequestError [90m(/Users/juanvidalp/Documents/REMUNERACIONES 2026/backend/[39mnode_modules/[4m@prisma[24m/client/runtime/library.js:121:6958[90m)[39m
    at $n.handleAndLogRequestError [90m(/Users/juanvidalp/Documents/REMUNERACIONES 2026/backend/[39mnode_modules/[4m@prisma[24m/client/runtime/library.js:121:6623[90m)[39m
    at $n.request [90m(/Users/juanvidalp/Documents/REMUNERACIONES 2026/backend/[39mnode_modules/[4m@prisma[24m/client/runtime/library.js:121:6307[90m)[39m
    at async l [90m(/Users/juanvidalp/Documents/REMUNERACIONES 2026/backend/[39mnode_modules/[4m@prisma[24m/client/runtime/library.js:130:9633[90m)[39m
    at async ConsolidadosService.findOne [90m(/Users/juanvidalp/Documents/REMUNERACIONES 2026/backend/[39msrc/consolidados/consolidados.service.ts:21:25[90m)[39m
    at async [90m/Users/juanvidalp/Documents/REMUNERACIONES 2026/backend/[39mnode_modules/[4m@nestjs[24m/core/router/router-execution-context.js:46:28
    at async [90m/Users/juanvidalp/Documents/REMUNERACIONES 2026/backend/[39mnode_modules/[4m@nestjs[24m/core/router/router-proxy.js:9:17 {
  clientVersion: [32m'5.22.0'[39m
}
[31m[Nest] 64005  - [39m04/13/2026, 12:52:33 PM [31m  ERROR[39m [38;5;3m[ExceptionsHandler] [39mPrismaClientValidationError: 
Invalid `this.prisma.consolidado.findUnique()` invocation in
/Users/juanvidalp/Documents/REMUNERACIONES 2026/backend/src/consolidados/consolidados.service.ts:21:55

  18 }
  19 
  20 async findOne(id: number) {
→ 21   const consolidado = await this.prisma.consolidado.findUnique({
         where: {
       +   id: Int
         },
         include: {
           centro_salud: true,
           periodo: true,
           usuario_gestor: true,
           horas_extras: {
             include: {
               funcionario: true,
               programa: true
             }
           },
           turnos_urgencia: {
             include: {
               funcionario: true
             }
           },
           viaticos: {
             include: {
               funcionario: true
             }
           },
           atrasos: {
             include: {
               funcionario: true
             }
           },
           procedimientos: {
             include: {
               funcionario: true
             }
           }
         }
       })

Argument `id` is missing.
    at wn [90m(/Users/juanvidalp/Documents/REMUNERACIONES 2026/backend/[39mnode_modules/[4m@prisma[24m/client/runtime/library.js:29:1363[90m)[39m
    at $n.handleRequestError [90m(/Users/juanvidalp/Documents/REMUNERACIONES 2026/backend/[39mnode_modules/[4m@prisma[24m/client/runtime/library.js:121:6958[90m)[39m
    at $n.handleAndLogRequestError [90m(/Users/juanvidalp/Documents/REMUNERACIONES 2026/backend/[39mnode_modules/[4m@prisma[24m/client/runtime/library.js:121:6623[90m)[39m
    at $n.request [90m(/Users/juanvidalp/Documents/REMUNERACIONES 2026/backend/[39mnode_modules/[4m@prisma[24m/client/runtime/library.js:121:6307[90m)[39m
    at async l [90m[2J[3J[H[[90m3:35:05 PM[0m] File change detected. Starting incremental compilation...

[96msrc/funcionarios/funcionarios.controller.ts[0m:[93m37[0m:[93m64[0m - [91merror[0m[90m TS2554: [0mExpected 1 arguments, but got 2.

[7m37[0m     return this.funcionariosService.importarExcel(file.buffer, isDryRun);
[7m  [0m [91m                                                               ~~~~~~~~[0m

[[90m3:35:07 PM[0m] Found 1 error. Watching for file changes.

[2J[3J[H[[90m3:36:52 PM[0m] File change detected. Starting incremental compilation...

[96msrc/funcionarios/funcionarios.controller.ts[0m:[93m15[0m:[93m37[0m - [91merror[0m[90m TS2339: [0mProperty 'create' does not exist on type 'FuncionariosService'.

[7m15[0m     return this.funcionariosService.create(createFuncionarioDto);
[7m  [0m [91m                                    ~~~~~~[0m

[96msrc/funcionarios/funcionarios.service.ts[0m:[93m44[0m:[93m38[0m - [91merror[0m[90m TS7006: [0mParameter 'h' implicitly has an 'any' type.

[7m44[0m     const rutIdx = headers.findIndex(h => h === 'run' || h === 'rut');
[7m  [0m [91m                                     ~[0m

[96msrc/funcionarios/funcionarios.service.ts[0m:[93m45[0m:[93m38[0m - [91merror[0m[90m TS7006: [0mParameter 'h' implicitly has an 'any' type.

[7m45[0m     const nomIdx = headers.findIndex(h => h === 'nombre');
[7m  [0m [91m                                     ~[0m

[96msrc/funcionarios/funcionarios.service.ts[0m:[93m46[0m:[93m38[0m - [91merror[0m[90m TS7006: [0mParameter 'h' implicitly has an 'any' type.

[7m46[0m     const apeIdx = headers.findIndex(h => h === 'apellido');
[7m  [0m [91m                                     ~[0m

[96msrc/funcionarios/funcionarios.service.ts[0m:[93m47[0m:[93m42[0m - [91merror[0m[90m TS7006: [0mParameter 'h' implicitly has an 'any' type.

[7m47[0m     const fullNomIdx = headers.findIndex(h => h.includes('nombre completo'));
[7m  [0m [91m                                         ~[0m

[96msrc/funcionarios/funcionarios.service.ts[0m:[93m48[0m:[93m38[0m - [91merror[0m[90m TS7006: [0mParameter 'h' implicitly has an 'any' type.

[7m48[0m     const catIdx = headers.findIndex(h => h === 'categoria');
[7m  [0m [91m                                     ~[0m

[96msrc/funcionarios/funcionarios.service.ts[0m:[93m49[0m:[93m38[0m - [91merror[0m[90m TS7006: [0mParameter 'h' implicitly has an 'any' type.

[7m49[0m     const nivIdx = headers.findIndex(h => h === 'nivel');
[7m  [0m [91m                                     ~[0m

[96msrc/funcionarios/funcionarios.service.ts[0m:[93m50[0m:[93m38[0m - [91merror[0m[90m TS7006: [0mParameter 'h' implicitly has an 'any' type.

[7m50[0m     const estIdx = headers.findIndex(h => h === 'establecimiento');
[7m  [0m [91m                                     ~[0m

[96msrc/funcionarios/funcionarios.service.ts[0m:[93m51[0m:[93m39[0m - [91merror[0m[90m TS7006: [0mParameter 'h' implicitly has an 'any' type.

[7m51[0m     const profIdx = headers.findIndex(h => h === 'titulo / especialidad' || h === 'profesion');
[7m  [0m [91m                                      ~[0m

[[90m3:36:52 PM[0m] Found 9 errors. Watching for file changes.

[2J[3J[H[[90m4:05:51 PM[0m] File change detected. Starting incremental compilation...

[[90m4:05:53 PM[0m] Found 0 errors. Watching for file changes.

[32m[Nest] 86161  - [39m04/13/2026, 4:05:53 PM [32m    LOG[39m [38;5;3m[NestFactory] [39m[32mStarting Nest application...[39m
[32m[Nest] 86161  - [39m04/13/2026, 4:05:53 PM [32m    LOG[39m [38;5;3m[InstanceLoader] [39m[32mPrismaModule dependencies initialized[39m[38;5;3m +14ms[39m
[32m[Nest] 86161  - [39m04/13/2026, 4:05:53 PM [32m    LOG[39m [38;5;3m[InstanceLoader] [39m[32mAppModule dependencies initialized[39m[38;5;3m +8ms[39m
[32m[Nest] 86161  - [39m04/13/2026, 4:05:53 PM [32m    LOG[39m [38;5;3m[InstanceLoader] [39m[32mReportesModule dependencies initialized[39m[38;5;3m +0ms[39m
[32m[Nest] 86161  - [39m04/13/2026, 4:05:53 PM [32m    LOG[39m [38;5;3m[InstanceLoader] [39m[32mCentrosSaludModule dependencies initialized[39m[38;5;3m +0ms[39m
[32m[Nest] 86161  - [39m04/13/2026, 4:05:53 PM [32m    LOG[39m [38;5;3m[InstanceLoader] [39m[32mUsuariosModule dependencies initialized[39m[38;5;3m +0ms[39m
[32m[Nest] 86161  - [39m04/13/2026, 4:05:53 PM [32m    LOG[39m [38;5;3m[InstanceLoader] [39m[32mProgramasModule dependencies initialized[39m[38;5;3m +0ms[39m
[32m[Nest] 86161  - [39m04/13/2026, 4:05:53 PM [32m    LOG[39m [38;5;3m[InstanceLoader] [39m[32mPeriodosModule dependencies initialized[39m[38;5;3m +0ms[39m
[32m[Nest] 86161  - [39m04/13/2026, 4:05:53 PM [32m    LOG[39m [38;5;3m[InstanceLoader] [39m[32mConsolidadosModule dependencies initialized[39m[38;5;3m +0ms[39m
[32m[Nest] 86161  - [39m04/13/2026, 4:05:53 PM [32m    LOG[39m [38;5;3m[InstanceLoader] [39m[32mTurnosUrgenciaModule dependencies initialized[39m[38;5;3m +0ms[39m
[32m[Nest] 86161  - [39m04/13/2026, 4:05:53 PM [32m    LOG[39m [38;5;3m[InstanceLoader] [39m[32mViaticosModule dependencies initialized[39m[38;5;3m +0ms[39m
[32m[Nest] 86161  - [39m04/13/2026, 4:05:53 PM [32m    LOG[39m [38;5;3m[InstanceLoader] [39m[32mAtrasosModule dependencies initialized[39m[38;5;3m +0ms[39m
[32m[Nest] 86161  - [39m04/13/2026, 4:05:53 PM [32m    LOG[39m [38;5;3m[InstanceLoader] [39m[32mProcedimientosModule dependencies initialized[39m[38;5;3m +0ms[39m
[32m[Nest] 86161  - [39m04/13/2026, 4:05:53 PM [32m    LOG[39m [38;5;3m[InstanceLoader] [39m[32mHorasExtrasModule dependencies initialized[39m[38;5;3m +0ms[39m
[32m[Nest] 86161  - [39m04/13/2026, 4:05:53 PM [32m    LOG[39m [38;5;3m[InstanceLoader] [39m[32mFuncionariosModule dependencies initialized[39m[38;5;3m +0ms[39m
[32m[Nest] 86161  - [39m04/13/2026, 4:05:53 PM [32m    LOG[39m [38;5;3m[InstanceLoader] [39m[32mAuditModule dependencies initialized[39m[38;5;3m +0ms[39m
[32m[Nest] 86161  - [39m04/13/2026, 4:05:53 PM [32m    LOG[39m [38;5;3m[RoutesResolver] [39m[32mAppController {/}:[39m[38;5;3m +3ms[39m
[32m[Nest] 86161  - [39m04/13/2026, 4:05:53 PM [32m    LOG[39m [38;5;3m[RouterExplorer] [39m[32mMapped {/, GET} route[39m[38;5;3m +1ms[39m
[32m[Nest] 86161  - [39m04/13/2026, 4:05:53 PM [32m    LOG[39m [38;5;3m[RouterExplorer] [39m[32mMapped {/debug-routes, GET} route[39m[38;5;3m +0ms[39m
[32m[Nest] 86161  - [39m04/13/2026, 4:05:53 PM [32m    LOG[39m [38;5;3m[RoutesResolver] [39m[32mCentrosSaludController {/centros-salud}:[39m[38;5;3m +0ms[39m
[32m[Nest] 86161  - [39m04/13/2026, 4:05:53 PM [32m    LOG[39m [38;5;3m[RouterExplorer] [39m[32mMapped {/centros-salud, POST} route[39m[38;5;3m +0ms[39m
[32m[Nest] 86161  - [39m04/13/2026, 4:05:53 PM [32m    LOG[39m [38;5;3m[RouterExplorer] [39m[32mMapped {/centros-salud, GET} route[39m[38;5;3m +0ms[39m
[32m[Nest] 86161  - [39m04/13/2026, 4:05:53 PM [32m    LOG[39m [38;5;3m[RouterExplorer] [39m[32mMapped {/centros-salud/:id, GET} route[39m[38;5;3m +1ms[39m
[32m[Nest] 86161  - [39m04/13/2026, 4:05:53 PM [32m    LOG[39m [38;5;3m[RouterExplorer] [39m[32mMapped {/centros-salud/:id, PATCH} route[39m[38;5;3m +0ms[39m
[32m[Nest] 86161  - [39m04/13/2026, 4:05:53 PM [32m    LOG[39m [38;5;3m[RouterExplorer] [39m[32mMapped {/centros-salud/:id, DELETE} route[39m[38;5;3m +0ms[39m
[32m[Nest] 86161  - [39m04/13/2026, 4:05:53 PM [32m    LOG[39m [38;5;3m[RoutesResolver] [39m[32mUsuariosController {/usuarios}:[39m[38;5;3m +0ms[39m
[32m[Nest] 86161  - [39m04/13/2026, 4:05:53 PM [32m    LOG[39m [38;5;3m[RouterExplorer] [39m[32mMapped {/usuarios, POST} route[39m[38;5;3m +0ms[39m
[32m[Nest] 86161  - [39m04/13/2026, 4:05:53 PM [32m    LOG[39m [38;5;3m[RouterExplorer] [39m[32mMapped {/usuarios, GET} route[39m[38;5;3m +0ms[39m
[32m[Nest] 86161  - [39m04/13/2026, 4:05:53 PM [32m    LOG[39m [38;5;3m[RouterExplorer] [39m[32mMapped {/usuarios/:id, GET} route[39m[38;5;3m +0ms[39m
[32m[Nest] 86161  - [39m04/13/2026, 4:05:53 PM [32m    LOG[39m [38;5;3m[RouterExplorer] [39m[32mMapped {/usuarios/:id, PATCH} route[39m[38;5;3m +0ms[39m
[32m[Nest] 86161  - [39m04/13/2026, 4:05:53 PM [32m    LOG[39m [38;5;3m[RouterExplorer] [39m[32mMapped {/usuarios/:id, DELETE} route[39m[38;5;3m +0ms[39m
[32m[Nest] 86161  - [39m04/13/2026, 4:05:53 PM [32m    LOG[39m [38;5;3m[RoutesResolver] [39m[32mProgramasController {/programas}:[39m[38;5;3m +0ms[39m
[32m[Nest] 86161  - [39m04/13/2026, 4:05:53 PM [32m    LOG[39m [38;5;3m[RouterExplorer] [39m[32mMapped {/programas, POST} route[39m[38;5;3m +0ms[39m
[32m[Nest] 86161  - [39m04/13/2026, 4:05:53 PM [32m    LOG[39m [38;5;3m[RouterExplorer] [39m[32mMapped {/programas, GET} route[39m[38;5;3m +0ms[39m
[32m[Nest] 86161  - [39m04/13/2026, 4:05:53 PM [32m    LOG[39m [38;5;3m[RouterExplorer] [39m[32mMapped {/programas/:id, GET} route[39m[38;5;3m +1ms[39m
[32m[Nest] 86161  - [39m04/13/2026, 4:05:53 PM [32m    LOG[39m [38;5;3m[RouterExplorer] [39m[32mMapped {/programas/:id, PATCH} route[39m[38;5;3m +0ms[39m
[32m[Nest] 86161  - [39m04/13/2026, 4:05:53 PM [32m    LOG[39m [38;5;3m[RouterExplorer] [39m[32mMapped {/programas/:id, DELETE} route[39m[38;5;3m +0ms[39m
[32m[Nest] 86161  - [39m04/13/2026, 4:05:53 PM [32m    LOG[39m [38;5;3m[RoutesResolver] [39m[32mFuncionariosController {/funcionarios}:[39m[38;5;3m +0ms[39m
[32m[Nest] 86161  - [39m04/13/2026, 4:05:53 PM [32m    LOG[39m [38;5;3m[RouterExplorer] [39m[32mMapped {/funcionarios, POST} route[39m[38;5;3m +0ms[39m
[32m[Nest] 86161  - [39m04/13/2026, 4:05:53 PM [32m    LOG[39m [38;5;3m[RouterExplorer] [39m[32mMapped {/funcionarios/importar, POST} route[39m[38;5;3m +0ms[39m
[32m[Nest] 86161  - [39m04/13/2026, 4:05:53 PM [32m    LOG[39m [38;5;3m[RouterExplorer] [39m[32mMapped {/funcionarios, GET} route[39m[38;5;3m +0ms[39m
[32m[Nest] 86161  - [39m04/13/2026, 4:05:53 PM [32m    LOG[39m [38;5;3m[RouterExplorer] [39m[32mMapped {/funcionarios/:rut, GET} route[39m[38;5;3m +0ms[39m
[32m[Nest] 86161  - [39m04/13/2026, 4:05:53 PM [32m    LOG[39m [38;5;3m[RouterExplorer] [39m[32mMapped {/funcionarios/:rut, PATCH} route[39m[38;5;3m +0ms[39m
[32m[Nest] 86161  - [39m04/13/2026, 4:05:53 PM [32m    LOG[39m [38;5;3m[RouterExplorer] [39m[32mMapped {/funcionarios/:rut, DELETE} route[39m[38;5;3m +0ms[39m
[32m[Nest] 86161  - [39m04/13/2026, 4:05:53 PM [32m    LOG[39m [38;5;3m[RoutesResolver] [39m[32mPeriodosController {/periodos}:[39m[38;5;3m +0ms[39m
[32m[Nest] 86161  - [39m04/13/2026, 4:05:53 PM [32m    LOG[39m [38;5;3m[RouterExplorer] [39m[32mMapped {/periodos, POST} route[39m[38;5;3m +0ms[39m
[32m[Nest] 86161  - [39m04/13/2026, 4:05:53 PM [32m    LOG[39m [38;5;3m[RouterExplorer] [39m[32mMapped {/periodos, GET} route[39m[38;5;3m +0ms[39m
[32m[Nest] 86161  - [39m04/13/2026, 4:05:53 PM [32m    LOG[39m [38;5;3m[RouterExplorer] [39m[32mMapped {/periodos/:id, GET} route[39m[38;5;3m +0ms[39m
[32m[Nest] 86161  - [39m04/13/2026, 4:05:53 PM [32m    LOG[39m [38;5;3m[RouterExplorer] [39m[32mMapped {/periodos/:id, PATCH} route[39m[38;5;3m +0ms[39m
[32m[Nest] 86161  - [39m04/13/2026, 4:05:53 PM [32m    LOG[39m [38;5;3m[RouterExplorer] [39m[32mMapped {/periodos/:id, DELETE} route[39m[38;5;3m +0ms[39m
[32m[Nest] 86161  - [39m04/13/2026, 4:05:53 PM [32m    LOG[39m [38;5;3m[RoutesResolver] [39m[32mConsolidadosController {/consolidados}:[39m[38;5;3m +0ms[39m
[32m[Nest] 86161  - [39m04/13/2026, 4:05:53 PM [32m    LOG[39m [38;5;3m[RouterExplorer] [39m[32mMapped {/consolidados, POST} route[39m[38;5;3m +0ms[39m
[32m[Nest] 86161  - [39m04/13/2026, 4:05:53 PM [32m    LOG[39m [38;5;3m[RouterExplorer] [39m[32mMapped {/consolidados, GET} route[39m[38;5;3m +0ms[39m
[32m[Nest] 86161  - [39m04/13/2026, 4:05:53 PM [32m    LOG[39m [38;5;3m[RouterExplorer] [39m[32mMapped {/consolidados/:id, GET} route[39m[38;5;3m +0ms[39m
[32m[Nest] 86161  - [39m04/13/2026, 4:05:53 PM [32m    LOG[39m [38;5;3m[RouterExplorer] [39m[32mMapped {/consolidados/:id, PATCH} route[39m[38;5;3m +0ms[39m
[32m[Nest] 86161  - [39m04/13/2026, 4:05:53 PM [32m    LOG[39m [38;5;3m[RouterExplorer] [39m[32mMapped {/consolidados/:id, DELETE} route[39m[38;5;3m +0ms[39m
[32m[Nest] 86161  - [39m04/13/2026, 4:05:53 PM [32m    LOG[39m [38;5;3m[RoutesResolver] [39m[32mHorasExtrasController {/horas-extras}:[39m[38;5;3m +0ms[39m
[32m[Nest] 86161  - [39m04/13/2026, 4:05:53 PM [32m    LOG[39m [38;5;3m[RouterExplorer] [39m[32mMapped {/horas-extras, POST} route[39m[38;5;3m +0ms[39m
[32m[Nest] 86161  - [39m04/13/2026, 4:05:53 PM [32m    LOG[39m [38;5;3m[RouterExplorer] [39m[32mMapped {/horas-extras, GET} route[39m[38;5;3m +0ms[39m
[32m[Nest] 86161  - [39m04/13/2026, 4:05:53 PM [32m    LOG[39m [38;5;3m[RouterExplorer] [39m[32mMapped {/horas-extras/:id, GET} route[39m[38;5;3m +0ms[39m
[32m[Nest] 86161  - [39m04/13/2026, 4:05:53 PM [32m    LOG[39m [38;5;3m[RouterExplorer] [39m[32mMapped {/horas-extras/:id, PATCH} route[39m[38;5;3m +0ms[39m
[32m[Nest] 86161  - [39m04/13/2026, 4:05:53 PM [32m    LOG[39m [38;5;3m[RouterExplorer] [39m[32mMapped {/horas-extras/bulk/:consolidadoId, PATCH} route[39m[38;5;3m +0ms[39m
[32m[Nest] 86161  - [39m04/13/2026, 4:05:53 PM [32m    LOG[39m [38;5;3m[RouterExplorer] [39m[32mMapped {/horas-extras/:id, DELETE} route[39m[38;5;3m +0ms[39m
[32m[Nest] 86161  - [39m04/13/2026, 4:05:53 PM [32m    LOG[39m [38;5;3m[RoutesResolver] [39m[32mAuditController {/audit}:[39m[38;5;3m +0ms[39m
[32m[Nest] 86161  - [39m04/13/2026, 4:05:53 PM [32m    LOG[39m [38;5;3m[RouterExplorer] [39m[32mMapped {/audit, GET} route[39m[38;5;3m +0ms[39m
[32m[Nest] 86161  - [39m04/13/2026, 4:05:53 PM [32m    LOG[39m [38;5;3m[RoutesResolver] [39m[32mTurnosUrgenciaController {/turnos-urgencia}:[39m[38;5;3m +1ms[39m
[32m[Nest] 86161  - [39m04/13/2026, 4:05:53 PM [32m    LOG[39m [38;5;3m[RouterExplorer] [39m[32mMapped {/turnos-urgencia, POST} route[39m[38;5;3m +0ms[39m
[32m[Nest] 86161  - [39m04/13/2026, 4:05:53 PM [32m    LOG[39m [38;5;3m[RouterExplorer] [39m[32mMapped {/turnos-urgencia, GET} route[39m[38;5;3m +0ms[39m
[32m[Nest] 86161  - [39m04/13/2026, 4:05:53 PM [32m    LOG[39m [38;5;3m[RouterExplorer] [39m[32mMapped {/turnos-urgencia/:id, GET} route[39m[38;5;3m +0ms[39m
[32m[Nest] 86161  - [39m04/13/2026, 4:05:53 PM [32m    LOG[39m [38;5;3m[RouterExplorer] [39m[32mMapped {/turnos-urgencia/:id, PATCH} route[39m[38;5;3m +0ms[39m
[32m[Nest] 86161  - [39m04/13/2026, 4:05:53 PM [32m    LOG[39m [38;5;3m[RouterExplorer] [39m[32mMapped {/turnos-urgencia/:id, DELETE} route[39m[38;5;3m +0ms[39m
[32m[Nest] 86161  - [39m04/13/2026, 4:05:53 PM [32m    LOG[39m [38;5;3m[RoutesResolver] [39m[32mViaticosController {/viaticos}:[39m[38;5;3m +0ms[39m
[32m[Nest] 86161  - [39m04/13/2026, 4:05:53 PM [32m    LOG[39m [38;5;3m[RouterExplorer] [39m[32mMapped {/viaticos, POST} route[39m[38;5;3m +0ms[39m
[32m[Nest] 86161  - [39m04/13/2026, 4:05:53 PM [32m    LOG[39m [38;5;3m[RouterExplorer] [39m[32mMapped {/viaticos, GET} route[39m[38;5;3m +0ms[39m
[32m[Nest] 86161  - [39m04/13/2026, 4:05:53 PM [32m    LOG[39m [38;5;3m[RouterExplorer] [39m[32mMapped {/viaticos/:id, GET} route[39m[38;5;3m +0ms[39m
[32m[Nest] 86161  - [39m04/13/2026, 4:05:53 PM [32m    LOG[39m [38;5;3m[RouterExplorer] [39m[32mMapped {/viaticos/:id, PATCH} route[39m[38;5;3m +0ms[39m
[32m[Nest] 86161  - [39m04/13/2026, 4:05:53 PM [32m    LOG[39m [38;5;3m[RouterExplorer] [39m[32mMapped {/viaticos/:id, DELETE} route[39m[38;5;3m +0ms[39m
[32m[Nest] 86161  - [39m04/13/2026, 4:05:53 PM [32m    LOG[39m [38;5;3m[RoutesResolver] [39m[32mAtrasosController {/atrasos}:[39m[38;5;3m +0ms[39m
[32m[Nest] 86161  - [39m04/13/2026, 4:05:53 PM [32m    LOG[39m [38;5;3m[RouterExplorer] [39m[32mMapped {/atrasos, POST} route[39m[38;5;3m +0ms[39m
[32m[Nest] 86161  - [39m04/13/2026, 4:05:53 PM [32m    LOG[39m [38;5;3m[RouterExplorer] [39m[32mMapped {/atrasos, GET} route[39m[38;5;3m +0ms[39m
[32m[Nest] 86161  - [39m04/13/2026, 4:05:53 PM [32m    LOG[39m [38;5;3m[RouterExplorer] [39m[32mMapped {/atrasos/:id, GET} route[39m[38;5;3m +0ms[39m
[32m[Nest] 86161  - [39m04/13/2026, 4:05:53 PM [32m    LOG[39m [38;5;3m[RouterExplorer] [39m[32mMapped {/atrasos/:id, PATCH} route[39m[38;5;3m +0ms[39m
[32m[Nest] 86161  - [39m04/13/2026, 4:05:53 PM [32m    LOG[39m [38;5;3m[RouterExplorer] [39m[32mMapped {/atrasos/:id, DELETE} route[39m[38;5;3m +0ms[39m
[32m[Nest] 86161  - [39m04/13/2026, 4:05:53 PM [32m    LOG[39m [38;5;3m[RoutesResolver] [39m[32mProcedimientosController {/procedimientos}:[39m[38;5;3m +0ms[39m
[32m[Nest] 86161  - [39m04/13/2026, 4:05:53 PM [32m    LOG[39m [38;5;3m[RouterExplorer] [39m[32mMapped {/procedimientos, POST} route[39m[38;5;3m +0ms[39m
[32m[Nest] 86161  - [39m04/13/2026, 4:05:53 PM [32m    LOG[39m [38;5;3m[RouterExplorer] [39m[32mMapped {/procedimientos, GET} route[39m[38;5;3m +0ms[39m
[32m[Nest] 86161  - [39m04/13/2026, 4:05:53 PM [32m    LOG[39m [38;5;3m[RouterExplorer] [39m[32mMapped {/procedimientos/:id, GET} route[39m[38;5;3m +0ms[39m
[32m[Nest] 86161  - [39m04/13/2026, 4:05:53 PM [32m    LOG[39m [38;5;3m[RouterExplorer] [39m[32mMapped {/procedimientos/:id, PATCH} route[39m[38;5;3m +0ms[39m
[32m[Nest] 86161  - [39m04/13/2026, 4:05:53 PM [32m    LOG[39m [38;5;3m[RouterExplorer] [39m[32mMapped {/procedimientos/:id, DELETE} route[39m[38;5;3m +0ms[39m
[32m[Nest] 86161  - [39m04/13/2026, 4:05:53 PM [32m    LOG[39m [38;5;3m[RoutesResolver] [39m[32mReportesController {/reportes}:[39m[38;5;3m +0ms[39m
[32m[Nest] 86161  - [39m04/13/2026, 4:05:53 PM [32m    LOG[39m [38;5;3m[RouterExplorer] [39m[32mMapped {/reportes/stats, GET} route[39m[38;5;3m +1ms[39m
[32m[Nest] 86161  - [39m04/13/2026, 4:05:53 PM [32m    LOG[39m [38;5;3m[RouterExplorer] [39m[32mMapped {/reportes/centros, GET} route[39m[38;5;3m +0ms[39m
[32m[Nest] 86161  - [39m04/13/2026, 4:05:53 PM [32m    LOG[39m [38;5;3m[NestApplication] [39m[32mNest application successfully started[39m[38;5;3m +34ms[39m
[2J[3J[H[[90m4:08:49 PM[0m] File change detected. Starting incremental compilation...

[[90m4:08:50 PM[0m] Found 0 errors. Watching for file changes.

[32m[Nest] 86486  - [39m04/13/2026, 4:08:51 PM [32m    LOG[39m [38;5;3m[NestFactory] [39m[32mStarting Nest application...[39m
[32m[Nest] 86486  - [39m04/13/2026, 4:08:51 PM [32m    LOG[39m [38;5;3m[InstanceLoader] [39m[32mPrismaModule dependencies initialized[39m[38;5;3m +11ms[39m
[32m[Nest] 86486  - [39m04/13/2026, 4:08:51 PM [32m    LOG[39m [38;5;3m[InstanceLoader] [39m[32mAppModule dependencies initialized[39m[38;5;3m +2ms[39m
[32m[Nest] 86486  - [39m04/13/2026, 4:08:51 PM [32m    LOG[39m [38;5;3m[InstanceLoader] [39m[32mReportesModule dependencies initialized[39m[38;5;3m +1ms[39m
[32m[Nest] 86486  - [39m04/13/2026, 4:08:51 PM [32m    LOG[39m [38;5;3m[InstanceLoader] [39m[32mCentrosSaludModule dependencies initialized[39m[38;5;3m +0ms[39m
[32m[Nest] 86486  - [39m04/13/2026, 4:08:51 PM [32m    LOG[39m [38;5;3m[InstanceLoader] [39m[32mUsuariosModule dependencies initialized[39m[38;5;3m +0ms[39m
[32m[Nest] 86486  - [39m04/13/2026, 4:08:51 PM [32m    LOG[39m [38;5;3m[InstanceLoader] [39m[32mProgramasModule dependencies initialized[39m[38;5;3m +0ms[39m
[32m[Nest] 86486  - [39m04/13/2026, 4:08:51 PM [32m    LOG[39m [38;5;3m[InstanceLoader] [39m[32mPeriodosModule dependencies initialized[39m[38;5;3m +0ms[39m
[32m[Nest] 86486  - [39m04/13/2026, 4:08:51 PM [32m    LOG[39m [38;5;3m[InstanceLoader] [39m[32mConsolidadosModule dependencies initialized[39m[38;5;3m +0ms[39m
[32m[Nest] 86486  - [39m04/13/2026, 4:08:51 PM [32m    LOG[39m [38;5;3m[InstanceLoader] [39m[32mTurnosUrgenciaModule dependencies initialized[39m[38;5;3m +0ms[39m
[32m[Nest] 86486  - [39m04/13/2026, 4:08:51 PM [32m    LOG[39m [38;5;3m[InstanceLoader] [39m[32mViaticosModule dependencies initialized[39m[38;5;3m +1ms[39m
[32m[Nest] 86486  - [39m04/13/2026, 4:08:51 PM [32m    LOG[39m [38;5;3m[InstanceLoader] [39m[32mAtrasosModule dependencies initialized[39m[38;5;3m +0ms[39m
[32m[Nest] 86486  - [39m04/13/2026, 4:08:51 PM [32m    LOG[39m [38;5;3m[InstanceLoader] [39m[32mProcedimientosModule dependencies initialized[39m[38;5;3m +0ms[39m
[32m[Nest] 86486  - [39m04/13/2026, 4:08:51 PM [32m    LOG[39m [38;5;3m[InstanceLoader] [39m[32mHorasExtrasModule dependencies initialized[39m[38;5;3m +0ms[39m
[32m[Nest] 86486  - [39m04/13/2026, 4:08:51 PM [32m    LOG[39m [38;5;3m[InstanceLoader] [39m[32mFuncionariosModule dependencies initialized[39m[38;5;3m +0ms[39m
[32m[Nest] 86486  - [39m04/13/2026, 4:08:51 PM [32m    LOG[39m [38;5;3m[InstanceLoader] [39m[32mAuditModule dependencies initialized[39m[38;5;3m +0ms[39m
[32m[Nest] 86486  - [39m04/13/2026, 4:08:51 PM [32m    LOG[39m [38;5;3m[RoutesResolver] [39m[32mAppController {/}:[39m[38;5;3m +5ms[39m
[32m[Nest] 86486  - [39m04/13/2026, 4:08:51 PM [32m    LOG[39m [38;5;3m[RouterExplorer] [39m[32mMapped {/, GET} route[39m[38;5;3m +1ms[39m
[32m[Nest] 86486  - [39m04/13/2026, 4:08:51 PM [32m    LOG[39m [38;5;3m[RouterExplorer] [39m[32mMapped {/debug-routes, GET} route[39m[38;5;3m +0ms[39m
[32m[Nest] 86486  - [39m04/13/2026, 4:08:51 PM [32m    LOG[39m [38;5;3m[RoutesResolver] [39m[32mCentrosSaludController {/centros-salud}:[39m[38;5;3m +0ms[39m
[32m[Nest] 86486  - [39m04/13/2026, 4:08:51 PM [32m    LOG[39m [38;5;3m[RouterExplorer] [39m[32mMapped {/centros-salud, POST} route[39m[38;5;3m +0ms[39m
[32m[Nest] 86486  - [39m04/13/2026, 4:08:51 PM [32m    LOG[39m [38;5;3m[RouterExplorer] [39m[32mMapped {/centros-salud, GET} route[39m[38;5;3m +0ms[39m
[32m[Nest] 86486  - [39m04/13/2026, 4:08:51 PM [32m    LOG[39m [38;5;3m[RouterExplorer] [39m[32mMapped {/centros-salud/:id, GET} route[39m[38;5;3m +0ms[39m
[32m[Nest] 86486  - [39m04/13/2026, 4:08:51 PM [32m    LOG[39m [38;5;3m[RouterExplorer] [39m[32mMapped {/centros-salud/:id, PATCH} route[39m[38;5;3m +1ms[39m
[32m[Nest] 86486  - [39m04/13/2026, 4:08:51 PM [32m    LOG[39m [38;5;3m[RouterExplorer] [39m[32mMapped {/centros-salud/:id, DELETE} route[39m[38;5;3m +0ms[39m
[32m[Nest] 86486  - [39m04/13/2026, 4:08:51 PM [32m    LOG[39m [38;5;3m[RoutesResolver] [39m[32mUsuariosController {/usuarios}:[39m[38;5;3m +0ms[39m
[32m[Nest] 86486  - [39m04/13/2026, 4:08:51 PM [32m    LOG[39m [38;5;3m[RouterExplorer] [39m[32mMapped {/usuarios, POST} route[39m[38;5;3m +1ms[39m
[32m[Nest] 86486  - [39m04/13/2026, 4:08:51 PM [32m    LOG[39m [38;5;3m[RouterExplorer] [39m[32mMapped {/usuarios, GET} route[39m[38;5;3m +0ms[39m
[32m[Nest] 86486  - [39m04/13/2026, 4:08:51 PM [32m    LOG[39m [38;5;3m[RouterExplorer] [39m[32mMapped {/usuarios/:id, GET} route[39m[38;5;3m +0ms[39m
[32m[Nest] 86486  - [39m04/13/2026, 4:08:51 PM [32m    LOG[39m [38;5;3m[RouterExplorer] [39m[32mMapped {/usuarios/:id, PATCH} route[39m[38;5;3m +1ms[39m
[32m[Nest] 86486  - [39m04/13/2026, 4:08:51 PM [32m    LOG[39m [38;5;3m[RouterExplorer] [39m[32mMapped {/usuarios/:id, DELETE} route[39m[38;5;3m +0ms[39m
[32m[Nest] 86486  - [39m04/13/2026, 4:08:51 PM [32m    LOG[39m [38;5;3m[RoutesResolver] [39m[32mProgramasController {/programas}:[39m[38;5;3m +0ms[39m
[32m[Nest] 86486  - [39m04/13/2026, 4:08:51 PM [32m    LOG[39m [38;5;3m[RouterExplorer] [39m[32mMapped {/programas, POST} route[39m[38;5;3m +0ms[39m
[32m[Nest] 86486  - [39m04/13/2026, 4:08:51 PM [32m    LOG[39m [38;5;3m[RouterExplorer] [39m[32mMapped {/programas, GET} route[39m[38;5;3m +0ms[39m
[32m[Nest] 86486  - [39m04/13/2026, 4:08:51 PM [32m    LOG[39m [38;5;3m[RouterExplorer] [39m[32mMapped {/programas/:id, GET} route[39m[38;5;3m +0ms[39m
[32m[Nest] 86486  - [39m04/13/2026, 4:08:51 PM [32m    LOG[39m [38;5;3m[RouterExplorer] [39m[32mMapped {/programas/:id, PATCH} route[39m[38;5;3m +0ms[39m
[32m[Nest] 86486  - [39m04/13/2026, 4:08:51 PM [32m    LOG[39m [38;5;3m[RouterExplorer] [39m[32mMapped {/programas/:id, DELETE} route[39m[38;5;3m +0ms[39m
[32m[Nest] 86486  - [39m04/13/2026, 4:08:51 PM [32m    LOG[39m [38;5;3m[RoutesResolver] [39m[32mFuncionariosController {/funcionarios}:[39m[38;5;3m +0ms[39m
[32m[Nest] 86486  - [39m04/13/2026, 4:08:51 PM [32m    LOG[39m [38;5;3m[RouterExplorer] [39m[32mMapped {/funcionarios, POST} route[39m[38;5;3m +0ms[39m
[32m[Nest] 86486  - [39m04/13/2026, 4:08:51 PM [32m    LOG[39m [38;5;3m[RouterExplorer] [39m[32mMapped {/funcionarios/importar, POST} route[39m[38;5;3m +0ms[39m
[32m[Nest] 86486  - [39m04/13/2026, 4:08:51 PM [32m    LOG[39m [38;5;3m[RouterExplorer] [39m[32mMapped {/funcionarios, GET} route[39m[38;5;3m +0ms[39m
[32m[Nest] 86486  - [39m04/13/2026, 4:08:51 PM [32m    LOG[39m [38;5;3m[RouterExplorer] [39m[32mMapped {/funcionarios/:rut, GET} route[39m[38;5;3m +0ms[39m
[32m[Nest] 86486  - [39m04/13/2026, 4:08:51 PM [32m    LOG[39m [38;5;3m[RouterExplorer] [39m[32mMapped {/funcionarios/:rut, PATCH} route[39m[38;5;3m +0ms[39m
[32m[Nest] 86486  - [39m04/13/2026, 4:08:51 PM [32m    LOG[39m [38;5;3m[RouterExplorer] [39m[32mMapped {/funcionarios/:rut, DELETE} route[39m[38;5;3m +0ms[39m
[32m[Nest] 86486  - [39m04/13/2026, 4:08:51 PM [32m    LOG[39m [38;5;3m[RoutesResolver] [39m[32mPeriodosController {/periodos}:[39m[38;5;3m +0ms[39m
[32m[Nest] 86486  - [39m04/13/2026, 4:08:51 PM [32m    LOG[39m [38;5;3m[RouterExplorer] [39m[32mMapped {/periodos, POST} route[39m[38;5;3m +0ms[39m
[32m[Nest] 86486  - [39m04/13/2026, 4:08:51 PM [32m    LOG[39m [38;5;3m[RouterExplorer] [39m[32mMapped {/periodos, GET} route[39m[38;5;3m +0ms[39m
[32m[Nest] 86486  - [39m04/13/2026, 4:08:51 PM [32m    LOG[39m [38;5;3m[RouterExplorer] [39m[32mMapped {/periodos/:id, GET} route[39m[38;5;3m +0ms[39m
[32m[Nest] 86486  - [39m04/13/2026, 4:08:51 PM [32m    LOG[39m [38;5;3m[RouterExplorer] [39m[32mMapped {/periodos/:id, PATCH} route[39m[38;5;3m +0ms[39m
[32m[Nest] 86486  - [39m04/13/2026, 4:08:51 PM [32m    LOG[39m [38;5;3m[RouterExplorer] [39m[32mMapped {/periodos/:id, DELETE} route[39m[38;5;3m +0ms[39m
[32m[Nest] 86486  - [39m04/13/2026, 4:08:51 PM [32m    LOG[39m [38;5;3m[RoutesResolver] [39m[32mConsolidadosController {/consolidados}:[39m[38;5;3m +0ms[39m
[32m[Nest] 86486  - [39m04/13/2026, 4:08:51 PM [32m    LOG[39m [38;5;3m[RouterExplorer] [39m[32mMapped {/consolidados, POST} route[39m[38;5;3m +1ms[39m
[32m[Nest] 86486  - [39m04/13/2026, 4:08:51 PM [32m    LOG[39m [38;5;3m[RouterExplorer] [39m[32mMapped {/consolidados, GET} route[39m[38;5;3m +0ms[39m
[32m[Nest] 86486  - [39m04/13/2026, 4:08:51 PM [32m    LOG[39m [38;5;3m[RouterExplorer] [39m[32mMapped {/consolidados/:id, GET} route[39m[38;5;3m +0ms[39m
[32m[Nest] 86486  - [39m04/13/2026, 4:08:51 PM [32m    LOG[39m [38;5;3m[RouterExplorer] [39m[32mMapped {/consolidados/:id, PATCH} route[39m[38;5;3m +0ms[39m
[32m[Nest] 86486  - [39m04/13/2026, 4:08:51 PM [32m    LOG[39m [38;5;3m[RouterExplorer] [39m[32mMapped {/consolidados/:id, DELETE} route[39m[38;5;3m +0ms[39m
[32m[Nest] 86486  - [39m04/13/2026, 4:08:51 PM [32m    LOG[39m [38;5;3m[RoutesResolver] [39m[32mHorasExtrasController {/horas-extras}:[39m[38;5;3m +0ms[39m
[32m[Nest] 86486  - [39m04/13/2026, 4:08:51 PM [32m    LOG[39m [38;5;3m[RouterExplorer] [39m[32mMapped {/horas-extras, POST} route[39m[38;5;3m +0ms[39m
[32m[Nest] 86486  - [39m04/13/2026, 4:08:51 PM [32m    LOG[39m [38;5;3m[RouterExplorer] [39m[32mMapped {/horas-extras, GET} route[39m[38;5;3m +1ms[39m
[32m[Nest] 86486  - [39m04/13/2026, 4:08:51 PM [32m    LOG[39m [38;5;3m[RouterExplorer] [39m[32mMapped {/horas-extras/:id, GET} route[39m[38;5;3m +0ms[39m
[32m[Nest] 86486  - [39m04/13/2026, 4:08:51 PM [32m    LOG[39m [38;5;3m[RouterExplorer] [39m[32mMapped {/horas-extras/:id, PATCH} route[39m[38;5;3m +0ms[39m
[32m[Nest] 86486  - [39m04/13/2026, 4:08:51 PM [32m    LOG[39m [38;5;3m[RouterExplorer] [39m[32mMapped {/horas-extras/bulk/:consolidadoId, PATCH} route[39m[38;5;3m +0ms[39m
[32m[Nest] 86486  - [39m04/13/2026, 4:08:51 PM [32m    LOG[39m [38;5;3m[RouterExplorer] [39m[32mMapped {/horas-extras/:id, DELETE} route[39m[38;5;3m +0ms[39m
[32m[Nest] 86486  - [39m04/13/2026, 4:08:51 PM [32m    LOG[39m [38;5;3m[RoutesResolver] [39m[32mAuditController {/audit}:[39m[38;5;3m +0ms[39m
[32m[Nest] 86486  - [39m04/13/2026, 4:08:51 PM [32m    LOG[39m [38;5;3m[RouterExplorer] [39m[32mMapped {/audit, GET} route[39m[38;5;3m +0ms[39m
[32m[Nest] 86486  - [39m04/13/2026, 4:08:51 PM [32m    LOG[39m [38;5;3m[RoutesResolver] [39m[32mTurnosUrgenciaController {/turnos-urgencia}:[39m[38;5;3m +0ms[39m
[32m[Nest] 86486  - [39m04/13/2026, 4:08:51 PM [32m    LOG[39m [38;5;3m[RouterExplorer] [39m[32mMapped {/turnos-urgencia, POST} route[39m[38;5;3m +1ms[39m
[32m[Nest] 86486  - [39m04/13/2026, 4:08:51 PM [32m    LOG[39m [38;5;3m[RouterExplorer] [39m[32mMapped {/turnos-urgencia, GET} route[39m[38;5;3m +0ms[39m
[32m[Nest] 86486  - [39m04/13/2026, 4:08:51 PM [32m    LOG[39m [38;5;3m[RouterExplorer] [39m[32mMapped {/turnos-urgencia/:id, GET} route[39m[38;5;3m +0ms[39m
[32m[Nest] 86486  - [39m04/13/2026, 4:08:51 PM [32m    LOG[39m [38;5;3m[RouterExplorer] [39m[32mMapped {/turnos-urgencia/:id, PATCH} route[39m[38;5;3m +0ms[39m
[32m[Nest] 86486  - [39m04/13/2026, 4:08:51 PM [32m    LOG[39m [38;5;3m[RouterExplorer] [39m[32mMapped {/turnos-urgencia/:id, DELETE} route[39m[38;5;3m +0ms[39m
[32m[Nest] 86486  - [39m04/13/2026, 4:08:51 PM [32m    LOG[39m [38;5;3m[RoutesResolver] [39m[32mViaticosController {/viaticos}:[39m[38;5;3m +0ms[39m
[32m[Nest] 86486  - [39m04/13/2026, 4:08:51 PM [32m    LOG[39m [38;5;3m[RouterExplorer] [39m[32mMapped {/viaticos, POST} route[39m[38;5;3m +1ms[39m
[32m[Nest] 86486  - [39m04/13/2026, 4:08:51 PM [32m    LOG[39m [38;5;3m[RouterExplorer] [39m[32mMapped {/viaticos, GET} route[39m[38;5;3m +0ms[39m
[32m[Nest] 86486  - [39m04/13/2026, 4:08:51 PM [32m    LOG[39m [38;5;3m[RouterExplorer] [39m[32mMapped {/viaticos/:id, GET} route[39m[38;5;3m +0ms[39m
[32m[Nest] 86486  - [39m04/13/2026, 4:08:51 PM [32m    LOG[39m [38;5;3m[RouterExplorer] [39m[32mMapped {/viaticos/:id, PATCH} route[39m[38;5;3m +0ms[39m
[32m[Nest] 86486  - [39m04/13/2026, 4:08:51 PM [32m    LOG[39m [38;5;3m[RouterExplorer] [39m[32mMapped {/viaticos/:id, DELETE} route[39m[38;5;3m +0ms[39m
[32m[Nest] 86486  - [39m04/13/2026, 4:08:51 PM [32m    LOG[39m [38;5;3m[RoutesResolver] [39m[32mAtrasosController {/atrasos}:[39m[38;5;3m +0ms[39m
[32m[Nest] 86486  - [39m04/13/2026, 4:08:51 PM [32m    LOG[39m [38;5;3m[RouterExplorer] [39m[32mMapped {/atrasos, POST} route[39m[38;5;3m +0ms[39m
[32m[Nest] 86486  - [39m04/13/2026, 4:08:51 PM [32m    LOG[39m [38;5;3m[RouterExplorer] [39m[32mMapped {/atrasos, GET} route[39m[38;5;3m +0ms[39m
[32m[Nest] 86486  - [39m04/13/2026, 4:08:51 PM [32m    LOG[39m [38;5;3m[RouterExplorer] [39m[32mMapped {/atrasos/:id, GET} route[39m[38;5;3m +0ms[39m
[32m[Nest] 86486  - [39m04/13/2026, 4:08:51 PM [32m    LOG[39m [38;5;3m[RouterExplorer] [39m[32mMapped {/atrasos/:id, PATCH} route[39m[38;5;3m +0ms[39m
[32m[Nest] 86486  - [39m04/13/2026, 4:08:51 PM [32m    LOG[39m [38;5;3m[RouterExplorer] [39m[32mMapped {/atrasos/:id, DELETE} route[39m[38;5;3m +1ms[39m
[32m[Nest] 86486  - [39m04/13/2026, 4:08:51 PM [32m    LOG[39m [38;5;3m[RoutesResolver] [39m[32mProcedimientosController {/procedimientos}:[39m[38;5;3m +0ms[39m
[32m[Nest] 86486  - [39m04/13/2026, 4:08:51 PM [32m    LOG[39m [38;5;3m[RouterExplorer] [39m[32mMapped {/procedimientos, POST} route[39m[38;5;3m +0ms[39m
[32m[Nest] 86486  - [39m04/13/2026, 4:08:51 PM [32m    LOG[39m [38;5;3m[RouterExplorer] [39m[32mMapped {/procedimientos, GET} route[39m[38;5;3m +0ms[39m
[32m[Nest] 86486  - [39m04/13/2026, 4:08:51 PM [32m    LOG[39m [38;5;3m[RouterExplorer] [39m[32mMapped {/procedimientos/:id, GET} route[39m[38;5;3m +0ms[39m
[32m[Nest] 86486  - [39m04/13/2026, 4:08:51 PM [32m    LOG[39m [38;5;3m[RouterExplorer] [39m[32mMapped {/procedimientos/:id, PATCH} route[39m[38;5;3m +0ms[39m
[32m[Nest] 86486  - [39m04/13/2026, 4:08:51 PM [32m    LOG[39m [38;5;3m[RouterExplorer] [39m[32mMapped {/procedimientos/:id, DELETE} route[39m[38;5;3m +0ms[39m
[32m[Nest] 86486  - [39m04/13/2026, 4:08:51 PM [32m    LOG[39m [38;5;3m[RoutesResolver] [39m[32mReportesController {/reportes}:[39m[38;5;3m +0ms[39m
[32m[Nest] 86486  - [39m04/13/2026, 4:08:51 PM [32m    LOG[39m [38;5;3m[RouterExplorer] [39m[32mMapped {/reportes/stats, GET} route[39m[38;5;3m +1ms[39m
[32m[Nest] 86486  - [39m04/13/2026, 4:08:51 PM [32m    LOG[39m [38;5;3m[RouterExplorer] [39m[32mMapped {/reportes/centros, GET} route[39m[38;5;3m +0ms[39m
[32m[Nest] 86486  - [39m04/13/2026, 4:08:51 PM [32m    LOG[39m [38;5;3m[NestApplication] [39m[32mNest application successfully started[39m[38;5;3m +29ms[39m
[31m[Nest] 86486  - [39m04/13/2026, 4:08:51 PM [31m  ERROR[39m [38;5;3m[NestApplication] [39m[31mError: listen EADDRINUSE: address already in use :::3000[39m[38;5;3m +1ms[39m
node:net:1937
    const ex = new UVExceptionWithHostPort(err, 'listen', address, port);
               ^

Error: listen EADDRINUSE: address already in use :::3000
    at Server.setupListenHandle [as _listen2] (node:net:1937:16)
    at listenInCluster (node:net:1994:12)
    at Server.listen (node:net:2099:7)
    at ExpressAdapter.listen (/Users/juanvidalp/Documents/REMUNERACIONES 2026/backend/node_modules/@nestjs/platform-express/adapters/express-adapter.js:115:32)
    at /Users/juanvidalp/Documents/REMUNERACIONES 2026/backend/node_modules/@nestjs/core/nest-application.js:188:30
    at new Promise (<anonymous>)
    at NestApplication.listen (/Users/juanvidalp/Documents/REMUNERACIONES 2026/backend/node_modules/@nestjs/core/nest-application.js:178:16)
    at async bootstrap (/Users/juanvidalp/Documents/REMUNERACIONES 2026/backend/src/main.ts:21:3) {
  code: 'EADDRINUSE',
  errno: -48,
  syscall: 'listen',
  address: '::',
  port: 3000
}

Node.js v22.14.0
[2J[3J[H[[90m4:10:10 PM[0m] File change detected. Starting incremental compilation...

[[90m4:10:11 PM[0m] Found 0 errors. Watching for file changes.

[32m[Nest] 86634  - [39m04/13/2026, 4:10:12 PM [32m    LOG[39m [38;5;3m[NestFactory] [39m[32mStarting Nest application...[39m
[32m[Nest] 86634  - [39m04/13/2026, 4:10:12 PM [32m    LOG[39m [38;5;3m[InstanceLoader] [39m[32mPrismaModule dependencies initialized[39m[38;5;3m +25ms[39m
[32m[Nest] 86634  - [39m04/13/2026, 4:10:12 PM [32m    LOG[39m [38;5;3m[InstanceLoader] [39m[32mAppModule dependencies initialized[39m[38;5;3m +4ms[39m
[32m[Nest] 86634  - [39m04/13/2026, 4:10:12 PM [32m    LOG[39m [38;5;3m[InstanceLoader] [39m[32mReportesModule dependencies initialized[39m[38;5;3m +0ms[39m
[32m[Nest] 86634  - [39m04/13/2026, 4:10:12 PM [32m    LOG[39m [38;5;3m[InstanceLoader] [39m[32mCentrosSaludModule dependencies initialized[39m[38;5;3m +0ms[39m
[32m[Nest] 86634  - [39m04/13/2026, 4:10:12 PM [32m    LOG[39m [38;5;3m[InstanceLoader] [39m[32mUsuariosModule dependencies initialized[39m[38;5;3m +0ms[39m
[32m[Nest] 86634  - [39m04/13/2026, 4:10:12 PM [32m    LOG[39m [38;5;3m[InstanceLoader] [39m[32mProgramasModule dependencies initialized[39m[38;5;3m +0ms[39m
[32m[Nest] 86634  - [39m04/13/2026, 4:10:12 PM [32m    LOG[39m [38;5;3m[InstanceLoader] [39m[32mPeriodosModule dependencies initialized[39m[38;5;3m +0ms[39m
[32m[Nest] 86634  - [39m04/13/2026, 4:10:12 PM [32m    LOG[39m [38;5;3m[InstanceLoader] [39m[32mConsolidadosModule dependencies initialized[39m[38;5;3m +0ms[39m
[32m[Nest] 86634  - [39m04/13/2026, 4:10:12 PM [32m    LOG[39m [38;5;3m[InstanceLoader] [39m[32mTurnosUrgenciaModule dependencies initialized[39m[38;5;3m +1ms[39m
[32m[Nest] 86634  - [39m04/13/2026, 4:10:12 PM [32m    LOG[39m [38;5;3m[InstanceLoader] [39m[32mViaticosModule dependencies initialized[39m[38;5;3m +0ms[39m
[32m[Nest] 86634  - [39m04/13/2026, 4:10:12 PM [32m    LOG[39m [38;5;3m[InstanceLoader] [39m[32mAtrasosModule dependencies initialized[39m[38;5;3m +0ms[39m
[32m[Nest] 86634  - [39m04/13/2026, 4:10:12 PM [32m    LOG[39m [38;5;3m[InstanceLoader] [39m[32mProcedimientosModule dependencies initialized[39m[38;5;3m +0ms[39m
[32m[Nest] 86634  - [39m04/13/2026, 4:10:12 PM [32m    LOG[39m [38;5;3m[InstanceLoader] [39m[32mHorasExtrasModule dependencies initialized[39m[38;5;3m +0ms[39m
[32m[Nest] 86634  - [39m04/13/2026, 4:10:12 PM [32m    LOG[39m [38;5;3m[InstanceLoader] [39m[32mFuncionariosModule dependencies initialized[39m[38;5;3m +0ms[39m
[32m[Nest] 86634  - [39m04/13/2026, 4:10:12 PM [32m    LOG[39m [38;5;3m[InstanceLoader] [39m[32mAuditModule dependencies initialized[39m[38;5;3m +0ms[39m
[32m[Nest] 86634  - [39m04/13/2026, 4:10:12 PM [32m    LOG[39m [38;5;3m[RoutesResolver] [39m[32mAppController {/}:[39m[38;5;3m +11ms[39m
[32m[Nest] 86634  - [39m04/13/2026, 4:10:12 PM [32m    LOG[39m [38;5;3m[RouterExplorer] [39m[32mMapped {/, GET} route[39m[38;5;3m +4ms[39m
[32m[Nest] 86634  - [39m04/13/2026, 4:10:12 PM [32m    LOG[39m [38;5;3m[RouterExplorer] [39m[32mMapped {/debug-routes, GET} route[39m[38;5;3m +1ms[39m
[32m[Nest] 86634  - [39m04/13/2026, 4:10:12 PM [32m    LOG[39m [38;5;3m[RoutesResolver] [39m[32mCentrosSaludController {/centros-salud}:[39m[38;5;3m +0ms[39m
[32m[Nest] 86634  - [39m04/13/2026, 4:10:12 PM [32m    LOG[39m [38;5;3m[RouterExplorer] [39m[32mMapped {/centros-salud, POST} route[39m[38;5;3m +0ms[39m
[32m[Nest] 86634  - [39m04/13/2026, 4:10:12 PM [32m    LOG[39m [38;5;3m[RouterExplorer] [39m[32mMapped {/centros-salud, GET} route[39m[38;5;3m +1ms[39m
[32m[Nest] 86634  - [39m04/13/2026, 4:10:12 PM [32m    LOG[39m [38;5;3m[RouterExplorer] [39m[32mMapped {/centros-salud/:id, GET} route[39m[38;5;3m +0ms[39m
[32m[Nest] 86634  - [39m04/13/2026, 4:10:12 PM [32m    LOG[39m [38;5;3m[RouterExplorer] [39m[32mMapped {/centros-salud/:id, PATCH} route[39m[38;5;3m +1ms[39m
[32m[Nest] 86634  - [39m04/13/2026, 4:10:12 PM [32m    LOG[39m [38;5;3m[RouterExplorer] [39m[32mMapped {/centros-salud/:id, DELETE} route[39m[38;5;3m +0ms[39m
[32m[Nest] 86634  - [39m04/13/2026, 4:10:12 PM [32m    LOG[39m [38;5;3m[RoutesResolver] [39m[32mUsuariosController {/usuarios}:[39m[38;5;3m +0ms[39m
[32m[Nest] 86634  - [39m04/13/2026, 4:10:12 PM [32m    LOG[39m [38;5;3m[RouterExplorer] [39m[32mMapped {/usuarios, POST} route[39m[38;5;3m +0ms[39m
[32m[Nest] 86634  - [39m04/13/2026, 4:10:12 PM [32m    LOG[39m [38;5;3m[RouterExplorer] [39m[32mMapped {/usuarios, GET} route[39m[38;5;3m +0ms[39m
[32m[Nest] 86634  - [39m04/13/2026, 4:10:12 PM [32m    LOG[39m [38;5;3m[RouterExplorer] [39m[32mMapped {/usuarios/:id, GET} route[39m[38;5;3m +0ms[39m
[32m[Nest] 86634  - [39m04/13/2026, 4:10:12 PM [32m    LOG[39m [38;5;3m[RouterExplorer] [39m[32mMapped {/usuarios/:id, PATCH} route[39m[38;5;3m +0ms[39m
[32m[Nest] 86634  - [39m04/13/2026, 4:10:12 PM [32m    LOG[39m [38;5;3m[RouterExplorer] [39m[32mMapped {/usuarios/:id, DELETE} route[39m[38;5;3m +1ms[39m
[32m[Nest] 86634  - [39m04/13/2026, 4:10:12 PM [32m    LOG[39m [38;5;3m[RoutesResolver] [39m[32mProgramasController {/programas}:[39m[38;5;3m +0ms[39m
[32m[Nest] 86634  - [39m04/13/2026, 4:10:12 PM [32m    LOG[39m [38;5;3m[RouterExplorer] [39m[32mMapped {/programas, POST} route[39m[38;5;3m +0ms[39m
[32m[Nest] 86634  - [39m04/13/2026, 4:10:12 PM [32m    LOG[39m [38;5;3m[RouterExplorer] [39m[32mMapped {/programas, GET} route[39m[38;5;3m +0ms[39m
[32m[Nest] 86634  - [39m04/13/2026, 4:10:12 PM [32m    LOG[39m [38;5;3m[RouterExplorer] [39m[32mMapped {/programas/:id, GET} route[39m[38;5;3m +0ms[39m
[32m[Nest] 86634  - [39m04/13/2026, 4:10:12 PM [32m    LOG[39m [38;5;3m[RouterExplorer] [39m[32mMapped {/programas/:id, PATCH} route[39m[38;5;3m +0ms[39m
[32m[Nest] 86634  - [39m04/13/2026, 4:10:12 PM [32m    LOG[39m [38;5;3m[RouterExplorer] [39m[32mMapped {/programas/:id, DELETE} route[39m[38;5;3m +2ms[39m
[32m[Nest] 86634  - [39m04/13/2026, 4:10:12 PM [32m    LOG[39m [38;5;3m[RoutesResolver] [39m[32mFuncionariosController {/funcionarios}:[39m[38;5;3m +0ms[39m
[32m[Nest] 86634  - [39m04/13/2026, 4:10:12 PM [32m    LOG[39m [38;5;3m[RouterExplorer] [39m[32mMapped {/funcionarios, POST} route[39m[38;5;3m +3ms[39m
[32m[Nest] 86634  - [39m04/13/2026, 4:10:12 PM [32m    LOG[39m [38;5;3m[RouterExplorer] [39m[32mMapped {/funcionarios/importar, POST} route[39m[38;5;3m +0ms[39m
[32m[Nest] 86634  - [39m04/13/2026, 4:10:12 PM [32m    LOG[39m [38;5;3m[RouterExplorer] [39m[32mMapped {/funcionarios, GET} route[39m[38;5;3m +0ms[39m
[32m[Nest] 86634  - [39m04/13/2026, 4:10:12 PM [32m    LOG[39m [38;5;3m[RouterExplorer] [39m[32mMapped {/funcionarios/:rut, GET} route[39m[38;5;3m +1ms[39m
[32m[Nest] 86634  - [39m04/13/2026, 4:10:12 PM [32m    LOG[39m [38;5;3m[RouterExplorer] [39m[32mMapped {/funcionarios/:rut, PATCH} route[39m[38;5;3m +2ms[39m
[32m[Nest] 86634  - [39m04/13/2026, 4:10:12 PM [32m    LOG[39m [38;5;3m[RouterExplorer] [39m[32mMapped {/funcionarios/:rut, DELETE} route[39m[38;5;3m +0ms[39m
[32m[Nest] 86634  - [39m04/13/2026, 4:10:12 PM [32m    LOG[39m [38;5;3m[RoutesResolver] [39m[32mPeriodosController {/periodos}:[39m[38;5;3m +0ms[39m
[32m[Nest] 86634  - [39m04/13/2026, 4:10:12 PM [32m    LOG[39m [38;5;3m[RouterExplorer] [39m[32mMapped {/periodos, POST} route[39m[38;5;3m +0ms[39m
[32m[Nest] 86634  - [39m04/13/2026, 4:10:12 PM [32m    LOG[39m [38;5;3m[RouterExplorer] [39m[32mMapped {/periodos, GET} route[39m[38;5;3m +0ms[39m
[32m[Nest] 86634  - [39m04/13/2026, 4:10:12 PM [32m    LOG[39m [38;5;3m[RouterExplorer] [39m[32mMapped {/periodos/:id, GET} route[39m[38;5;3m +0ms[39m
[32m[Nest] 86634  - [39m04/13/2026, 4:10:12 PM [32m    LOG[39m [38;5;3m[RouterExplorer] [39m[32mMapped {/periodos/:id, PATCH} route[39m[38;5;3m +0ms[39m
[32m[Nest] 86634  - [39m04/13/2026, 4:10:12 PM [32m    LOG[39m [38;5;3m[RouterExplorer] [39m[32mMapped {/periodos/:id, DELETE} route[39m[38;5;3m +0ms[39m
[32m[Nest] 86634  - [39m04/13/2026, 4:10:12 PM [32m    LOG[39m [38;5;3m[RoutesResolver] [39m[32mConsolidadosController {/consolidados}:[39m[38;5;3m +0ms[39m
[32m[Nest] 86634  - [39m04/13/2026, 4:10:12 PM [32m    LOG[39m [38;5;3m[RouterExplorer] [39m[32mMapped {/consolidados, POST} route[39m[38;5;3m +1ms[39m
[32m[Nest] 86634  - [39m04/13/2026, 4:10:12 PM [32m    LOG[39m [38;5;3m[RouterExplorer] [39m[32mMapped {/consolidados, GET} route[39m[38;5;3m +0ms[39m
[32m[Nest] 86634  - [39m04/13/2026, 4:10:12 PM [32m    LOG[39m [38;5;3m[RouterExplorer] [39m[32mMapped {/consolidados/:id, GET} route[39m[38;5;3m +0ms[39m
[32m[Nest] 86634  - [39m04/13/2026, 4:10:12 PM [32m    LOG[39m [38;5;3m[RouterExplorer] [39m[32mMapped {/consolidados/:id, PATCH} route[39m[38;5;3m +0ms[39m
[32m[Nest] 86634  - [39m04/13/2026, 4:10:12 PM [32m    LOG[39m [38;5;3m[RouterExplorer] [39m[32mMapped {/consolidados/:id, DELETE} route[39m[38;5;3m +0ms[39m
[32m[Nest] 86634  - [39m04/13/2026, 4:10:12 PM [32m    LOG[39m [38;5;3m[RoutesResolver] [39m[32mHorasExtrasController {/horas-extras}:[39m[38;5;3m +0ms[39m
[32m[Nest] 86634  - [39m04/13/2026, 4:10:12 PM [32m    LOG[39m [38;5;3m[RouterExplorer] [39m[32mMapped {/horas-extras, POST} route[39m[38;5;3m +0ms[39m
[32m[Nest] 86634  - [39m04/13/2026, 4:10:12 PM [32m    LOG[39m [38;5;3m[RouterExplorer] [39m[32mMapped {/horas-extras, GET} route[39m[38;5;3m +0ms[39m
[32m[Nest] 86634  - [39m04/13/2026, 4:10:12 PM [32m    LOG[39m [38;5;3m[RouterExplorer] [39m[32mMapped {/horas-extras/:id, GET} route[39m[38;5;3m +0ms[39m
[32m[Nest] 86634  - [39m04/13/2026, 4:10:12 PM [32m    LOG[39m [38;5;3m[RouterExplorer] [39m[32mMapped {/horas-extras/:id, PATCH} route[39m[38;5;3m +1ms[39m
[32m[Nest] 86634  - [39m04/13/2026, 4:10:12 PM [32m    LOG[39m [38;5;3m[RouterExplorer] [39m[32mMapped {/horas-extras/bulk/:consolidadoId, PATCH} route[39m[38;5;3m +0ms[39m
[32m[Nest] 86634  - [39m04/13/2026, 4:10:12 PM [32m    LOG[39m [38;5;3m[RouterExplorer] [39m[32mMapped {/horas-extras/:id, DELETE} route[39m[38;5;3m +0ms[39m
[32m[Nest] 86634  - [39m04/13/2026, 4:10:12 PM [32m    LOG[39m [38;5;3m[RoutesResolver] [39m[32mAuditController {/audit}:[39m[38;5;3m +0ms[39m
[32m[Nest] 86634  - [39m04/13/2026, 4:10:12 PM [32m    LOG[39m [38;5;3m[RouterExplorer] [39m[32mMapped {/audit, GET} route[39m[38;5;3m +0ms[39m
[32m[Nest] 86634  - [39m04/13/2026, 4:10:12 PM [32m    LOG[39m [38;5;3m[RoutesResolver] [39m[32mTurnosUrgenciaController {/turnos-urgencia}:[39m[38;5;3m +0ms[39m
[32m[Nest] 86634  - [39m04/13/2026, 4:10:12 PM [32m    LOG[39m [38;5;3m[RouterExplorer] [39m[32mMapped {/turnos-urgencia, POST} route[39m[38;5;3m +0ms[39m
[32m[Nest] 86634  - [39m04/13/2026, 4:10:12 PM [32m    LOG[39m [38;5;3m[RouterExplorer] [39m[32mMapped {/turnos-urgencia, GET} route[39m[38;5;3m +0ms[39m
[32m[Nest] 86634  - [39m04/13/2026, 4:10:12 PM [32m    LOG[39m [38;5;3m[RouterExplorer] [39m[32mMapped {/turnos-urgencia/:id, GET} route[39m[38;5;3m +0ms[39m
[32m[Nest] 86634  - [39m04/13/2026, 4:10:12 PM [32m    LOG[39m [38;5;3m[RouterExplorer] [39m[32mMapped {/turnos-urgencia/:id, PATCH} route[39m[38;5;3m +1ms[39m
[32m[Nest] 86634  - [39m04/13/2026, 4:10:12 PM [32m    LOG[39m [38;5;3m[RouterExplorer] [39m[32mMapped {/turnos-urgencia/:id, DELETE} route[39m[38;5;3m +0ms[39m
[32m[Nest] 86634  - [39m04/13/2026, 4:10:12 PM [32m    LOG[39m [38;5;3m[RoutesResolver] [39m[32mViaticosController {/viaticos}:[39m[38;5;3m +0ms[39m
[32m[Nest] 86634  - [39m04/13/2026, 4:10:12 PM [32m    LOG[39m [38;5;3m[RouterExplorer] [39m[32mMapped {/viaticos, POST} route[39m[38;5;3m +0ms[39m
[32m[Nest] 86634  - [39m04/13/2026, 4:10:12 PM [32m    LOG[39m [38;5;3m[RouterExplorer] [39m[32mMapped {/viaticos, GET} route[39m[38;5;3m +0ms[39m
[32m[Nest] 86634  - [39m04/13/2026, 4:10:12 PM [32m    LOG[39m [38;5;3m[RouterExplorer] [39m[32mMapped {/viaticos/:id, GET} route[39m[38;5;3m +0ms[39m
[32m[Nest] 86634  - [39m04/13/2026, 4:10:12 PM [32m    LOG[39m [38;5;3m[RouterExplorer] [39m[32mMapped {/viaticos/:id, PATCH} route[39m[38;5;3m +0ms[39m
[32m[Nest] 86634  - [39m04/13/2026, 4:10:12 PM [32m    LOG[39m [38;5;3m[RouterExplorer] [39m[32mMapped {/viaticos/:id, DELETE} route[39m[38;5;3m +0ms[39m
[32m[Nest] 86634  - [39m04/13/2026, 4:10:12 PM [32m    LOG[39m [38;5;3m[RoutesResolver] [39m[32mAtrasosController {/atrasos}:[39m[38;5;3m +0ms[39m
[32m[Nest] 86634  - [39m04/13/2026, 4:10:12 PM [32m    LOG[39m [38;5;3m[RouterExplorer] [39m[32mMapped {/atrasos, POST} route[39m[38;5;3m +0ms[39m
[32m[Nest] 86634  - [39m04/13/2026, 4:10:12 PM [32m    LOG[39m [38;5;3m[RouterExplorer] [39m[32mMapped {/atrasos, GET} route[39m[38;5;3m +0ms[39m
[32m[Nest] 86634  - [39m04/13/2026, 4:10:12 PM [32m    LOG[39m [38;5;3m[RouterExplorer] [39m[32mMapped {/atrasos/:id, GET} route[39m[38;5;3m +0ms[39m
[32m[Nest] 86634  - [39m04/13/2026, 4:10:12 PM [32m    LOG[39m [38;5;3m[RouterExplorer] [39m[32mMapped {/atrasos/:id, PATCH} route[39m[38;5;3m +0ms[39m
[32m[Nest] 86634  - [39m04/13/2026, 4:10:12 PM [32m    LOG[39m [38;5;3m[RouterExplorer] [39m[32mMapped {/atrasos/:id, DELETE} route[39m[38;5;3m +0ms[39m
[32m[Nest] 86634  - [39m04/13/2026, 4:10:12 PM [32m    LOG[39m [38;5;3m[RoutesResolver] [39m[32mProcedimientosController {/procedimientos}:[39m[38;5;3m +1ms[39m
[32m[Nest] 86634  - [39m04/13/2026, 4:10:12 PM [32m    LOG[39m [38;5;3m[RouterExplorer] [39m[32mMapped {/procedimientos, POST} route[39m[38;5;3m +0ms[39m
[32m[Nest] 86634  - [39m04/13/2026, 4:10:12 PM [32m    LOG[39m [38;5;3m[RouterExplorer] [39m[32mMapped {/procedimientos, GET} route[39m[38;5;3m +1ms[39m
[32m[Nest] 86634  - [39m04/13/2026, 4:10:12 PM [32m    LOG[39m [38;5;3m[RouterExplorer] [39m[32mMapped {/procedimientos/:id, GET} route[39m[38;5;3m +0ms[39m
[32m[Nest] 86634  - [39m04/13/2026, 4:10:12 PM [32m    LOG[39m [38;5;3m[RouterExplorer] [39m[32mMapped {/procedimientos/:id, PATCH} route[39m[38;5;3m +0ms[39m
[32m[Nest] 86634  - [39m04/13/2026, 4:10:12 PM [32m    LOG[39m [38;5;3m[RouterExplorer] [39m[32mMapped {/procedimientos/:id, DELETE} route[39m[38;5;3m +0ms[39m
[32m[Nest] 86634  - [39m04/13/2026, 4:10:12 PM [32m    LOG[39m [38;5;3m[RoutesResolver] [39m[32mReportesController {/reportes}:[39m[38;5;3m +0ms[39m
[32m[Nest] 86634  - [39m04/13/2026, 4:10:12 PM [32m    LOG[39m [38;5;3m[RouterExplorer] [39m[32mMapped {/reportes/stats, GET} route[39m[38;5;3m +0ms[39m
[32m[Nest] 86634  - [39m04/13/2026, 4:10:12 PM [32m    LOG[39m [38;5;3m[RouterExplorer] [39m[32mMapped {/reportes/centros, GET} route[39m[38;5;3m +0ms[39m
[32m[Nest] 86634  - [39m04/13/2026, 4:10:12 PM [32m    LOG[39m [38;5;3m[NestApplication] [39m[32mNest application successfully started[39m[38;5;3m +44ms[39m
[31m[Nest] 86634  - [39m04/13/2026, 4:10:12 PM [31m  ERROR[39m [38;5;3m[NestApplication] [39m[31mError: listen EADDRINUSE: address already in use :::3000[39m[38;5;3m +1ms[39m
node:net:1937
    const ex = new UVExceptionWithHostPort(err, 'listen', address, port);
               ^

Error: listen EADDRINUSE: address already in use :::3000
    at Server.setupListenHandle [as _listen2] (node:net:1937:16)
    at listenInCluster (node:net:1994:12)
    at Server.listen (node:net:2099:7)
    at ExpressAdapter.listen (/Users/juanvidalp/Documents/REMUNERACIONES 2026/backend/node_modules/@nestjs/platform-express/adapters/express-adapter.js:115:32)
    at /Users/juanvidalp/Documents/REMUNERACIONES 2026/backend/node_modules/@nestjs/core/nest-application.js:188:30
    at new Promise (<anonymous>)
    at NestApplication.listen (/Users/juanvidalp/Documents/REMUNERACIONES 2026/backend/node_modules/@nestjs/core/nest-application.js:178:16)
    at async bootstrap (/Users/juanvidalp/Documents/REMUNERACIONES 2026/backend/src/main.ts:21:3) {
  code: 'EADDRINUSE',
  errno: -48,
  syscall: 'listen',
  address: '::',
  port: 3000
}

Node.js v22.14.0
[2J[3J[H[[90m4:10:37 PM[0m] File change detected. Starting incremental compilation...

[[90m4:10:38 PM[0m] Found 0 errors. Watching for file changes.

[32m[Nest] 86698  - [39m04/13/2026, 4:10:39 PM [32m    LOG[39m [38;5;3m[NestFactory] [39m[32mStarting Nest application...[39m
[32m[Nest] 86698  - [39m04/13/2026, 4:10:39 PM [32m    LOG[39m [38;5;3m[InstanceLoader] [39m[32mPrismaModule dependencies initialized[39m[38;5;3m +16ms[39m
[32m[Nest] 86698  - [39m04/13/2026, 4:10:39 PM [32m    LOG[39m [38;5;3m[InstanceLoader] [39m[32mAppModule dependencies initialized[39m[38;5;3m +2ms[39m
[32m[Nest] 86698  - [39m04/13/2026, 4:10:39 PM [32m    LOG[39m [38;5;3m[InstanceLoader] [39m[32mReportesModule dependencies initialized[39m[38;5;3m +1ms[39m
[32m[Nest] 86698  - [39m04/13/2026, 4:10:39 PM [32m    LOG[39m [38;5;3m[InstanceLoader] [39m[32mCentrosSaludModule dependencies initialized[39m[38;5;3m +0ms[39m
[32m[Nest] 86698  - [39m04/13/2026, 4:10:39 PM [32m    LOG[39m [38;5;3m[InstanceLoader] [39m[32mUsuariosModule dependencies initialized[39m[38;5;3m +0ms[39m
[32m[Nest] 86698  - [39m04/13/2026, 4:10:39 PM [32m    LOG[39m [38;5;3m[InstanceLoader] [39m[32mProgramasModule dependencies initialized[39m[38;5;3m +0ms[39m
[32m[Nest] 86698  - [39m04/13/2026, 4:10:39 PM [32m    LOG[39m [38;5;3m[InstanceLoader] [39m[32mPeriodosModule dependencies initialized[39m[38;5;3m +0ms[39m
[32m[Nest] 86698  - [39m04/13/2026, 4:10:39 PM [32m    LOG[39m [38;5;3m[InstanceLoader] [39m[32mConsolidadosModule dependencies initialized[39m[38;5;3m +0ms[39m
[32m[Nest] 86698  - [39m04/13/2026, 4:10:39 PM [32m    LOG[39m [38;5;3m[InstanceLoader] [39m[32mTurnosUrgenciaModule dependencies initialized[39m[38;5;3m +1ms[39m
[32m[Nest] 86698  - [39m04/13/2026, 4:10:39 PM [32m    LOG[39m [38;5;3m[InstanceLoader] [39m[32mViaticosModule dependencies initialized[39m[38;5;3m +0ms[39m
[32m[Nest] 86698  - [39m04/13/2026, 4:10:39 PM [32m    LOG[39m [38;5;3m[InstanceLoader] [39m[32mAtrasosModule dependencies initialized[39m[38;5;3m +0ms[39m
[32m[Nest] 86698  - [39m04/13/2026, 4:10:39 PM [32m    LOG[39m [38;5;3m[InstanceLoader] [39m[32mProcedimientosModule dependencies initialized[39m[38;5;3m +0ms[39m
[32m[Nest] 86698  - [39m04/13/2026, 4:10:39 PM [32m    LOG[39m [38;5;3m[InstanceLoader] [39m[32mHorasExtrasModule dependencies initialized[39m[38;5;3m +0ms[39m
[32m[Nest] 86698  - [39m04/13/2026, 4:10:39 PM [32m    LOG[39m [38;5;3m[InstanceLoader] [39m[32mFuncionariosModule dependencies initialized[39m[38;5;3m +0ms[39m
[32m[Nest] 86698  - [39m04/13/2026, 4:10:39 PM [32m    LOG[39m [38;5;3m[InstanceLoader] [39m[32mAuditModule dependencies initialized[39m[38;5;3m +0ms[39m
[32m[Nest] 86698  - [39m04/13/2026, 4:10:39 PM [32m    LOG[39m [38;5;3m[RoutesResolver] [39m[32mAppController {/}:[39m[38;5;3m +5ms[39m
[32m[Nest] 86698  - [39m04/13/2026, 4:10:39 PM [32m    LOG[39m [38;5;3m[RouterExplorer] [39m[32mMapped {/, GET} route[39m[38;5;3m +2ms[39m
[32m[Nest] 86698  - [39m04/13/2026, 4:10:39 PM [32m    LOG[39m [38;5;3m[RouterExplorer] [39m[32mMapped {/debug-routes, GET} route[39m[38;5;3m +0ms[39m
[32m[Nest] 86698  - [39m04/13/2026, 4:10:39 PM [32m    LOG[39m [38;5;3m[RoutesResolver] [39m[32mCentrosSaludController {/centros-salud}:[39m[38;5;3m +0ms[39m
[32m[Nest] 86698  - [39m04/13/2026, 4:10:39 PM [32m    LOG[39m [38;5;3m[RouterExplorer] [39m[32mMapped {/centros-salud, POST} route[39m[38;5;3m +1ms[39m
[32m[Nest] 86698  - [39m04/13/2026, 4:10:39 PM [32m    LOG[39m [38;5;3m[RouterExplorer] [39m[32mMapped {/centros-salud, GET} route[39m[38;5;3m +0ms[39m
[32m[Nest] 86698  - [39m04/13/2026, 4:10:39 PM [32m    LOG[39m [38;5;3m[RouterExplorer] [39m[32mMapped {/centros-salud/:id, GET} route[39m[38;5;3m +1ms[39m
[32m[Nest] 86698  - [39m04/13/2026, 4:10:39 PM [32m    LOG[39m [38;5;3m[RouterExplorer] [39m[32mMapped {/centros-salud/:id, PATCH} route[39m[38;5;3m +0ms[39m
[32m[Nest] 86698  - [39m04/13/2026, 4:10:39 PM [32m    LOG[39m [38;5;3m[RouterExplorer] [39m[32mMapped {/centros-salud/:id, DELETE} route[39m[38;5;3m +0ms[39m
[32m[Nest] 86698  - [39m04/13/2026, 4:10:39 PM [32m    LOG[39m [38;5;3m[RoutesResolver] [39m[32mUsuariosController {/usuarios}:[39m[38;5;3m +0ms[39m
[32m[Nest] 86698  - [39m04/13/2026, 4:10:39 PM [32m    LOG[39m [38;5;3m[RouterExplorer] [39m[32mMapped {/usuarios, POST} route[39m[38;5;3m +1ms[39m
[32m[Nest] 86698  - [39m04/13/2026, 4:10:39 PM [32m    LOG[39m [38;5;3m[RouterExplorer] [39m[32mMapped {/usuarios, GET} route[39m[38;5;3m +0ms[39m
[32m[Nest] 86698  - [39m04/13/2026, 4:10:39 PM [32m    LOG[39m [38;5;3m[RouterExplorer] [39m[32mMapped {/usuarios/:id, GET} route[39m[38;5;3m +1ms[39m
[32m[Nest] 86698  - [39m04/13/2026, 4:10:39 PM [32m    LOG[39m [38;5;3m[RouterExplorer] [39m[32mMapped {/usuarios/:id, PATCH} route[39m[38;5;3m +0ms[39m
[32m[Nest] 86698  - [39m04/13/2026, 4:10:39 PM [32m    LOG[39m [38;5;3m[RouterExplorer] [39m[32mMapped {/usuarios/:id, DELETE} route[39m[38;5;3m +0ms[39m
[32m[Nest] 86698  - [39m04/13/2026, 4:10:39 PM [32m    LOG[39m [38;5;3m[RoutesResolver] [39m[32mProgramasController {/programas}:[39m[38;5;3m +0ms[39m
[32m[Nest] 86698  - [39m04/13/2026, 4:10:39 PM [32m    LOG[39m [38;5;3m[RouterExplorer] [39m[32mMapped {/programas, POST} route[39m[38;5;3m +1ms[39m
[32m[Nest] 86698  - [39m04/13/2026, 4:10:39 PM [32m    LOG[39m [38;5;3m[RouterExplorer] [39m[32mMapped {/programas, GET} route[39m[38;5;3m +0ms[39m
[32m[Nest] 86698  - [39m04/13/2026, 4:10:39 PM [32m    LOG[39m [38;5;3m[RouterExplorer] [39m[32mMapped {/programas/:id, GET} route[39m[38;5;3m +0ms[39m
[32m[Nest] 86698  - [39m04/13/2026, 4:10:39 PM [32m    LOG[39m [38;5;3m[RouterExplorer] [39m[32mMapped {/programas/:id, PATCH} route[39m[38;5;3m +0ms[39m
[32m[Nest] 86698  - [39m04/13/2026, 4:10:39 PM [32m    LOG[39m [38;5;3m[RouterExplorer] [39m[32mMapped {/programas/:id, DELETE} route[39m[38;5;3m +0ms[39m
[32m[Nest] 86698  - [39m04/13/2026, 4:10:39 PM [32m    LOG[39m [38;5;3m[RoutesResolver] [39m[32mFuncionariosController {/funcionarios}:[39m[38;5;3m +1ms[39m
[32m[Nest] 86698  - [39m04/13/2026, 4:10:39 PM [32m    LOG[39m [38;5;3m[RouterExplorer] [39m[32mMapped {/funcionarios, POST} route[39m[38;5;3m +0ms[39m
[32m[Nest] 86698  - [39m04/13/2026, 4:10:39 PM [32m    LOG[39m [38;5;3m[RouterExplorer] [39m[32mMapped {/funcionarios/importar, POST} route[39m[38;5;3m +0ms[39m
[32m[Nest] 86698  - [39m04/13/2026, 4:10:39 PM [32m    LOG[39m [38;5;3m[RouterExplorer] [39m[32mMapped {/funcionarios, GET} route[39m[38;5;3m +0ms[39m
[32m[Nest] 86698  - [39m04/13/2026, 4:10:39 PM [32m    LOG[39m [38;5;3m[RouterExplorer] [39m[32mMapped {/funcionarios/:rut, GET} route[39m[38;5;3m +0ms[39m
[32m[Nest] 86698  - [39m04/13/2026, 4:10:39 PM [32m    LOG[39m [38;5;3m[RouterExplorer] [39m[32mMapped {/funcionarios/:rut, PATCH} route[39m[38;5;3m +0ms[39m
[32m[Nest] 86698  - [39m04/13/2026, 4:10:39 PM [32m    LOG[39m [38;5;3m[RouterExplorer] [39m[32mMapped {/funcionarios/:rut, DELETE} route[39m[38;5;3m +0ms[39m
[32m[Nest] 86698  - [39m04/13/2026, 4:10:39 PM [32m    LOG[39m [38;5;3m[RoutesResolver] [39m[32mPeriodosController {/periodos}:[39m[38;5;3m +0ms[39m
[32m[Nest] 86698  - [39m04/13/2026, 4:10:39 PM [32m    LOG[39m [38;5;3m[RouterExplorer] [39m[32mMapped {/periodos, POST} route[39m[38;5;3m +0ms[39m
[32m[Nest] 86698  - [39m04/13/2026, 4:10:39 PM [32m    LOG[39m [38;5;3m[RouterExplorer] [39m[32mMapped {/periodos, GET} route[39m[38;5;3m +0ms[39m
[32m[Nest] 86698  - [39m04/13/2026, 4:10:39 PM [32m    LOG[39m [38;5;3m[RouterExplorer] [39m[32mMapped {/periodos/:id, GET} route[39m[38;5;3m +0ms[39m
[32m[Nest] 86698  - [39m04/13/2026, 4:10:39 PM [32m    LOG[39m [38;5;3m[RouterExplorer] [39m[32mMapped {/periodos/:id, PATCH} route[39m[38;5;3m +0ms[39m
[32m[Nest] 86698  - [39m04/13/2026, 4:10:39 PM [32m    LOG[39m [38;5;3m[RouterExplorer] [39m[32mMapped {/periodos/:id, DELETE} route[39m[38;5;3m +0ms[39m
[32m[Nest] 86698  - [39m04/13/2026, 4:10:39 PM [32m    LOG[39m [38;5;3m[RoutesResolver] [39m[32mConsolidadosController {/consolidados}:[39m[38;5;3m +0ms[39m
[32m[Nest] 86698  - [39m04/13/2026, 4:10:39 PM [32m    LOG[39m [38;5;3m[RouterExplorer] [39m[32mMapped {/consolidados, POST} route[39m[38;5;3m +0ms[39m
[32m[Nest] 86698  - [39m04/13/2026, 4:10:39 PM [32m    LOG[39m [38;5;3m[RouterExplorer] [39m[32mMapped {/consolidados, GET} route[39m[38;5;3m +0ms[39m
[32m[Nest] 86698  - [39m04/13/2026, 4:10:39 PM [32m    LOG[39m [38;5;3m[RouterExplorer] [39m[32mMapped {/consolidados/:id, GET} route[39m[38;5;3m +0ms[39m
[32m[Nest] 86698  - [39m04/13/2026, 4:10:39 PM [32m    LOG[39m [38;5;3m[RouterExplorer] [39m[32mMapped {/consolidados/:id, PATCH} route[39m[38;5;3m +0ms[39m
[32m[Nest] 86698  - [39m04/13/2026, 4:10:39 PM [32m    LOG[39m [38;5;3m[RouterExplorer] [39m[32mMapped {/consolidados/:id, DELETE} route[39m[38;5;3m +0ms[39m
[32m[Nest] 86698  - [39m04/13/2026, 4:10:39 PM [32m    LOG[39m [38;5;3m[RoutesResolver] [39m[32mHorasExtrasController {/horas-extras}:[39m[38;5;3m +0ms[39m
[32m[Nest] 86698  - [39m04/13/2026, 4:10:39 PM [32m    LOG[39m [38;5;3m[RouterExplorer] [39m[32mMapped {/horas-extras, POST} route[39m[38;5;3m +0ms[39m
[32m[Nest] 86698  - [39m04/13/2026, 4:10:39 PM [32m    LOG[39m [38;5;3m[RouterExplorer] [39m[32mMapped {/horas-extras, GET} route[39m[38;5;3m +0ms[39m
[32m[Nest] 86698  - [39m04/13/2026, 4:10:39 PM [32m    LOG[39m [38;5;3m[RouterExplorer] [39m[32mMapped {/horas-extras/:id, GET} route[39m[38;5;3m +0ms[39m
[32m[Nest] 86698  - [39m04/13/2026, 4:10:39 PM [32m    LOG[39m [38;5;3m[RouterExplorer] [39m[32mMapped {/horas-extras/:id, PATCH} route[39m[38;5;3m +0ms[39m
[32m[Nest] 86698  - [39m04/13/2026, 4:10:39 PM [32m    LOG[39m [38;5;3m[RouterExplorer] [39m[32mMapped {/horas-extras/bulk/:consolidadoId, PATCH} route[39m[38;5;3m +0ms[39m
[32m[Nest] 86698  - [39m04/13/2026, 4:10:39 PM [32m    LOG[39m [38;5;3m[RouterExplorer] [39m[32mMapped {/horas-extras/:id, DELETE} route[39m[38;5;3m +0ms[39m
[32m[Nest] 86698  - [39m04/13/2026, 4:10:39 PM [32m    LOG[39m [38;5;3m[RoutesResolver] [39m[32mAuditController {/audit}:[39m[38;5;3m +0ms[39m
[32m[Nest] 86698  - [39m04/13/2026, 4:10:39 PM [32m    LOG[39m [38;5;3m[RouterExplorer] [39m[32mMapped {/audit, GET} route[39m[38;5;3m +1ms[39m
[32m[Nest] 86698  - [39m04/13/2026, 4:10:39 PM [32m    LOG[39m [38;5;3m[RoutesResolver] [39m[32mTurnosUrgenciaController {/turnos-urgencia}:[39m[38;5;3m +0ms[39m
[32m[Nest] 86698  - [39m04/13/2026, 4:10:39 PM [32m    LOG[39m [38;5;3m[RouterExplorer] [39m[32mMapped {/turnos-urgencia, POST} route[39m[38;5;3m +0ms[39m
[32m[Nest] 86698  - [39m04/13/2026, 4:10:39 PM [32m    LOG[39m [38;5;3m[RouterExplorer] [39m[32mMapped {/turnos-urgencia, GET} route[39m[38;5;3m +0ms[39m
[32m[Nest] 86698  - [39m04/13/2026, 4:10:39 PM [32m    LOG[39m [38;5;3m[RouterExplorer] [39m[32mMapped {/turnos-urgencia/:id, GET} route[39m[38;5;3m +0ms[39m
[32m[Nest] 86698  - [39m04/13/2026, 4:10:39 PM [32m    LOG[39m [38;5;3m[RouterExplorer] [39m[32mMapped {/turnos-urgencia/:id, PATCH} route[39m[38;5;3m +0ms[39m
[32m[Nest] 86698  - [39m04/13/2026, 4:10:39 PM [32m    LOG[39m [38;5;3m[RouterExplorer] [39m[32mMapped {/turnos-urgencia/:id, DELETE} route[39m[38;5;3m +0ms[39m
[32m[Nest] 86698  - [39m04/13/2026, 4:10:39 PM [32m    LOG[39m [38;5;3m[RoutesResolver] [39m[32mViaticosController {/viaticos}:[39m[38;5;3m +0ms[39m
[32m[Nest] 86698  - [39m04/13/2026, 4:10:39 PM [32m    LOG[39m [38;5;3m[RouterExplorer] [39m[32mMapped {/viaticos, POST} route[39m[38;5;3m +0ms[39m
[32m[Nest] 86698  - [39m04/13/2026, 4:10:39 PM [32m    LOG[39m [38;5;3m[RouterExplorer] [39m[32mMapped {/viaticos, GET} route[39m[38;5;3m +0ms[39m
[32m[Nest] 86698  - [39m04/13/2026, 4:10:39 PM [32m    LOG[39m [38;5;3m[RouterExplorer] [39m[32mMapped {/viaticos/:id, GET} route[39m[38;5;3m +0ms[39m
[32m[Nest] 86698  - [39m04/13/2026, 4:10:39 PM [32m    LOG[39m [38;5;3m[RouterExplorer] [39m[32mMapped {/viaticos/:id, PATCH} route[39m[38;5;3m +2ms[39m
[32m[Nest] 86698  - [39m04/13/2026, 4:10:39 PM [32m    LOG[39m [38;5;3m[RouterExplorer] [39m[32mMapped {/viaticos/:id, DELETE} route[39m[38;5;3m +0ms[39m
[32m[Nest] 86698  - [39m04/13/2026, 4:10:39 PM [32m    LOG[39m [38;5;3m[RoutesResolver] [39m[32mAtrasosController {/atrasos}:[39m[38;5;3m +0ms[39m
[32m[Nest] 86698  - [39m04/13/2026, 4:10:39 PM [32m    LOG[39m [38;5;3m[RouterExplorer] [39m[32mMapped {/atrasos, POST} route[39m[38;5;3m +0ms[39m
[32m[Nest] 86698  - [39m04/13/2026, 4:10:39 PM [32m    LOG[39m [38;5;3m[RouterExplorer] [39m[32mMapped {/atrasos, GET} route[39m[38;5;3m +0ms[39m
[32m[Nest] 86698  - [39m04/13/2026, 4:10:39 PM [32m    LOG[39m [38;5;3m[RouterExplorer] [39m[32mMapped {/atrasos/:id, GET} route[39m[38;5;3m +0ms[39m
[32m[Nest] 86698  - [39m04/13/2026, 4:10:39 PM [32m    LOG[39m [38;5;3m[RouterExplorer] [39m[32mMapped {/atrasos/:id, PATCH} route[39m[38;5;3m +0ms[39m
[32m[Nest] 86698  - [39m04/13/2026, 4:10:39 PM [32m    LOG[39m [38;5;3m[RouterExplorer] [39m[32mMapped {/atrasos/:id, DELETE} route[39m[38;5;3m +0ms[39m
[32m[Nest] 86698  - [39m04/13/2026, 4:10:39 PM [32m    LOG[39m [38;5;3m[RoutesResolver] [39m[32mProcedimientosController {/procedimientos}:[39m[38;5;3m +1ms[39m
[32m[Nest] 86698  - [39m04/13/2026, 4:10:39 PM [32m    LOG[39m [38;5;3m[RouterExplorer] [39m[32mMapped {/procedimientos, POST} route[39m[38;5;3m +0ms[39m
[32m[Nest] 86698  - [39m04/13/2026, 4:10:39 PM [32m    LOG[39m [38;5;3m[RouterExplorer] [39m[32mMapped {/procedimientos, GET} route[39m[38;5;3m +0ms[39m
[32m[Nest] 86698  - [39m04/13/2026, 4:10:39 PM [32m    LOG[39m [38;5;3m[RouterExplorer] [39m[32mMapped {/procedimientos/:id, GET} route[39m[38;5;3m +0ms[39m
[32m[Nest] 86698  - [39m04/13/2026, 4:10:39 PM [32m    LOG[39m [38;5;3m[RouterExplorer] [39m[32mMapped {/procedimientos/:id, PATCH} route[39m[38;5;3m +0ms[39m
[32m[Nest] 86698  - [39m04/13/2026, 4:10:39 PM [32m    LOG[39m [38;5;3m[RouterExplorer] [39m[32mMapped {/procedimientos/:id, DELETE} route[39m[38;5;3m +0ms[39m
[32m[Nest] 86698  - [39m04/13/2026, 4:10:39 PM [32m    LOG[39m [38;5;3m[RoutesResolver] [39m[32mReportesController {/reportes}:[39m[38;5;3m +0ms[39m
[32m[Nest] 86698  - [39m04/13/2026, 4:10:39 PM [32m    LOG[39m [38;5;3m[RouterExplorer] [39m[32mMapped {/reportes/stats, GET} route[39m[38;5;3m +0ms[39m
[32m[Nest] 86698  - [39m04/13/2026, 4:10:39 PM [32m    LOG[39m [38;5;3m[RouterExplorer] [39m[32mMapped {/reportes/centros, GET} route[39m[38;5;3m +1ms[39m
[32m[Nest] 86698  - [39m04/13/2026, 4:10:39 PM [32m    LOG[39m [38;5;3m[NestApplication] [39m[32mNest application successfully started[39m[38;5;3m +24ms[39m
[31m[Nest] 86698  - [39m04/13/2026, 4:10:39 PM [31m  ERROR[39m [38;5;3m[NestApplication] [39m[31mError: listen EADDRINUSE: address already in use :::3000[39m[38;5;3m +1ms[39m
node:net:1937
    const ex = new UVExceptionWithHostPort(err, 'listen', address, port);
               ^

Error: listen EADDRINUSE: address already in use :::3000
    at Server.setupListenHandle [as _listen2] (node:net:1937:16)
    at listenInCluster (node:net:1994:12)
    at Server.listen (node:net:2099:7)
    at ExpressAdapter.listen (/Users/juanvidalp/Documents/REMUNERACIONES 2026/backend/node_modules/@nestjs/platform-express/adapters/express-adapter.js:115:32)
    at /Users/juanvidalp/Documents/REMUNERACIONES 2026/backend/node_modules/@nestjs/core/nest-application.js:188:30
    at new Promise (<anonymous>)
    at NestApplication.listen (/Users/juanvidalp/Documents/REMUNERACIONES 2026/backend/node_modules/@nestjs/core/nest-application.js:178:16)
    at async bootstrap (/Users/juanvidalp/Documents/REMUNERACIONES 2026/backend/src/main.ts:21:3) {
  code: 'EADDRINUSE',
  errno: -48,
  syscall: 'listen',
  address: '::',
  port: 3000
}

Node.js v22.14.0
[2J[3J[H[[90m4:11:57 PM[0m] File change detected. Starting incremental compilation...

[[90m4:11:57 PM[0m] Found 0 errors. Watching for file changes.

[32m[Nest] 86877  - [39m04/13/2026, 4:11:59 PM [32m    LOG[39m [38;5;3m[NestFactory] [39m[32mStarting Nest application...[39m
[32m[Nest] 86877  - [39m04/13/2026, 4:11:59 PM [32m    LOG[39m [38;5;3m[InstanceLoader] [39m[32mPrismaModule dependencies initialized[39m[38;5;3m +19ms[39m
[32m[Nest] 86877  - [39m04/13/2026, 4:11:59 PM [32m    LOG[39m [38;5;3m[InstanceLoader] [39m[32mAppModule dependencies initialized[39m[38;5;3m +4ms[39m
[32m[Nest] 86877  - [39m04/13/2026, 4:11:59 PM [32m    LOG[39m [38;5;3m[InstanceLoader] [39m[32mReportesModule dependencies initialized[39m[38;5;3m +1ms[39m
[32m[Nest] 86877  - [39m04/13/2026, 4:11:59 PM [32m    LOG[39m [38;5;3m[InstanceLoader] [39m[32mCentrosSaludModule dependencies initialized[39m[38;5;3m +0ms[39m
[32m[Nest] 86877  - [39m04/13/2026, 4:11:59 PM [32m    LOG[39m [38;5;3m[InstanceLoader] [39m[32mUsuariosModule dependencies initialized[39m[38;5;3m +0ms[39m
[32m[Nest] 86877  - [39m04/13/2026, 4:11:59 PM [32m    LOG[39m [38;5;3m[InstanceLoader] [39m[32mProgramasModule dependencies initialized[39m[38;5;3m +0ms[39m
[32m[Nest] 86877  - [39m04/13/2026, 4:11:59 PM [32m    LOG[39m [38;5;3m[InstanceLoader] [39m[32mPeriodosModule dependencies initialized[39m[38;5;3m +0ms[39m
[32m[Nest] 86877  - [39m04/13/2026, 4:11:59 PM [32m    LOG[39m [38;5;3m[InstanceLoader] [39m[32mConsolidadosModule dependencies initialized[39m[38;5;3m +0ms[39m
[32m[Nest] 86877  - [39m04/13/2026, 4:11:59 PM [32m    LOG[39m [38;5;3m[InstanceLoader] [39m[32mTurnosUrgenciaModule dependencies initialized[39m[38;5;3m +1ms[39m
[32m[Nest] 86877  - [39m04/13/2026, 4:11:59 PM [32m    LOG[39m [38;5;3m[InstanceLoader] [39m[32mViaticosModule dependencies initialized[39m[38;5;3m +0ms[39m
[32m[Nest] 86877  - [39m04/13/2026, 4:11:59 PM [32m    LOG[39m [38;5;3m[InstanceLoader] [39m[32mAtrasosModule dependencies initialized[39m[38;5;3m +0ms[39m
[32m[Nest] 86877  - [39m04/13/2026, 4:11:59 PM [32m    LOG[39m [38;5;3m[InstanceLoader] [39m[32mProcedimientosModule dependencies initialized[39m[38;5;3m +0ms[39m
[32m[Nest] 86877  - [39m04/13/2026, 4:11:59 PM [32m    LOG[39m [38;5;3m[InstanceLoader] [39m[32mHorasExtrasModule dependencies initialized[39m[38;5;3m +0ms[39m
[32m[Nest] 86877  - [39m04/13/2026, 4:11:59 PM [32m    LOG[39m [38;5;3m[InstanceLoader] [39m[32mFuncionariosModule dependencies initialized[39m[38;5;3m +0ms[39m
[32m[Nest] 86877  - [39m04/13/2026, 4:11:59 PM [32m    LOG[39m [38;5;3m[InstanceLoader] [39m[32mAuditModule dependencies initialized[39m[38;5;3m +0ms[39m
[32m[Nest] 86877  - [39m04/13/2026, 4:11:59 PM [32m    LOG[39m [38;5;3m[RoutesResolver] [39m[32mAppController {/}:[39m[38;5;3m +6ms[39m
[32m[Nest] 86877  - [39m04/13/2026, 4:11:59 PM [32m    LOG[39m [38;5;3m[RouterExplorer] [39m[32mMapped {/, GET} route[39m[38;5;3m +2ms[39m
[32m[Nest] 86877  - [39m04/13/2026, 4:11:59 PM [32m    LOG[39m [38;5;3m[RouterExplorer] [39m[32mMapped {/debug-routes, GET} route[39m[38;5;3m +0ms[39m
[32m[Nest] 86877  - [39m04/13/2026, 4:11:59 PM [32m    LOG[39m [38;5;3m[RoutesResolver] [39m[32mCentrosSaludController {/centros-salud}:[39m[38;5;3m +0ms[39m
[32m[Nest] 86877  - [39m04/13/2026, 4:11:59 PM [32m    LOG[39m [38;5;3m[RouterExplorer] [39m[32mMapped {/centros-salud, POST} route[39m[38;5;3m +1ms[39m
[32m[Nest] 86877  - [39m04/13/2026, 4:11:59 PM [32m    LOG[39m [38;5;3m[RouterExplorer] [39m[32mMapped {/centros-salud, GET} route[39m[38;5;3m +0ms[39m
[32m[Nest] 86877  - [39m04/13/2026, 4:11:59 PM [32m    LOG[39m [38;5;3m[RouterExplorer] [39m[32mMapped {/centros-salud/:id, GET} route[39m[38;5;3m +1ms[39m
[32m[Nest] 86877  - [39m04/13/2026, 4:11:59 PM [32m    LOG[39m [38;5;3m[RouterExplorer] [39m[32mMapped {/centros-salud/:id, PATCH} route[39m[38;5;3m +0ms[39m
[32m[Nest] 86877  - [39m04/13/2026, 4:11:59 PM [32m    LOG[39m [38;5;3m[RouterExplorer] [39m[32mMapped {/centros-salud/:id, DELETE} route[39m[38;5;3m +1ms[39m
[32m[Nest] 86877  - [39m04/13/2026, 4:11:59 PM [32m    LOG[39m [38;5;3m[RoutesResolver] [39m[32mUsuariosController {/usuarios}:[39m[38;5;3m +1ms[39m
[32m[Nest] 86877  - [39m04/13/2026, 4:11:59 PM [32m    LOG[39m [38;5;3m[RouterExplorer] [39m[32mMapped {/usuarios, POST} route[39m[38;5;3m +0ms[39m
[32m[Nest] 86877  - [39m04/13/2026, 4:11:59 PM [32m    LOG[39m [38;5;3m[RouterExplorer] [39m[32mMapped {/usuarios, GET} route[39m[38;5;3m +1ms[39m
[32m[Nest] 86877  - [39m04/13/2026, 4:11:59 PM [32m    LOG[39m [38;5;3m[RouterExplorer] [39m[32mMapped {/usuarios/:id, GET} route[39m[38;5;3m +0ms[39m
[32m[Nest] 86877  - [39m04/13/2026, 4:11:59 PM [32m    LOG[39m [38;5;3m[RouterExplorer] [39m[32mMapped {/usuarios/:id, PATCH} route[39m[38;5;3m +0ms[39m
[32m[Nest] 86877  - [39m04/13/2026, 4:11:59 PM [32m    LOG[39m [38;5;3m[RouterExplorer] [39m[32mMapped {/usuarios/:id, DELETE} route[39m[38;5;3m +0ms[39m
[32m[Nest] 86877  - [39m04/13/2026, 4:11:59 PM [32m    LOG[39m [38;5;3m[RoutesResolver] [39m[32mProgramasController {/programas}:[39m[38;5;3m +0ms[39m
[32m[Nest] 86877  - [39m04/13/2026, 4:11:59 PM [32m    LOG[39m [38;5;3m[RouterExplorer] [39m[32mMapped {/programas, POST} route[39m[38;5;3m +0ms[39m
[32m[Nest] 86877  - [39m04/13/2026, 4:11:59 PM [32m    LOG[39m [38;5;3m[RouterExplorer] [39m[32mMapped {/programas, GET} route[39m[38;5;3m +0ms[39m
[32m[Nest] 86877  - [39m04/13/2026, 4:11:59 PM [32m    LOG[39m [38;5;3m[RouterExplorer] [39m[32mMapped {/programas/:id, GET} route[39m[38;5;3m +0ms[39m
[32m[Nest] 86877  - [39m04/13/2026, 4:11:59 PM [32m    LOG[39m [38;5;3m[RouterExplorer] [39m[32mMapped {/programas/:id, PATCH} route[39m[38;5;3m +0ms[39m
[32m[Nest] 86877  - [39m04/13/2026, 4:11:59 PM [32m    LOG[39m [38;5;3m[RouterExplorer] [39m[32mMapped {/programas/:id, DELETE} route[39m[38;5;3m +0ms[39m
[32m[Nest] 86877  - [39m04/13/2026, 4:11:59 PM [32m    LOG[39m [38;5;3m[RoutesResolver] [39m[32mFuncionariosController {/funcionarios}:[39m[38;5;3m +0ms[39m
[32m[Nest] 86877  - [39m04/13/2026, 4:11:59 PM [32m    LOG[39m [38;5;3m[RouterExplorer] [39m[32mMapped {/funcionarios, POST} route[39m[38;5;3m +0ms[39m
[32m[Nest] 86877  - [39m04/13/2026, 4:11:59 PM [32m    LOG[39m [38;5;3m[RouterExplorer] [39m[32mMapped {/funcionarios/importar, POST} route[39m[38;5;3m +0ms[39m
[32m[Nest] 86877  - [39m04/13/2026, 4:11:59 PM [32m    LOG[39m [38;5;3m[RouterExplorer] [39m[32mMapped {/funcionarios, GET} route[39m[38;5;3m +0ms[39m
[32m[Nest] 86877  - [39m04/13/2026, 4:11:59 PM [32m    LOG[39m [38;5;3m[RouterExplorer] [39m[32mMapped {/funcionarios/:rut, GET} route[39m[38;5;3m +0ms[39m
[32m[Nest] 86877  - [39m04/13/2026, 4:11:59 PM [32m    LOG[39m [38;5;3m[RouterExplorer] [39m[32mMapped {/funcionarios/:rut, PATCH} route[39m[38;5;3m +0ms[39m
[32m[Nest] 86877  - [39m04/13/2026, 4:11:59 PM [32m    LOG[39m [38;5;3m[RouterExplorer] [39m[32mMapped {/funcionarios/:rut, DELETE} route[39m[38;5;3m +0ms[39m
[32m[Nest] 86877  - [39m04/13/2026, 4:11:59 PM [32m    LOG[39m [38;5;3m[RoutesResolver] [39m[32mPeriodosController {/periodos}:[39m[38;5;3m +0ms[39m
[32m[Nest] 86877  - [39m04/13/2026, 4:11:59 PM [32m    LOG[39m [38;5;3m[RouterExplorer] [39m[32mMapped {/periodos, POST} route[39m[38;5;3m +1ms[39m
[32m[Nest] 86877  - [39m04/13/2026, 4:11:59 PM [32m    LOG[39m [38;5;3m[RouterExplorer] [39m[32mMapped {/periodos, GET} route[39m[38;5;3m +0ms[39m
[32m[Nest] 86877  - [39m04/13/2026, 4:11:59 PM [32m    LOG[39m [38;5;3m[RouterExplorer] [39m[32mMapped {/periodos/:id, GET} route[39m[38;5;3m +0ms[39m
[32m[Nest] 86877  - [39m04/13/2026, 4:11:59 PM [32m    LOG[39m [38;5;3m[RouterExplorer] [39m[32mMapped {/periodos/:id, PATCH} route[39m[38;5;3m +0ms[39m
[32m[Nest] 86877  - [39m04/13/2026, 4:11:59 PM [32m    LOG[39m [38;5;3m[RouterExplorer] [39m[32mMapped {/periodos/:id, DELETE} route[39m[38;5;3m +0ms[39m
[32m[Nest] 86877  - [39m04/13/2026, 4:11:59 PM [32m    LOG[39m [38;5;3m[RoutesResolver] [39m[32mConsolidadosController {/consolidados}:[39m[38;5;3m +0ms[39m
[32m[Nest] 86877  - [39m04/13/2026, 4:11:59 PM [32m    LOG[39m [38;5;3m[RouterExplorer] [39m[32mMapped {/consolidados, POST} route[39m[38;5;3m +0ms[39m
[32m[Nest] 86877  - [39m04/13/2026, 4:11:59 PM [32m    LOG[39m [38;5;3m[RouterExplorer] [39m[32mMapped {/consolidados, GET} route[39m[38;5;3m +0ms[39m
[32m[Nest] 86877  - [39m04/13/2026, 4:11:59 PM [32m    LOG[39m [38;5;3m[RouterExplorer] [39m[32mMapped {/consolidados/:id, GET} route[39m[38;5;3m +1ms[39m
[32m[Nest] 86877  - [39m04/13/2026, 4:11:59 PM [32m    LOG[39m [38;5;3m[RouterExplorer] [39m[32mMapped {/consolidados/:id, PATCH} route[39m[38;5;3m +0ms[39m
[32m[Nest] 86877  - [39m04/13/2026, 4:11:59 PM [32m    LOG[39m [38;5;3m[RouterExplorer] [39m[32mMapped {/consolidados/:id, DELETE} route[39m[38;5;3m +0ms[39m
[32m[Nest] 86877  - [39m04/13/2026, 4:11:59 PM [32m    LOG[39m [38;5;3m[RoutesResolver] [39m[32mHorasExtrasController {/horas-extras}:[39m[38;5;3m +0ms[39m
[32m[Nest] 86877  - [39m04/13/2026, 4:11:59 PM [32m    LOG[39m [38;5;3m[RouterExplorer] [39m[32mMapped {/horas-extras, POST} route[39m[38;5;3m +1ms[39m
[32m[Nest] 86877  - [39m04/13/2026, 4:11:59 PM [32m    LOG[39m [38;5;3m[RouterExplorer] [39m[32mMapped {/horas-extras, GET} route[39m[38;5;3m +0ms[39m
[32m[Nest] 86877  - [39m04/13/2026, 4:11:59 PM [32m    LOG[39m [38;5;3m[RouterExplorer] [39m[32mMapped {/horas-extras/:id, GET} route[39m[38;5;3m +0ms[39m
[32m[Nest] 86877  - [39m04/13/2026, 4:11:59 PM [32m    LOG[39m [38;5;3m[RouterExplorer] [39m[32mMapped {/horas-extras/:id, PATCH} route[39m[38;5;3m +1ms[39m
[32m[Nest] 86877  - [39m04/13/2026, 4:11:59 PM [32m    LOG[39m [38;5;3m[RouterExplorer] [39m[32mMapped {/horas-extras/bulk/:consolidadoId, PATCH} route[39m[38;5;3m +0ms[39m
[32m[Nest] 86877  - [39m04/13/2026, 4:11:59 PM [32m    LOG[39m [38;5;3m[RouterExplorer] [39m[32mMapped {/horas-extras/:id, DELETE} route[39m[38;5;3m +0ms[39m
[32m[Nest] 86877  - [39m04/13/2026, 4:11:59 PM [32m    LOG[39m [38;5;3m[RoutesResolver] [39m[32mAuditController {/audit}:[39m[38;5;3m +0ms[39m
[32m[Nest] 86877  - [39m04/13/2026, 4:11:59 PM [32m    LOG[39m [38;5;3m[RouterExplorer] [39m[32mMapped {/audit, GET} route[39m[38;5;3m +0ms[39m
[32m[Nest] 86877  - [39m04/13/2026, 4:11:59 PM [32m    LOG[39m [38;5;3m[RoutesResolver] [39m[32mTurnosUrgenciaController {/turnos-urgencia}:[39m[38;5;3m +0ms[39m
[32m[Nest] 86877  - [39m04/13/2026, 4:11:59 PM [32m    LOG[39m [38;5;3m[RouterExplorer] [39m[32mMapped {/turnos-urgencia, POST} route[39m[38;5;3m +0ms[39m
[32m[Nest] 86877  - [39m04/13/2026, 4:11:59 PM [32m    LOG[39m [38;5;3m[RouterExplorer] [39m[32mMapped {/turnos-urgencia, GET} route[39m[38;5;3m +0ms[39m
[32m[Nest] 86877  - [39m04/13/2026, 4:11:59 PM [32m    LOG[39m [38;5;3m[RouterExplorer] [39m[32mMapped {/turnos-urgencia/:id, GET} route[39m[38;5;3m +0ms[39m
[32m[Nest] 86877  - [39m04/13/2026, 4:11:59 PM [32m    LOG[39m [38;5;3m[RouterExplorer] [39m[32mMapped {/turnos-urgencia/:id, PATCH} route[39m[38;5;3m +0ms[39m
[32m[Nest] 86877  - [39m04[32m[Nest] 86881  - [39m04/13/2026, 4:11:59 PM [32m    LOG[39m [38;5;3m[InstanceLoader] [39m[32mAppModule dependencies initialized[39m[38;5;3m +7ms[39m
[32m[Nest] 86881  - [39m04/13/2026, 4:11:59 PM [32m    LOG[39m [38;5;3m[InstanceLoader] [39m[32mReportesModule dependencies initialized[39m[38;5;3m +0ms[39m
[32m[Nest] 86881  - [39m04/13/2026, 4:11:59 PM [32m    LOG[39m [38;5;3m[InstanceLoader] [39m[32mCentrosSaludModule dependencies initialized[39m[38;5;3m +0ms[39m
[32m[Nest] 86881  - [39m04/13/2026, 4:11:59 PM [32m    LOG[39m [38;5;3m[InstanceLoader] [39m[32mUsuariosModule dependencies initialized[39m[38;5;3m +0ms[39m
[32m[Nest] 86881  - [39m04/13/2026, 4:11:59 PM [32m    LOG[39m [38;5;3m[InstanceLoader] [39m[32mProgramasModule dependencies initialized[39m[38;5;3m +0ms[39m
[32m[Nest] 86881  - [39m04/13/2026, 4:11:59 PM [32m    LOG[39m [38;5;3m[InstanceLoader] [39m[32mPeriodosModule dependencies initialized[39m[38;5;3m +0ms[39m
[32m[Nest] 86881  - [39m04/13/2026, 4:11:59 PM [32m    LOG[39m [38;5;3m[InstanceLoader] [39m[32mConsolidadosModule dependencies initialized[39m[38;5;3m +0ms[39m
[32m[Nest] 86881  - [39m04/13/2026, 4:11:59 PM [32m    LOG[39m [38;5;3m[InstanceLoader] [39m[32mTurnosUrgenciaModule dependencies initialized[39m[38;5;3m +0ms[39m
[32m[Nest] 86881  - [39m04/13/2026, 4:11:59 PM [32m    LOG[39m [38;5;3m[InstanceLoader] [39m[32mViaticosModule dependencies initialized[39m[38;5;3m +0ms[39m
[32m[Nest] 86881  - [39m04/13/2026, 4:11:59 PM [32m    LOG[39m [38;5;3m[InstanceLoader] [39m[32mAtrasosModule dependencies initialized[39m[38;5;3m +0ms[39m
[32m[Nest] 86881  - [39m04/13/2026, 4:11:59 PM [32m    LOG[39m [38;5;3m[InstanceLoader] [39m[32mProcedimientosModule dependencies initialized[39m[38;5;3m +0ms[39m
[32m[Nest] 86881  - [39m04/13/2026, 4:11:59 PM [32m    LOG[39m [38;5;3m[InstanceLoader] [39m[32mHorasExtrasModule dependencies initialized[39m[38;5;3m +0ms[39m
[32m[Nest] 86881  - [39m04/13/2026, 4:11:59 PM [32m    LOG[39m [38;5;3m[InstanceLoader] [39m[32mFuncionariosModule dependencies initialized[39m[38;5;3m +0ms[39m
[32m[Nest] 86881  - [39m04/13/2026, 4:11:59 PM [32m    LOG[39m [38;5;3m[InstanceLoader] [39m[32mAuditModule dependencies initialized[39m[38;5;3m +0ms[39m
[32m[Nest] 86881  - [39m04/13/2026, 4:11:59 PM [32m    LOG[39m [38;5;3m[RoutesResolver] [39m[32mAppController {/}:[39m[38;5;3m +6ms[39m
[32m[Nest] 86881  - [39m04/13/2026, 4:11:59 PM [32m    LOG[39m [38;5;3m[RouterExplorer] [39m[32mMapped {/, GET} route[39m[38;5;3m +3ms[39m
[32m[Nest] 86881  - [39m04/13/2026, 4:11:59 PM [32m    LOG[39m [38;5;3m[RouterExplorer] [39m[32mMapped {/debug-routes, GET} route[39m[38;5;3m +0ms[39m
[32m[Nest] 86881  - [39m04/13/2026, 4:11:59 PM [32m    LOG[39m [38;5;3m[RoutesResolver] [39m[32mCentrosSaludController {/centros-salud}:[39m[38;5;3m +1ms[39m
[32m[Nest] 86881  - [39m04/13/2026, 4:11:59 PM [32m    LOG[39m [38;5;3m[RouterExplorer] [39m[32mMapped {/centros-salud, POST} route[39m[38;5;3m +0ms[39m
[32m[Nest] 86881  - [39m04/13/2026, 4:11:59 PM [32m    LOG[39m [38;5;3m[RouterExplorer] [39m[32mMapped {/centros-salud, GET} route[39m[38;5;3m +0ms[39m
[32m[Nest] 86881  - [39m04/13/2026, 4:11:59 PM [32m    LOG[39m [38;5;3m[RouterExplorer] [39m[32mMapped {/centros-salud/:id, GET} route[39m[38;5;3m +1ms[39m
[32m[Nest] 86881  - [39m04/13/2026, 4:11:59 PM [32m    LOG[39m [38;5;3m[Ro[32m[Nest] 86877  - [39m04/13/2026, 4:11:59 PM [32m    LOG[39m [38;5;3m[NestApplication] [39m[32mNest application successfully started[39m[38;5;3m +50ms[39m
[31m[Nest] 86877  - [39m04/13/2026, 4:11:59 PM [31m  ERROR[39m [38;5;3m[NestApplication] [39m[31mError: listen EADDRINUSE: address already in use :::3000[39m[38;5;3m +2ms[39m
node:net:1937
    const ex = new UVExceptionWithHostPort(err, 'listen', address, port);
               ^

Error: listen EADDRINUSE: address already in use :::3000
    at Server.setupListenHandle [as _listen2] (node:net:1937:16)
    at listenInCluster (node:net:1994:12)
    at Server.listen (node:net:2099:7)
    at ExpressAdapter.listen (/Users/juanvidalp/Documents/REMUNERACIONES 2026/backend/node_modules/@nestjs/platform-express/adapters/express-adapter.js:115:32)
    at /Users/juanvidalp/Documents/REMUNERACIONES 2026/backend/node_modules/@nestjs/core/nest-application.js:188:30
    at new Promise (<anonymous>)
    at NestApplication.listen (/Users/juanvidalp/Documents/REMUNERACIONES 2026/backend/node_modules/@nestjs/core/nest-application.js:178:16)
    at async bootstrap (/Users/juanvidalp/Documents/REMUNERACIONES 2026/backend/src/main.ts:21:3) {
  code: 'EADDRINUSE',
  errno: -48,
  syscall: 'listen',
  address: '::',
  port: 3000
}

Node.js v22.14.0
[32mProgramasController {/programas}:[39m[38;5;3m +0ms[39m
[32m[Nest] 86881  - [39m04/13/2026, 4:11:59 PM [32m    LOG[39m [38;5;3m[RouterExplorer] [39m[32mMapped {/programas, POST} route[39m[38;5;3m +0ms[39m
[32m[Nest] 86881  - [39m04/13/2026, 4:11:59 PM [32m    LOG[39m [38;5;3m[RouterExplorer] [39m[32mMapped {/programas, GET} route[39m[38;5;3m +0ms[39m
[32m[Nest] 86881  - [39m04/13/2026, 4:11:59 PM [32m    LOG[39m [38;5;3m[RouterExplorer] [39m[32mMapped {/programas/:id, GET} route[39m[38;5;3m +0ms[39m
[32m[Nest] 86881  - [39m04/13/2026, 4:11:59 PM [32m    LOG[39m [38;5;3m[RouterExplorer] [39m[32mMapped {/programas/:id, PATCH} route[39m[38;5;3m +0ms[39m
[32m[Nest] 86881  - [39m04/13/2026, 4:11:59 PM [32m    LOG[39m [38;5;3m[RouterExplorer] [39m[32mMapped {/programas/:id, DELETE} route[39m[38;5;3m +0ms[39m
[32m[Nest] 86881  - [39m04/13/2026, 4:11:59 PM [32m    LOG[39m [38;5;3m[RoutesResolver] [39m[32mFuncionariosController {/funcionarios}:[39m[38;5;3m +0ms[39m
[32m[Nest] 86881  - [39m04/13/2026, 4:11:59 PM [32m    LOG[39m [38;5;3m[RouterExplorer] [39m[32mMapped {/funcionarios, POST} route[39m[38;5;3m +0ms[39m
[32m[Nest] 86881  - [39m04/13/2026, 4:11:59 PM [32m    LOG[39m [38;5;3m[RouterExplorer] [39m[32mMapped {/funcionarios/importar, POST} route[39m[38;5;3m +1ms[39m
[32m[Nest] 86881  - [39m04/13/2026, 4:11:59 PM [32m    LOG[39m [38;5;3m[RouterExplorer] [39m[32mMapped {/funcionarios, GET} route[39m[38;5;3m +0ms[39m
[32m[Nest] 86881  - [39m04/13/2026, 4:11:59 PM [32m    LOG[39m [38;5;3m[RouterExplorer] [39m[32mMapped {/funcionarios/:rut, GET} route[39m[38;5;3m +1ms[39m
[32m[Nest] 86881  - [39m04/13/2026, 4:11:59 PM [32m    LOG[39m [38;5;3m[RouterExplorer] [39m[32mMapped {/funcionarios/:rut, PATCH} route[39m[38;5;3m +0ms[39m
[32m[Nest] 86881  - [39m04/13/2026, 4:11:59 PM [32m    LOG[39m [38;5;3m[RouterExplorer] [39m[32mMapped {/funcionarios/:rut, DELETE} route[39m[38;5;3m +0ms[39m
[32m[Nest] 86881  - [39m04/13/2026, 4:11:59 PM [32m    LOG[39m [38;5;3m[RoutesResolver] [39m[32mPeriodosController {/periodos}:[39m[38;5;3m +0ms[39m
[32m[Nest] 86881  - [39m04/13/2026, 4:11:59 PM [32m    LOG[39m [38;5;3m[RouterExplorer] [39m[32mMapped {/periodos, POST} route[39m[38;5;3m +1ms[39m
[32m[Nest] 86881  - [39m04/13/2026, 4:11:59 PM [32m    LOG[39m [38;5;3m[RouterExplorer] [39m[32mMapped {/periodos, GET} route[39m[38;5;3m +0ms[39m
[32m[Nest] 86881  - [39m04/13/2026, 4:11:59 PM [32m    LOG[39m [38;5;3m[RouterExplorer] [39m[32mMapped {/periodos/:id, GET} route[39m[38;5;3m +1ms[39m
[32m[Nest] 86881  - [39m04/13/2026, 4:11:59 PM [32m    LOG[39m [38;5;3m[RouterExplorer] [39m[32mMapped {/periodos/:id, PATCH} route[39m[38;5;3m +0ms[39m
[32m[Nest] 86881  - [39m04/13/2026, 4:11:59 PM [32m    LOG[39m [38;5;3m[RouterExplorer] [39m[32mMapped {/periodos/:id, DELETE} route[39m[38;5;3m +0ms[39m
[32m[Nest] 86881  - [39m04/13/2026, 4:11:59 PM [32m    LOG[39m [38;5;3m[RoutesResolver] [39m[32mConsolidadosController {/consolidados}:[39m[38;5;3m +0ms[39m
[32m[Nest] 86881  - [39m04/13/2026, 4:11:59 PM [32m    LOG[39m [38;5;3m[RouterExplorer] [39m[32mMapped {/consolidados, POST} route[39m[38;5;3m +0ms[39m
[32m[Nest] 86881  - [39m04/13/2026, 4:11:59 PM [32m    LOG[39m [38;5;3m[RouterExplorer] [39m[32mMapped {/consolidados, GET} route[39m[38;5;3m +0ms[39m
[32m[Nest] 86881  - [39m04/13/2026, 4:11:59 PM [32m    LOG[39m [38;5;3m[RouterExplorer] [39m[32mMapped {/consolidados/:id, GET} route[39m[38;5;3m +0ms[39m
[32m[Nest] 86881  - [39m04/13/2026, 4:11:59 PM [32m    LOG[39m [38;5;3m[RouterExplorer] [39m[32mMapped {/consolidados/:id, PATCH} route[39m[38;5;3m +0ms[39m
[32m[Nest] 86881  - [39m04/13/2026, 4:11:59 PM [32m    LOG[39m [38;5;3m[RouterExplorer] [39m[32mMapped {/consolidados/:id, DELETE} route[39m[38;5;3m +0ms[39m
[32m[Nest] 86881  - [39m04/13/2026, 4:11:59 PM [32m    LOG[39m [38;5;3m[RoutesResolver] [39m[32mHorasExtrasController {/horas-extras}:[39m[38;5;3m +0ms[39m
[32m[Nest] 86881  - [39m04/13/2026, 4:11:59 PM [32m    LOG[39m [38;5;3m[RouterExplorer] [39m[32mMapped {/horas-extras, POST} route[39m[38;5;3m +0ms[39m
[32m[Nest] 86881  - [39m04/13/2026, 4:11:59 PM [32m    LOG[39m [38;5;3m[RouterExplorer] [39m[32mMapped {/horas-extras, GET} route[39m[38;5;3m +0ms[39m
[32m[Nest] 86881  - [39m04/13/2026, 4:11:59 PM [32m    LOG[39m [38;5;3m[RouterExplorer] [39m[32mMapped {/horas-extras/:id, GET} route[39m[38;5;3m +0ms[39m
[32m[Nest] 86881  - [39m04/13/2026, 4:11:59 PM [32m    LOG[39m [38;5;3m[RouterExplorer] [39m[32mMapped {/horas-extras/:id, PATCH} route[39m[38;5;3m +1ms[39m
[32m[Nest] 86881  - [39m04/13/2026, 4:11:59 PM [32m    LOG[39m [38;5;3m[RouterExplorer] [39m[32mMapped {/horas-extras/bulk/:consolidadoId, PATCH} route[39m[38;5;3m +0ms[39m
[32m[Nest] 86881  - [39m04/13/2026, 4:11:59 PM [32m    LOG[39m [38;5;3m[RouterExplorer] [39m[32mMapped {/horas-extras/:id, DELETE} route[39m[38;5;3m +0ms[39m
[32m[Nest] 86881  - [39m04/13/2026, 4:11:59 PM [32m    LOG[39m [38;5;3m[RoutesResolver] [39m[32mAuditController {/audit}:[39m[38;5;3m +0ms[39m
[32m[Nest] 86881  - [39m04/13/2026, 4:11:59 PM [32m    LOG[39m [38;5;3m[RouterExplorer] [39m[32mMapped {/audit, GET} route[39m[38;5;3m +0ms[39m
[32m[Nest] 86881  - [39m04/13/2026, 4:11:59 PM [32m    LOG[39m [38;5;3m[RoutesResolver] [39m[32mTurnosUrgenciaController {/turnos-urgencia}:[39m[38;5;3m +0ms[39m
[32m[Nest] 86881  - [39m04/13/2026, 4:11:59 PM [32m    LOG[39m [38;5;3m[RouterExplorer] [39m[32mMapped {/turnos-urgencia, POST} route[39m[38;5;3m +0ms[39m
[32m[Nest] 86881  - [39m04/13/2026, 4:11:59 PM [32m    LOG[39m [38;5;3m[RouterExplorer] [39m[32mMapped {/turnos-urgencia, GET} route[39m[38;5;3m +0ms[39m
[32m[Nest] 86881  - [39m04/13/2026, 4:11:59 PM [32m    LOG[39m [38;5;3m[RouterExplorer] [39m[32mMapped {/turnos-urgencia/:id, GET} route[39m[38;5;3m +0ms[39m
[32m[Nest] 86881  - [39m04/13/2026, 4:11:59 PM [32m    LOG[39m [38;5;3m[RouterExplorer] [39m[32mMapped {/turnos-urgencia/:id, PATCH} route[39m[38;5;3m +0ms[39m
[32m[Nest] 86881  - [39m04/13/2026, 4:11:59 PM [32m    LOG[39m [38;5;3m[RouterExplorer] [39m[32mMapped {/turnos-urgencia/:id, DELETE} route[39m[38;5;3m +1ms[39m
[32m[Nest] 86881  - [39m04/13/2026, 4:11:59 PM [32m    LOG[39m [38;5;3m[RoutesResolver] [39m[32mViaticosController {/viaticos}:[39m[38;5;3m +0ms[39m
[32m[Nest] 86881  - [39m04/13/2026, 4:11:59 PM [32m    LOG[39m [38;5;3m[RouterExplorer] [39m[32mMapped {/viaticos, POST} route[39m[38;5;3m +0ms[39m
[32m[Nest] 86881  - [39m04/13/2026, 4:11:59 PM [32m    LOG[39m [38;5;3m[RouterExplorer] [39m[32mMapped {/viaticos, GET} route[39m[38;5;3m +1ms[39m
[32m[Nest] 86881  - [39m04/13/2026, 4:11:59 PM [32m    LOG[39m [38;5;3m[RouterExplorer] [39m[32mMapped {/viaticos/:id, GET} route[39m[38;5;3m +0ms[39m
[32m[Nest] 86881  - [39m04/13/2026, 4:11:59 PM [32m    LOG[39m [38;5;3m[RouterExplorer] [39m[32mMapped {/viaticos/:id, PATCH} route[39m[38;5;3m +0ms[39m
[32m[Nest] 86881  - [39m04/13/2026, 4:11:59 PM [32m    LOG[39m [38;5;3m[RouterExplorer] [39m[32mMapped {/viaticos/:id, DELETE} route[39m[38;5;3m +0ms[39m
[32m[Nest] 86881  - [39m04/13/2026, 4:11:59 PM [32m    LOG[39m [38;5;3m[RoutesResolver] [39m[32mAtrasosController {/atrasos}:[39m[38;5;3m +0ms[39m
[32m[Nest] 86881  - [39m04/13/2026, 4:11:59 PM [32m    LOG[39m [38;5;3m[RouterExplorer] [39m[32mMapped {/atrasos, POST} route[39m[38;5;3m +0ms[39m
[32m[Nest] 86881  - [39m04/13/2026, 4:11:59 PM [32m    LOG[39m [38;5;3m[RouterExplorer] [39m[32mMapped {/atrasos, GET} route[39m[38;5;3m +0ms[39m
[32m[Nest] 86881  - [39m04/13/2026, 4:11:59 PM [32m    LOG[39m [38;5;3m[RouterExplorer] [39m[32mMapped {/atrasos/:id, GET} route[39m[38;5;3m +0ms[39m
[32m[Nest] 86881  - [39m04/13/2026, 4:11:59 PM [32m    LOG[39m [38;5;3m[RouterExplorer] [39m[32mMapped {/atrasos/:id, PATCH} route[39m[38;5;3m +0ms[39m
[32m[Nest] 86881  - [39m04/13/2026, 4:11:59 PM [32m    LOG[39m [38;5;3m[RouterExplorer] [39m[32mMapped {/atrasos/:id, DELETE} route[39m[38;5;3m +0ms[39m
[32m[Nest] 86881  - [39m04/13/2026, 4:11:59 PM [32m    LOG[39m [38;5;3m[RoutesResolver] [39m[32mProcedimientosController {/procedimientos}:[39m[38;5;3m +0ms[39m
[32m[Nest] 86881  - [39m04/13/2026, 4:11:59 PM [32m    LOG[39m [38;5;3m[RouterExplorer] [39m[32mMapped {/procedimientos, POST} route[39m[38;5;3m +1ms[39m
[32m[Nest] 86881  - [39m04/13/2026, 4:11:59 PM [32m    LOG[39m [38;5;3m[RouterExplorer] [39m[32mMapped {/procedimientos, GET} route[39m[38;5;3m +0ms[39m
[32m[Nest] 86881  - [39m04/13/2026, 4:11:59 PM [32m    LOG[39m [38;5;3m[RouterExplorer] [39m[32mMapped {/procedimientos/:id, GET} route[39m[38;5;3m +0ms[39m
[32m[Nest] 86881  - [39m04/13/2026, 4:11:59 PM [32m    LOG[39m [38;5;3m[RouterExplorer] [39m[32mMapped {/procedimientos/:id, PATCH} route[39m[38;5;3m +0ms[39m
[32m[Nest] 86881  - [39m04/13/2026, 4:11:59 PM [32m    LOG[39m [38;5;3m[RouterExplorer] [39m[32mMapped {/procedimientos/:id, DELETE} route[39m[38;5;3m +0ms[39m
[32m[Nest] 86881  - [39m04/13/2026, 4:11:59 PM [32m    LOG[39m [38;5;3m[RoutesResolver] [39m[32mReportesController {/reportes}:[39m[38;5;3m +0ms[39m
[32m[Nest] 86881  - [39m04/13/2026, 4:11:59 PM [32m    LOG[39m [38;5;3m[RouterExplorer] [39m[32mMapped {/reportes/stats, GET} route[39m[38;5;3m +1ms[39m
[32m[Nest] 86881  - [39m04/13/2026, 4:11:59 PM [32m    LOG[39m [38;5;3m[RouterExplorer] [39m[32mMapped {/reportes/centros, GET} route[39m[38;5;3m +0ms[39m
[32m[Nest] 86881  - [39m04/13/2026, 4:11:59 PM [32m    LOG[39m [38;5;3m[NestApplication] [39m[32mNest application successfully started[39m[38;5;3m +30ms[39m
[31m[Nest] 86881  - [39m04/13/2026, 4:11:59 PM [31m  ERROR[39m [38;5;3m[NestApplication] [39m[31mError: listen EADDRINUSE: address already in use :::3000[39m[38;5;3m +1ms[39m
node:net:1937
    const ex = new UVExceptionWithHostPort(err, 'listen', address, port);
               ^

Error: listen EADDRINUSE: address already in use :::3000
    at Server.setupListenHandle [as _listen2] (node:net:1937:16)
    at listenInCluster (node:net:1994:12)
    at Server.listen (node:net:2099:7)
    at ExpressAdapter.listen (/Users/juanvidalp/Documents/REMUNERACIONES 2026/backend/node_modules/@nestjs/platform-express/adapters/express-adapter.js:115:32)
    at /Users/juanvidalp/Documents/REMUNERACIONES 2026/backend/node_modules/@nestjs/core/nest-application.js:188:30
    at new Promise (<anonymous>)
    at NestApplication.listen (/Users/juanvidalp/Documents/REMUNERACIONES 2026/backend/node_modules/@nestjs/core/nest-application.js:178:16)
    at async bootstrap (/Users/juanvidalp/Documents/REMUNERACIONES 2026/backend/src/main.ts:21:3) {
  code: 'EADDRINUSE',
  errno: -48,
  syscall: 'listen',
  address: '::',
  port: 3000
}

Node.js v22.14.0
rnosUrgenciaController {/turnos-urgencia}:[39m[38;5;3m +0ms[39m
[32m[Nest] 86158  - [39m04/13/2026, 4:05:53 PM [32m    LOG[39m [38;5;3m[RouterExplorer] [39m[32mMapped {/turnos-urgencia, POST} route[39m[38;5;3m +0ms[39m
[32m[Nest] 86158  - [39m04/13/2026, 4:05:53 PM [32m    LOG[39m [38;5;3m[RouterExplorer] [39m[32mMapped {/turnos-urgencia, GET} route[39m[38;5;3m +0ms[39m
[32m[Nest] 86158  - [39m04/13/2026, 4:05:53 PM [32m    LOG[39m [38;5;3m[RouterExplorer] [39m[32mMapped {/turnos-urgencia/:id, GET} route[39m[38;5;3m +0ms[39m
[32m[Nest] 86158  - [39m04/13/2026, 4:05:53 PM [32m    LOG[39m [38;5;3m[RouterExplorer] [39m[32mMapped {/turnos-urgencia/:id, PATCH} route[39m[38;5;3m +0ms[39m
[32m[Nest] 86158  - [39m04/13/2026, 4:05:53 PM [32m    LOG[39m [38;5;3m[RouterExplorer] [39m[32mMapped {/turnos-urgencia/:id, DELETE} route[39m[38;5;3m +0ms[39m
[32m[Nest] 86158  - [39m04/13/2026, 4:05:53 PM [32m    LOG[39m [38;5;3m[RoutesResolver] [39m[32mViaticosController {/viaticos}:[39m[38;5;3m +0ms[39m
[32m[Nest] 86158  - [39m04/13/2026, 4:05:53 PM [32m    LOG[39m [38;5;3m[RouterExplorer] [39m[32mMapped {/viaticos, POST} route[39m[38;5;3m +0ms[39m
[32m[Nest] 86158  - [39m04/13/2026, 4:05:53 PM [32m    LOG[39m [38;5;3m[RouterExplorer] [39m[32mMapped {/viaticos, GET} route[39m[38;5;3m +0ms[39m
[32m[Nest] 86158  - [39m04/13/2026, 4:05:53 PM [32m    LOG[39m [38;5;3m[RouterExplorer] [39m[32mMapped {/viaticos/:id, GET} route[39m[38;5;3m +0ms[39m
[32m[Nest] 86158  - [39m04/13/2026, 4:05:53 PM [32m    LOG[39m [38;5;3m[RouterExplorer] [39m[32mMapped {/viaticos/:id, PATCH} route[39m[38;5;3m +0ms[39m
[32m[Nest] 86158  - [39m04/13/2026, 4:05:53 PM [32m    LOG[39m [38;5;3m[RouterExplorer] [39m[32mMapped {/viaticos/:id, DELETE} route[39m[38;5;3m +0ms[39m
[32m[Nest] 86158  - [39m04/13/2026, 4:05:53 PM [32m    LOG[39m [38;5;3m[RoutesResolver] [39m[32mAtrasosController {/atrasos}:[39m[38;5;3m +0ms[39m
[32m[Nest] 86158  - [39m04/13/2026, 4:05:53 PM [32m    LOG[39m [38;5;3m[RouterExplorer] [39m[32mMapped {/atrasos, POST} route[39m[38;5;3m +0ms[39m
[32m[Nest] 86158  - [39m04/13/2026, 4:05:53 PM [32m    LOG[39m [38;5;3m[RouterExplorer] [39m[32mMapped {/atrasos, GET} route[39m[38;5;3m +0ms[39m
[32m[Nest] 86158  - [39m04/13/2026, 4:05:53 PM [32m    LOG[39m [38;5;3m[RouterExplorer] [39m[32mMapped {/atrasos/:id, GET} route[39m[38;5;3m +0ms[39m
[32m[Nest] 86158  - [39m04/13/2026, 4:05:53 PM [32m    LOG[39m [38;5;3m[RouterExplorer] [39m[32mMapped {/atrasos/:id, PATCH} route[39m[38;5;3m +0ms[39m
[32m[Nest] 86158  - [39m04/13/2026, 4:05:53 PM [32m    LOG[39m [38;5;3m[RouterExplorer] [39m[32mMapped {/atrasos/:id, DELETE} route[39m[38;5;3m +0ms[39m
[32m[Nest] 86158  - [39m04/13/2026, 4:05:53 PM [32m    LOG[39m [38;5;3m[RoutesResolver] [39m[32mProcedimientosController {/procedimientos}:[39m[38;5;3m +0ms[39m
[32m[Nest] 86158  - [39m04/13/2026, 4:05:53 PM [32m    LOG[39m [38;5;3m[RouterExplorer] [39m[32mMapped {/procedimientos, POST} route[39m[38;5;3m +1ms[39m
[32m[Nest] 86158  - [39m04/13/2026, 4:05:53 PM [32m    LOG[39m [38;5;3m[RouterExplorer] [39m[32mMapped {/procedimientos, GET} route[39m[38;5;3m +0ms[39m
[32m[Nest] 86158  - [39m04/13/2026, 4:05:53 PM [32m    LOG[39m [38;5;3m[RouterExplorer] [39m[32mMapped {/procedimientos/:id, GET} route[39m[38;5;3m +0ms[39m
[32m[Nest] 86158  - [39m04/13/2026, 4:05:53 PM [32m    LOG[39m [38;5;3m[RouterExplorer] [39m[32mMapped {/procedimientos/:id, PATCH} route[39m[38;5;3m +0ms[39m
[32m[Nest] 86158  - [39m04/13/2026, 4:05:53 PM [32m    LOG[39m [38;5;3m[RouterExplorer] [39m[32mMapped {/procedimientos/:id, DELETE} route[39m[38;5;3m +0ms[39m
[32m[Nest] 86158  - [39m04/13/2026, 4:05:53 PM [32m    LOG[39m [38;5;3m[RoutesResolver] [39m[32mReportesController {/reportes}:[39m[38;5;3m +0ms[39m
[32m[Nest] 86158  - [39m04/13/2026, 4:05:53 PM [32m    LOG[39m [38;5;3m[RouterExplorer] [39m[32mMapped {/reportes/stats, GET} route[39m[38;5;3m +0ms[39m
[32m[Nest] 86158  - [39m04/13/2026, 4:05:53 PM [32m    LOG[39m [38;5;3m[RouterExplorer] [39m[32mMapped {/reportes/centros, GET} route[39m[38;5;3m +0ms[39m
[32m[Nest] 86158  - [39m04/13/2026, 4:05:53 PM [32m    LOG[39m [38;5;3m[NestApplication] [39m[32mNest application successfully started[39m[38;5;3m +34ms[39m
[31m[Nest] 86158  - [39m04/13/2026, 4:05:53 PM [31m  ERROR[39m [38;5;3m[NestApplication] [39m[31mError: listen EADDRINUSE: address already in use :::3000[39m[38;5;3m +1ms[39m
node:net:1937
    const ex = new UVExceptionWithHostPort(err, 'listen', address, port);
               ^

Error: listen EADDRINUSE: address already in use :::3000
    at Server.setupListenHandle [as _listen2] (node:net:1937:16)
    at listenInCluster (node:net:1994:12)
    at Server.listen (node:net:2099:7)
    at ExpressAdapter.listen (/Users/juanvidalp/Documents/REMUNERACIONES 2026/backend/node_modules/@nestjs/platform-express/adapters/express-adapter.js:115:32)
    at /Users/juanvidalp/Documents/REMUNERACIONES 2026/backend/node_modules/@nestjs/core/nest-application.js:188:30
    at new Promise (<anonymous>)
    at NestApplication.listen (/Users/juanvidalp/Documents/REMUNERACIONES 2026/backend/node_modules/@nestjs/core/nest-application.js:178:16)
    at async bootstrap (/Users/juanvidalp/Documents/REMUNERACIONES 2026/backend/src/main.ts:21:3) {
  code: 'EADDRINUSE',
  errno: -48,
  syscall: 'listen',
  address: '::',
  port: 3000
}

Node.js v22.14.0
[2J[3J[H[[90m4:08:49 PM[0m] File change detected. Starting incremental compilation...

[[90m4:08:50 PM[0m] Found 0 errors. Watching for file changes.

[32m[Nest] 86484  - [39m04/13/2026, 4:08:51 PM [32m    LOG[39m [38;5;3m[NestFactory] [39m[32mStarting Nest application...[39m
[32m[Nest] 86484  - [39m04/13/2026, 4:08:51 PM [32m    LOG[39m [38;5;3m[InstanceLoader] [39m[32mPrismaModule dependencies initialized[39m[38;5;3m +12ms[39m
[32m[Nest] 86484  - [39m04/13/2026, 4:08:51 PM [32m    LOG[39m [38;5;3m[InstanceLoader] [39m[32mAppModule dependencies initialized[39m[38;5;3m +1ms[39m
[32m[Nest] 86484  - [39m04/13/2026, 4:08:51 PM [32m    LOG[39m [38;5;3m[InstanceLoader] [39m[32mReportesModule dependencies initialized[39m[38;5;3m +1ms[39m
[32m[Nest] 86484  - [39m04/13/2026, 4:08:51 PM [32m    LOG[39m [38;5;3m[InstanceLoader] [39m[32mCentrosSaludModule dependencies initialized[39m[38;5;3m +0ms[39m
[32m[Nest] 86484  - [39m04/13/2026, 4:08:51 PM [32m    LOG[39m [38;5;3m[InstanceLoader] [39m[32mUsuariosModule dependencies initialized[39m[38;5;3m +0ms[39m
[32m[Nest] 86484  - [39m04/13/2026, 4:08:51 PM [32m    LOG[39m [38;5;3m[InstanceLoader] [39m[32mProgramasModule dependencies initialized[39m[38;5;3m +0ms[39m
[32m[Nest] 86484  - [39m04/13/2026, 4:08:51 PM [32m    LOG[39m [38;5;3m[InstanceLoader] [39m[32mPeriodosModule dependencies initialized[39m[38;5;3m +0ms[39m
[32m[Nest] 86484  - [39m04/13/2026, 4:08:51 PM [32m    LOG[39m [38;5;3m[InstanceLoader] [39m[32mConsolidadosModule dependencies initialized[39m[38;5;3m +0ms[39m
[32m[Nest] 86484  - [39m04/13/2026, 4:08:51 PM [32m    LOG[39m [38;5;3m[InstanceLoader] [39m[32mTurnosUrgenciaModule dependencies initialized[39m[38;5;3m +0ms[39m
[32m[Nest] 86484  - [39m04/13/2026, 4:08:51 PM [32m    LOG[39m [38;5;3m[InstanceLoader] [39m[32mViaticosModule dependencies initialized[39m[38;5;3m +0ms[39m
[32m[Nest] 86484  - [39m04/13/2026, 4:08:51 PM [32m    LOG[39m [38;5;3m[InstanceLoader] [39m[32mAtrasosModule dependencies initialized[39m[38;5;3m +0ms[39m
[32m[Nest] 86484  - [39m04/13/2026, 4:08:51 PM [32m    LOG[39m [38;5;3m[InstanceLoader] [39m[32mProcedimientosModule dependencies initialized[39m[38;5;3m +0ms[39m
[32m[Nest] 86484  - [39m04/13/2026, 4:08:51 PM [32m    LOG[39m [38;5;3m[InstanceLoader] [39m[32mHorasExtrasModule dependencies initialized[39m[38;5;3m +0ms[39m
[32m[Nest] 86484  - [39m04/13/2026, 4:08:51 PM [32m    LOG[39m [38;5;3m[InstanceLoader] [39m[32mFuncionariosModule dependencies initialized[39m[38;5;3m +0ms[39m
[32m[Nest] 86484  - [39m04/13/2026, 4:08:51 PM [32m    LOG[39m [38;5;3m[InstanceLoader] [39m[32mAuditModule dependencies initialized[39m[38;5;3m +0ms[39m
[32m[Nest] 86484  - [39m04/13/2026, 4:08:51 PM [32m    LOG[39m [38;5;3m[RoutesResolver] [39m[32mAppController {/}:[39m[38;5;3m +5ms[39m
[32m[Nest] 86484  - [39m04/13/2026, 4:08:51 PM [32m    LOG[39m [38;5;3m[RouterExplorer] [39m[32mMapped {/, GET} route[39m[38;5;3m +2ms[39m
[32m[Nest] 86484  - [39m04/13/2026, 4:08:51 PM [32m    LOG[39m [38;5;3m[RouterExplorer] [39m[32mMapped {/debug-routes, GET} route[39m[38;5;3m +0ms[39m
[32m[Nest] 86484  - [39m04/13/2026, 4:08:51 PM [32m    LOG[39m [38;5;3m[RoutesResolver] [39m[32mCentrosSaludController {/centros-salud}:[39m[38;5;3m +0ms[39m
[32m[Nest] 86484  - [39m04/13/2026, 4:08:51 PM [32m    LOG[39m [38;5;3m[RouterExplorer] [39m[32mMapped {/centros-salud, POST} route[39m[38;5;3m +0ms[39m
[32m[Nest] 86484  - [39m04/13/2026, 4:08:51 PM [32m    LOG[39m [38;5;3m[RouterExplorer] [39m[32mMapped {/centros-salud, GET} route[39m[38;5;3m +0ms[39m
[32m[Nest] 86484  - [39m04/13/2026, 4:08:51 PM [32m    LOG[39m [38;5;3m[RouterExplorer] [39m[32mMapped {/centros-salud/:id, GET} route[39m[38;5;3m +1ms[39m
[32m[Nest] 86484  - [39m04/13/2026, 4:08:51 PM [32m    LOG[39m [38;5;3m[RouterExplorer] [39m[32mMapped {/centros-salud/:id, PATCH} route[39m[38;5;3m +0ms[39m
[32m[Nest] 86484  - [39m04/13/2026, 4:08:51 PM [32m    LOG[39m [38;5;3m[RouterExplorer] [39m[32mMapped {/centros-salud/:id, DELETE} route[39m[38;5;3m +0ms[39m
[32m[Nest] 86484  - [39m04/13/2026, 4:08:51 PM [32m    LOG[39m [38;5;3m[RoutesResolver] [39m[32mUsuariosController {/usuarios}:[39m[38;5;3m +0ms[39m
[32m[Nest] 86484  - [39m04/13/2026, 4:08:51 PM [32m    LOG[39m [38;5;3m[RouterExplorer] [39m[32mMapped {/usuarios, POST} route[39m[38;5;3m +0ms[39m
[32m[Nest] 86484  - [39m04/13/2026, 4:08:51 PM [32m    LOG[39m [38;5;3m[RouterExplorer] [39m[32mMapped {/usuarios, GET} route[39m[38;5;3m +1ms[39m
[32m[Nest] 86484  - [39m04/13/2026, 4:08:51 PM [32m    LOG[39m [38;5;3m[RouterExplorer] [39m[32mMapped {/usuarios/:id, GET} route[39m[38;5;3m +0ms[39m
[32m[Nest] 86484  - [39m04/13/2026, 4:08:51 PM [32m    LOG[39m [38;5;3m[RouterExplorer] [39m[32mMapped {/usuarios/:id, PATCH} route[39m[38;5;3m +0ms[39m
[32m[Nest] 86484  - [39m04/13/2026, 4:08:51 PM [32m    LOG[39m [38;5;3m[RouterExplorer] [39m[32mMapped {/usuarios/:id, DELETE} route[39m[38;5;3m +0ms[39m
[32m[Nest] 86484  - [39m04/13/2026, 4:08:51 PM [32m    LOG[39m [38;5;3m[RoutesResolver] [39m[32mProgramasController {/programas}:[39m[38;5;3m +0ms[39m
[32m[Nest] 86484  - [39m04/13/2026, 4:08:51 PM [32m    LOG[39m [38;5;3m[RouterExplorer] [39m[32mMapped {/programas, POST} route[39m[38;5;3m +1ms[39m
[32m[Nest] 86484  - [39m04/13/2026, 4:08:51 PM [32m    LOG[39m [38;5;3m[RouterExplorer] [39m[32mMapped {/programas, GET} route[39m[38;5;3m +0ms[39m
[32m[Nest] 86484  - [39m04/13/2026, 4:08:51 PM [32m    LOG[39m [38;5;3m[RouterExplorer] [39m[32mMapped {/programas/:id, GET} route[39m[38;5;3m +0ms[39m
[32m[Nest] 86484  - [39m04/13/2026, 4:08:51 PM [32m    LOG[39m [38;5;3m[RouterExplorer] [39m[32mMapped {/programas/:id, PATCH} route[39m[38;5;3m +0ms[39m
[32m[Nest] 86484  - [39m04/13/2026, 4:08:51 PM [32m    LOG[39m [38;5;3m[RouterExplorer] [39m[32mMapped {/programas/:id, DELETE} route[39m[38;5;3m +0ms[39m
[32m[Nest] 86484  - [39m04/13/2026, 4:08:51 PM [32m    LOG[39m [38;5;3m[RoutesResolver] [39m[32mFuncionariosController {/funcionarios}:[39m[38;5;3m +0ms[39m
[32m[Nest] 86484  - [39m04/13/2026, 4:08:51 PM [32m    LOG[39m [38;5;3m[RouterExplorer] [39m[32mMapped {/funcionarios, POST} route[39m[38;5;3m +0ms[39m
[32m[Nest] 86484  - [39m04/13/2026, 4:08:51 PM [32m    LOG[39m [38;5;3m[RouterExplorer] [39m[32mMapped {/funcionarios/importar, POST} route[39m[38;5;3m +0ms[39m
[32m[Nest] 86484  - [39m04/13/2026, 4:08:51 PM [32m    LOG[39m [38;5;3m[RouterExplorer] [39m[32mMapped {/funcionarios, GET} route[39m[38;5;3m +0ms[39m
[32m[Nest] 86484  - [39m04/13/2026, 4:08:51 PM [32m    LOG[39m [38;5;3m[RouterExplorer] [39m[32mMapped {/funcionarios/:rut, GET} route[39m[38;5;3m +0ms[39m
[32m[Nest] 86484  - [39m04/13/2026, 4:08:51 PM [32m    LOG[39m [38;5;3m[RouterExplorer] [39m[32mMapped {/funcionarios/:rut, PATCH} route[39m[38;5;3m +0ms[39m
[32m[Nest] 86484  - [39m04/13/2026, 4:08:51 PM [32m    LOG[39m [38;5;3m[RouterExplorer] [39m[32mMapped {/funcionarios/:rut, DELETE} route[39m[38;5;3m +0ms[39m
[32m[Nest] 86484  - [39m04/13/2026, 4:08:51 PM [32m    LOG[39m [38;5;3m[RoutesResolver] [39m[32mPeriodosController {/periodos}:[39m[38;5;3m +0ms[39m
[32m[Nest] 86484  - [39m04/13/2026, 4:08:51 PM [32m    LOG[39m [38;5;3m[RouterExplorer] [39m[32mMapped {/periodos, POST} route[39m[38;5;3m +0ms[39m
[32m[Nest] 86484  - [39m04/13/2026, 4:08:51 PM [32m    LOG[39m [38;5;3m[RouterExplorer] [39m[32mMapped {/periodos, GET} route[39m[38;5;3m +1ms[39m
[32m[Nest] 86484  - [39m04/13/2026, 4:08:51 PM [32m    LOG[39m [38;5;3m[RouterExplorer] [39m[32mMapped {/periodos/:id, GET} route[39m[38;5;3m +0ms[39m
[32m[Nest] 86484  - [39m04/13/2026, 4:08:51 PM [32m    LOG[39m [38;5;3m[RouterExplorer] [39m[32mMapped {/periodos/:id, PATCH} route[39m[38;5;3m +0ms[39m
[32m[Nest] 86484  - [39m04/13/2026, 4:08:51 PM [32m    LOG[39m [38;5;3m[RouterExplorer] [39m[32mMapped {/periodos/:id, DELETE} route[39m[38;5;3m +0ms[39m
[32m[Nest] 86484  - [39m04/13/2026, 4:08:51 PM [32m    LOG[39m [38;5;3m[RoutesResolver] [39m[32mConsolidadosController {/consolidados}:[39m[38;5;3m +0ms[39m
[32m[Nest] 86484  - [39m04/13/2026, 4:08:51 PM [32m    LOG[39m [38;5;3m[RouterExplorer] [39m[32mMapped {/consolidados, POST} route[39m[38;5;3m +0ms[39m
[32m[Nest] 86484  - [39m04/13/2026, 4:08:51 PM [32m    LOG[39m [38;5;3m[RouterExplorer] [39m[32mMapped {/consolidados, GET} route[39m[38;5;3m +0ms[39m
[32m[Nest] 86484  - [39m04/13/2026, 4:08:51 PM [32m    LOG[39m [38;5;3m[RouterExplorer] [39m[32mMapped {/consolidados/:id, GET} route[39m[38;5;3m +0ms[39m
[32m[Nest] 86484  - [39m04/13/2026, 4:08:51 PM [32m    LOG[39m [38;5;3m[RouterExplorer] [39m[32mMapped {/consolidados/:id, PATCH} route[39m[38;5;3m +0ms[39m
[32m[Nest] 86484  - [39m04/13/2026, 4:08:51 PM [32m    LOG[39m [38;5;3m[RouterExplorer] [39m[32mMapped {/consolidados/:id, DELETE} route[39m[38;5;3m +0ms[39m
[32m[Nest] 86484  - [39m04/13/2026, 4:08:51 PM [32m    LOG[39m [38;5;3m[RoutesResolver] [39m[32mHorasExtrasController {/horas-extras}:[39m[38;5;3m +1ms[39m
[32m[Nest] 86484  - [39m04/13/2026, 4:08:51 PM [32m    LOG[39m [38;5;3m[RouterExplorer] [39m[32mMapped {/horas-extras, POST} route[39m[38;5;3m +0ms[39m
[32m[Nest] 86484  - [39m04/13/2026, 4:08:51 PM [32m    LOG[39m [38;5;3m[RouterExplorer] [39m[32mMapped {/horas-extras, GET} route[39m[38;5;3m +0ms[39m
[32m[Nest] 86484  - [39m04/13/2026, 4:08:51 PM [32m    LOG[39m [38;5;3m[RouterExplorer] [39m[32mMapped {/horas-extras/:id, GET} route[39m[38;5;3m +0ms[39m
[32m[Nest] 86484  - [39m04/13/2026, 4:08:51 PM [32m    LOG[39m [38;5;3m[RouterExplorer] [39m[32mMapped {/horas-extras/:id, PATCH} route[39m[38;5;3m +0ms[39m
[32m[Nest] 86484  - [39m04/13/2026, 4:08:51 PM [32m    LOG[39m [38;5;3m[RouterExplorer] [39m[32mMapped {/horas-extras/bulk/:consolidadoId, PATCH} route[39m[38;5;3m +0ms[39m
[32m[Nest] 86484  - [39m04/13/2026, 4:08:51 PM [32m    LOG[39m [38;5;3m[RouterExplorer] [39m[32mMapped {/horas-extras/:id, DELETE} route[39m[38;5;3m +0ms[39m
[32m[Nest] 86484  - [39m04/13/2026, 4:08:51 PM [32m    LOG[39m [38;5;3m[RoutesResolver] [39m[32mAuditController {/audit}:[39m[38;5;3m +0ms[39m
[32m[Nest] 86484  - [39m04/13/2026, 4:08:51 PM [32m    LOG[39m [38;5;3m[RouterExplorer] [39m[32mMapped {/audit, GET} route[39m[38;5;3m +0ms[39m
[32m[Nest] 86484  - [39m04/13/2026, 4:08:51 PM [32m    LOG[39m [38;5;3m[RoutesResolver] [39m[32mTurnosUrgenciaController {/turnos-urgencia}:[39m[38;5;3m +0ms[39m
[32m[Nest] 86484  - [39m04/13/2026, 4:08:51 PM [32m    LOG[39m [38;5;3m[RouterExplorer] [39m[32mMapped {/turnos-urgencia, POST} route[39m[38;5;3m +0ms[39m
[32m[Nest] 86484  - [39m04/13/2026, 4:08:51 PM [32m    LOG[39m [38;5;3m[RouterExplorer] [39m[32mMapped {/turnos-urgencia, GET} route[39m[38;5;3m +0ms[39m
[32m[Nest] 86484  - [39m04/13/2026, 4:08:51 PM [32m    LOG[39m [38;5;3m[RouterExplorer] [39m[32mMapped {/turnos-urgencia/:id, GET} route[39m[38;5;3m +0ms[39m
[32m[Nest] 86484  - [39m04/13/2026, 4:08:51 PM [32m    LOG[39m [38;5;3m[RouterExplorer] [39m[32mMapped {/turnos-urgencia/:id, PATCH} route[39m[38;5;3m +0ms[39m
[32m[Nest] 86484  - [39m04/13/2026, 4:08:51 PM [32m    LOG[39m [38;5;3m[RouterExplorer] [39m[32mMapped {/turnos-urgencia/:id, DELETE} route[39m[38;5;3m +1ms[39m
[32m[Nest] 86484  - [39m04/13/2026, 4:08:51 PM [32m    LOG[39m [38;5;3m[RoutesResolver] [39m[32mViaticosController {/viaticos}:[39m[38;5;3m +0ms[39m
[32m[Nest] 86484  - [39m04/13/2026, 4:08:51 PM [32m    LOG[39m [38;5;3m[RouterExplorer] [39m[32mMapped {/viaticos, POST} route[39m[38;5;3m +0ms[39m
[32m[Nest] 86484  - [39m04/13/2026, 4:08:51 PM [32m    LOG[39m [38;5;3m[RouterExplorer] [39m[32mMapped {/viaticos, GET} route[39m[38;5;3m +0ms[39m
[32m[Nest] 86484  - [39m04/13/2026, 4:08:51 PM [32m    LOG[39m [38;5;3m[RouterExplorer] [39m[32mMapped {/viaticos/:id, GET} route[39m[38;5;3m +0ms[39m
[32m[Nest] 86484  - [39m04/13/2026, 4:08:51 PM [32m    LOG[39m [38;5;3m[RouterExplorer] [39m[32mMapped {/viaticos/:id, PATCH} route[39m[38;5;3m +0ms[39m
[32m[Nest] 86484  - [39m04/13/2026, 4:08:51 PM [32m    LOG[39m [38;5;3m[RouterExplorer] [39m[32mMapped {/viaticos/:id, DELETE} route[39m[38;5;3m +0ms[39m
[32m[Nest] 86484  - [39m04/13/2026, 4:08:51 PM [32m    LOG[39m [38;5;3m[RoutesResolver] [39m[32mAtrasosController {/atrasos}:[39m[38;5;3m +0ms[39m
[32m[Nest] 86484  - [39m04/13/2026, 4:08:51 PM [32m    LOG[39m [38;5;3m[RouterExplorer] [39m[32mMapped {/atrasos, POST} route[39m[38;5;3m +1ms[39m
[32m[Nest] 86484  - [39m04/13/2026, 4:08:51 PM [32m    LOG[39m [38;5;3m[RouterExplorer] [39m[32mMapped {/atrasos, GET} route[39m[38;5;3m +0ms[39m
[32m[Nest] 86484  - [39m04/13/2026, 4:08:51 PM [32m    LOG[39m [38;5;3m[RouterExplorer] [39m[32mMapped {/atrasos/:id, GET} route[39m[38;5;3m +0ms[39m
[32m[Nest] 86484  - [39m04/13/2026, 4:08:51 PM [32m    LOG[39m [38;5;3m[RouterExplorer] [39m[32mMapped {/atrasos/:id, PATCH} route[39m[38;5;3m +0ms[39m
[32m[Nest] 86484  - [39m04/13/2026, 4:08:51 PM [32m    LOG[39m [38;5;3m[RouterExplorer] [39m[32mMapped {/atrasos/:id, DELETE} route[39m[38;5;3m +0ms[39m
[32m[Nest] 86484  - [39m04/13/2026, 4:08:51 PM [32m    LOG[39m [38;5;3m[RoutesResolver] [39m[32mProcedimientosController {/procedimientos}:[39m[38;5;3m +0ms[39m
[32m[Nest] 86484  - [39m04/13/2026, 4:08:51 PM [32m    LOG[39m [38;5;3m[RouterExplorer] [39m[32mMapped {/procedimientos, POST} route[39m[38;5;3m +0ms[39m
[32m[Nest] 86484  - [39m04/13/2026, 4:08:51 PM [32m    LOG[39m [38;5;3m[RouterExplorer] [39m[32mMapped {/procedimientos, GET} route[39m[38;5;3m +0ms[39m
[32m[Nest] 86484  - [39m04/13/2026, 4:08:51 PM [32m    LOG[39m [38;5;3m[RouterExplorer] [39m[32mMapped {/procedimientos/:id, GET} route[39m[38;5;3m +0ms[39m
[32m[Nest] 86484  - [39m04/13/2026, 4:08:51 PM [32m    LOG[39m [38;5;3m[RouterExplorer] [39m[32mMapped {/procedimientos/:id, PATCH} route[39m[38;5;3m +0ms[39m
[32m[Nest] 86484  - [39m04/13/2026, 4:08:51 PM [32m    LOG[39m [38;5;3m[RouterExplorer] [39m[32mMapped {/procedimientos/:id, DELETE} route[39m[38;5;3m +0ms[39m
[32m[Nest] 86484  - [39m04/13/2026, 4:08:51 PM [32m    LOG[39m [38;5;3m[RoutesResolver] [39m[32mReportesController {/reportes}:[39m[38;5;3m +0ms[39m
[32m[Nest] 86484  - [39m04/13/2026, 4:08:51 PM [32m    LOG[39m [38;5;3m[RouterExplorer] [39m[32mMapped {/reportes/stats, GET} route[39m[38;5;3m +1ms[39m
[32m[Nest] 86484  - [39m04/13/2026, 4:08:51 PM [32m    LOG[39m [38;5;3m[RouterExplorer] [39m[32mMapped {/reportes/centros, GET} route[39m[38;5;3m +0ms[39m
[32m[Nest] 86484  - [39m04/13/2026, 4:08:51 PM [32m    LOG[39m [38;5;3m[NestApplication] [39m[32mNest application successfully started[39m[38;5;3m +30ms[39m
[31m[Nest] 86484  - [39m04/13/2026, 4:08:51 PM [31m  ERROR[39m [38;5;3m[NestApplication] [39m[31mError: listen EADDRINUSE: address already in use :::3000[39m[38;5;3m +1ms[39m
node:net:1937
    const ex = new UVExceptionWithHostPort(err, 'listen', address, port);
               ^

Error: listen EADDRINUSE: address already in use :::3000
    at Server.setupListenHandle [as _listen2] (node:net:1937:16)
    at listenInCluster (node:net:1994:12)
    at Server.listen (node:net:2099:7)
    at ExpressAdapter.listen (/Users/juanvidalp/Documents/REMUNERACIONES 2026/backend/node_modules/@nestjs/platform-express/adapters/express-adapter.js:115:32)
    at /Users/juanvidalp/Documents/REMUNERACIONES 2026/backend/node_modules/@nestjs/core/nest-application.js:188:30
    at new Promise (<anonymous>)
    at NestApplication.listen (/Users/juanvidalp/Documents/REMUNERACIONES 2026/backend/node_modules/@nestjs/core/nest-application.js:178:16)
    at async bootstrap (/Users/juanvidalp/Documents/REMUNERACIONES 2026/backend/src/main.ts:21:3) {
  code: 'EADDRINUSE',
  errno: -48,
  syscall: 'listen',
  address: '::',
  port: 3000
}

Node.js v22.14.0
[2J[3J[H[[90m4:10:10 PM[0m] File change detected. Starting incremental compilation...

[[90m4:10:11 PM[0m] Found 0 errors. Watching for file changes.

[32m[Nest] 86633  - [39m04/13/2026, 4:10:12 PM [32m    LOG[39m [38;5;3m[NestFactory] [39m[32mStarting Nest application...[39m
[32m[Nest] 86633  - [39m04/13/2026, 4:10:12 PM [32m    LOG[39m [38;5;3m[InstanceLoader] [39m[32mPrismaModule dependencies initialized[39m[38;5;3m +24ms[39m
[32m[Nest] 86633  - [39m04/13/2026, 4:10:12 PM [32m    LOG[39m [38;5;3m[InstanceLoader] [39m[32mAppModule dependencies initialized[39m[38;5;3m +4ms[39m
[32m[Nest] 86633  - [39m04/13/2026, 4:10:12 PM [32m    LOG[39m [38;5;3m[InstanceLoader] [39m[32mReportesModule dependencies initialized[39m[38;5;3m +2ms[39m
[32m[Nest] 86633  - [39m04/13/2026, 4:10:12 PM [32m    LOG[39m [38;5;3m[InstanceLoader] [39m[32mCentrosSaludModule dependencies initialized[39m[38;5;3m +0ms[39m
[32m[Nest] 86633  - [39m04/13/2026, 4:10:12 PM [32m    LOG[39m [38;5;3m[InstanceLoader] [39m[32mUsuariosModule dependencies initialized[39m[38;5;3m +0ms[39m
[32m[Nest] 86633  - [39m04/13/2026, 4:10:12 PM [32m    LOG[39m [38;5;3m[InstanceLoader] [39m[32mProgramasModule dependencies initialized[39m[38;5;3m +0ms[39m
[32m[Nest] 86633  - [39m04/13/2026, 4:10:12 PM [32m    LOG[39m [38;5;3m[InstanceLoader] [39m[32mPeriodosModule dependencies initialized[39m[38;5;3m +0ms[39m
[32m[Nest] 86633  - [39m04/13/2026, 4:10:12 PM [32m    LOG[39m [38;5;3m[InstanceLoader] [39m[32mConsolidadosModule dependencies initialized[39m[38;5;3m +0ms[39m
[32m[Nest] 86633  - [39m04/13/2026, 4:10:12 PM [32m    LOG[39m [38;5;3m[InstanceLoader] [39m[32mTurnosUrgenciaModule dependencies initialized[39m[38;5;3m +1ms[39m
[32m[Nest] 86633  - [39m04/13/2026, 4:10:12 PM [32m    LOG[39m [38;5;3m[InstanceLoader] [39m[32mViaticosModule dependencies initialized[39m[38;5;3m +0ms[39m
[32m[Nest] 86633  - [39m04/13/2026, 4:10:12 PM [32m    LOG[39m [38;5;3m[InstanceLoader] [39m[32mAtrasosModule dependencies initialized[39m[38;5;3m +0ms[39m
[32m[Nest] 86633  - [39m04/13/2026, 4:10:12 PM [32m    LOG[39m [38;5;3m[InstanceLoader] [39m[32mProcedimientosModule dependencies initialized[39m[38;5;3m +0ms[39m
[32m[Nest] 86633  - [39m04/13/2026, 4:10:12 PM [32m    LOG[39m [38;5;3m[InstanceLoader] [39m[32mHorasExtrasModule dependencies initialized[39m[38;5;3m +0ms[39m
[32m[Nest] 86633  - [39m04/13/2026, 4:10:12 PM [32m    LOG[39m [38;5;3m[InstanceLoader] [39m[32mFuncionariosModule dependencies initialized[39m[38;5;3m +0ms[39m
[32m[Nest] 86633  - [39m04/13/2026, 4:10:12 PM [32m    LOG[39m [38;5;3m[InstanceLoader] [39m[32mAuditModule dependencies initialized[39m[38;5;3m +0ms[39m
[32m[Nest] 86633  - [39m04/13/2026, 4:10:12 PM [32m    LOG[39m [38;5;3m[RoutesResolver] [39m[32mAppController {/}:[39m[38;5;3m +10ms[39m
[32m[Nest] 86633  - [39m04/13/2026, 4:10:12 PM [32m    LOG[39m [38;5;3m[RouterExplorer] [39m[32mMapped {/, GET} route[39m[38;5;3m +3ms[39m
[32m[Nest] 86633  - [39m04/13/2026, 4:10:12 PM [32m    LOG[39m [38;5;3m[RouterExplorer] [39m[32mMapped {/debug-routes, GET} route[39m[38;5;3m +0ms[39m
[32m[Nest] 86633  - [39m04/13/2026, 4:10:12 PM [32m    LOG[39m [38;5;3m[RoutesResolver] [39m[32mCentrosSaludController {/centros-salud}:[39m[38;5;3m +0ms[39m
[32m[Nest] 86633  - [39m04/13/2026, 4:10:12 PM [32m    LOG[39m [38;5;3m[RouterExplorer] [39m[32mMapped {/centros-salud, POST} route[39m[38;5;3m +2ms[39m
[32m[Nest] 86633  - [39m04/13/2026, 4:10:12 PM [32m    LOG[39m [38;5;3m[RouterExplorer] [39m[32mMapped {/centros-salud, GET} route[39m[38;5;3m +0ms[39m
[32m[Nest] 86633  - [39m04/13/2026, 4:10:12 PM [32m    LOG[39m [38;5;3m[RouterExplorer] [39m[32mMapped {/centros-salud/:id, GET} route[39m[38;5;3m +1ms[39m
[32m[Nest] 86633  - [39m04/13/2026, 4:10:12 PM [32m    LOG[39m [38;5;3m[RouterExplorer] [39m[32mMapped {/centros-salud/:id, PATCH} route[39m[38;5;3m +0ms[39m
[32m[Nest] 86633  - [39m04/13/2026, 4:10:12 PM [32m    LOG[39m [38;5;3m[RouterExplorer] [39m[32mMapped {/centros-salud/:id, DELETE} route[39m[38;5;3m +0ms[39m
[32m[Nest] 86633  - [39m04/13/2026, 4:10:12 PM [32m    LOG[39m [38;5;3m[RoutesResolver] [39m[32mUsuariosController {/usuarios}:[39m[38;5;3m +0ms[39m
[32m[Nest] 86633  - [39m04/13/2026, 4:10:12 PM [32m    LOG[39m [38;5;3m[RouterExplorer] [39m[32mMapped {/usuarios, POST} route[39m[38;5;3m +1ms[39m
[32m[Nest] 86633  - [39m04/13/2026, 4:10:12 PM [32m    LOG[39m [38;5;3m[RouterExplorer] [39m[32mMapped {/usuarios, GET} route[39m[38;5;3m +0ms[39m
[32m[Nest] 86633  - [39m04/13/2026, 4:10:12 PM [32m    LOG[39m [38;5;3m[RouterExplorer] [39m[32mMapped {/usuarios/:id, GET} route[39m[38;5;3m +1ms[39m
[32m[Nest] 86633  - [39m04/13/2026, 4:10:12 PM [32m    LOG[39m [38;5;3m[RouterExplorer] [39m[32mMapped {/usuarios/:id, PATCH} route[39m[38;5;3m +0ms[39m
[32m[Nest] 86633  - [39m04/13/2026, 4:10:12 PM [32m    LOG[39m [38;5;3m[RouterExplorer] [39m[32mMapped {/usuarios/:id, DELETE} route[39m[38;5;3m +0ms[39m
[32m[Nest] 86633  - [39m04/13/2026, 4:10:12 PM [32m    LOG[39m [38;5;3m[RoutesResolver] [39m[32mProgramasController {/programas}:[39m[38;5;3m +0ms[39m
[32m[Nest] 86633  - [39m04/13/2026, 4:10:12 PM [32m    LOG[39m [38;5;3m[RouterExplorer] [39m[32mMapped {/programas, POST} route[39m[38;5;3m +0ms[39m
[32m[Nest] 86633  - [39m04/13/2026, 4:10:12 PM [32m    LOG[39m [38;5;3m[RouterExplorer] [39m[32mMapped {/programas, GET} route[39m[38;5;3m +0ms[39m
[32m[Nest] 86633  - [39m04/13/2026, 4:10:12 PM [32m    LOG[39m [38;5;3m[RouterExplorer] [39m[32mMapped {/programas/:id, GET} route[39m[38;5;3m +1ms[39m
[32m[Nest] 86633  - [39m04/13/2026, 4:10:12 PM [32m    LOG[39m [38;5;3m[RouterExplorer] [39m[32mMapped {/programas/:id, PATCH} route[39m[38;5;3m +0ms[39m
[32m[Nest] 86633  - [39m04/13/2026, 4:10:12 PM [32m    LOG[39m [38;5;3m[RouterExplorer] [39m[32mMapped {/programas/:id, DELETE} route[39m[38;5;3m +0ms[39m
[32m[Nest] 86633  - [39m04/13/2026, 4:10:12 PM [32m    LOG[39m [38;5;3m[RoutesResolver] [39m[32mFuncionariosController {/funcionarios}:[39m[38;5;3m +0ms[39m
[32m[Nest] 86633  - [39m04/13/2026, 4:10:12 PM [32m    LOG[39m [38;5;3m[RouterExplorer] [39m[32mMapped {/funcionarios, POST} route[39m[38;5;3m +0ms[39m
[32m[Nest] 86633  - [39m04/13/2026, 4:10:12 PM [32m    LOG[39m [38;5;3m[RouterExplorer] [39m[32mMapped {/funcionarios/importar, POST} route[39m[38;5;3m +2ms[39m
[32m[Nest] 86633  - [39m04/13/2026, 4:10:12 PM [32m    LOG[39m [38;5;3m[RouterExplorer] [39m[32mMapped {/funcionarios, GET} route[39m[38;5;3m +1ms[39m
[32m[Nest] 86633  - [39m04/13/2026, 4:10:12 PM [32m    LOG[39m [38;5;3m[RouterExplorer] [39m[32mMapped {/funcionarios/:rut, GET} route[39m[38;5;3m +0ms[39m
[32m[Nest] 86633  - [39m04/13/2026, 4:10:12 PM [32m    LOG[39m [38;5;3m[RouterExplorer] [39m[32mMapped {/funcionarios/:rut, PATCH} route[39m[38;5;3m +0ms[39m
[32m[Nest] 86633  - [39m04/13/2026, 4:10:12 PM [32m    LOG[39m [38;5;3m[RouterExplorer] [39m[32mMapped {/funcionarios/:rut, DELETE} route[39m[38;5;3m +1ms[39m
[32m[Nest] 86633  - [39m04/13/2026, 4:10:12 PM [32m    LOG[39m [38;5;3m[RoutesResolver] [39m[32mPeriodosController {/periodos}:[39m[38;5;3m +1ms[39m
[32m[Nest] 86633  - [39m04/13/2026, 4:10:12 PM [32m    LOG[39m [38;5;3m[RouterExplorer] [39m[32mMapped {/periodos, POST} route[39m[38;5;3m +0ms[39m
[32m[Nest] 86633  - [39m04/13/2026, 4:10:12 PM [32m    LOG[39m [38;5;3m[RouterExplorer] [39m[32mMapped {/periodos, GET} route[39m[38;5;3m +0ms[39m
[32m[Nest] 86633  - [39m04/13/2026, 4:10:12 PM [32m    LOG[39m [38;5;3m[RouterExplorer] [39m[32mMapped {/periodos/:id, GET} route[39m[38;5;3m +0ms[39m
[32m[Nest] 86633  - [39m04/13/2026, 4:10:12 PM [32m    LOG[39m [38;5;3m[RouterExplorer] [39m[32mMapped {/periodos/:id, PATCH} route[39m[38;5;3m +0ms[39m
[32m[Nest] 86633  - [39m04/13/2026, 4:10:12 PM [32m    LOG[39m [38;5;3m[RouterExplorer] [39m[32mMapped {/periodos/:id, DELETE} route[39m[38;5;3m +0ms[39m
[32m[Nest] 86633  - [39m04/13/2026, 4:10:12 PM [32m    LOG[39m [38;5;3m[RoutesResolver] [39m[32mConsolidadosController {/consolidados}:[39m[38;5;3m +1ms[39m
[32m[Nest] 86633  - [39m04/13/2026, 4:10:12 PM [32m    LOG[39m [38;5;3m[RouterExplorer] [39m[32mMapped {/consolidados, POST} route[39m[38;5;3m +0ms[39m
[32m[Nest] 86633  - [39m04/13/2026, 4:10:12 PM [32m    LOG[39m [38;5;3m[RouterExplorer] [39m[32mMapped {/consolidados, GET} route[39m[38;5;3m +0ms[39m
[32m[Nest] 86633  - [39m04/13/2026, 4:10:12 PM [32m    LOG[39m [38;5;3m[RouterExplorer] [39m[32mMapped {/consolidados/:id, GET} route[39m[38;5;3m +1ms[39m
[32m[Nest] 86633  - [39m04/13/2026, 4:10:12 PM [32m    LOG[39m [38;5;3m[RouterExplorer] [39m[32mMapped {/consolidados/:id, PATCH} route[39m[38;5;3m +0ms[39m
[32m[Nest] 86633  - [39m04/13/2026, 4:10:12 PM [32m    LOG[39m [38;5;3m[RouterExplorer] [39m[32mMapped {/consolidados/:id, DELETE} route[39m[38;5;3m +0ms[39m
[32m[Nest] 86633  - [39m04/13/2026, 4:10:12 PM [32m    LOG[39m [38;5;3m[RoutesResolver] [39m[32mHorasExtrasController {/horas-extras}:[39m[38;5;3m +0ms[39m
[32m[Nest] 86633  - [39m04/13/2026, 4:10:12 PM [32m    LOG[39m [38;5;3m[RouterExplorer] [39m[32mMapped {/horas-extras, POST} route[39m[38;5;3m +0ms[39m
[32m[Nest] 86633  - [39m04/13/2026, 4:10:12 PM [32m    LOG[39m [38;5;3m[RouterExplorer] [39m[32mMapped {/horas-extras, GET} route[39m[38;5;3m +0ms[39m
[32m[Nest] 86633  - [39m04/13/2026, 4:10:12 PM [32m    LOG[39m [38;5;3m[RouterExplorer] [39m[32mMapped {/horas-extras/:id, GET} route[39m[38;5;3m +0ms[39m
[32m[Nest] 86633  - [39m04/13/2026, 4:10:12 PM [32m    LOG[39m [38;5;3m[RouterExplorer] [39m[32mMapped {/horas-extras/:id, PATCH} route[39m[38;5;3m +1ms[39m
[32m[Nest] 86633  - [39m04/13/2026, 4:10:12 PM [32m    LOG[39m [38;5;3m[RouterExplorer] [39m[32mMapped {/horas-extras/bulk/:consolidadoId, PATCH} route[39m[38;5;3m +0ms[39m
[32m[Nest] 86633  - [39m04/13/2026, 4:10:12 PM [32m    LOG[39m [38;5;3m[RouterExplorer] [39m[32mMapped {/horas-extras/:id, DELETE} route[39m[38;5;3m +0ms[39m
[32m[Nest] 86633  - [39m04/13/2026, 4:10:12 PM [32m    LOG[39m [38;5;3m[RoutesResolver] [39m[32mAuditController {/audit}:[39m[38;5;3m +0ms[39m
[32m[Nest] 86633  - [39m04/13/2026, 4:10:12 PM [32m    LOG[39m [38;5;3m[RouterExplorer] [39m[32mMapped {/audit, GET} route[39m[38;5;3m +0ms[39m
[32m[Nest] 86633  - [39m04/13/2026, 4:10:12 PM [32m    LOG[39m [38;5;3m[RoutesResolver] [39m[32mTurnosUrgenciaController {/turnos-urgencia}:[39m[38;5;3m +0ms[39m
[32m[Nest] 86633  - [39m04/13/2026, 4:10:12 PM [32m    LOG[39m [38;5;3m[RouterExplorer] [39m[32mMapped {/turnos-urgencia, POST} route[39m[38;5;3m +0ms[39m
[32m[Nest] 86633  - [39m04/13/2026, 4:10:12 PM [32m    LOG[39m [38;5;3m[RouterExplorer] [39m[32mMapped {/turnos-urgencia, GET} route[39m[38;5;3m +0ms[39m
[32m[Nest] 86633  - [39m04/13/2026, 4:10:12 PM [32m    LOG[39m [38;5;3m[RouterExplorer] [39m[32mMapped {/turnos-urgencia/:id, GET} route[39m[38;5;3m +1ms[39m
[32m[Nest] 86633  - [39m04/13/2026, 4:10:12 PM [32m    LOG[39m [38;5;3m[RouterExplorer] [39m[32mMapped {/turnos-urgencia/:id, PATCH} route[39m[38;5;3m +0ms[39m
[32m[Nest] 86633  - [39m04/13/2026, 4:10:12 PM [32m    LOG[39m [38;5;3m[RouterExplorer] [39m[32mMapped {/turnos-urgencia/:id, DELETE} route[39m[38;5;3m +0ms[39m
[32m[Nest] 86633  - [39m04/13/2026, 4:10:12 PM [32m    LOG[39m [38;5;3m[RoutesResolver] [39m[32mViaticosController {/viaticos}:[39m[38;5;3m +0ms[39m
[32m[Nest] 86633  - [39m04/13/2026, 4:10:12 PM [32m    LOG[39m [38;5;3m[RouterExplorer] [39m[32mMapped {/viaticos, POST} route[39m[38;5;3m +0ms[39m
[32m[Nest] 86633  - [39m04/13/2026, 4:10:12 PM [32m    LOG[39m [38;5;3m[RouterExplorer] [39m[32mMapped {/viaticos, GET} route[39m[38;5;3m +0ms[39m
[32m[Nest] 86633  - [39m04/13/2026, 4:10:12 PM [32m    LOG[39m [38;5;3m[RouterExplorer] [39m[32mMapped {/viaticos/:id, GET} route[39m[38;5;3m +0ms[39m
[32m[Nest] 86633  - [39m04/13/2026, 4:10:12 PM [32m    LOG[39m [38;5;3m[RouterExplorer] [39m[32mMapped {/viaticos/:id, PATCH} route[39m[38;5;3m +0ms[39m
[32m[Nest] 86633  - [39m04/13/2026, 4:10:12 PM [32m    LOG[39m [38;5;3m[RouterExplorer] [39m[32mMapped {/viaticos/:id, DELETE} route[39m[38;5;3m +0ms[39m
[32m[Nest] 86633  - [39m04/13/2026, 4:10:12 PM [32m    LOG[39m [38;5;3m[RoutesResolver] [39m[32mAtrasosController {/atrasos}:[39m[38;5;3m +1ms[39m
[32m[Nest] 86633  - [39m04/13/2026, 4:10:12 PM [32m    LOG[39m [38;5;3m[RouterExplorer] [39m[32mMapped {/atrasos, POST} route[39m[38;5;3m +0ms[39m
[32m[Nest] 86633  - [39m04/13/2026, 4:10:12 PM [32m    LOG[39m [38;5;3m[RouterExplorer] [39m[32mMapped {/atrasos, GET} route[39m[38;5;3m +0ms[39m
[32m[Nest] 86633  - [39m04/13/2026, 4:10:12 PM [32m    LOG[39m [38;5;3m[RouterExplorer] [39m[32mMapped {/atrasos/:id, GET} route[39m[38;5;3m +0ms[39m
[32m[Nest] 86633  - [39m04/13/2026, 4:10:12 PM [32m    LOG[39m [38;5;3m[RouterExplorer] [39m[32mMapped {/atrasos/:id, PATCH} route[39m[38;5;3m +0ms[39m
[32m[Nest] 86633  - [39m04/13/2026, 4:10:12 PM [32m    LOG[39m [38;5;3m[RouterExplorer] [39m[32mMapped {/atrasos/:id, DELETE} route[39m[38;5;3m +0ms[39m
[32m[Nest] 86633  - [39m04/13/2026, 4:10:12 PM [32m    LOG[39m [38;5;3m[RoutesResolver] [39m[32mProcedimientosController {/procedimientos}:[39m[38;5;3m +0ms[39m
[32m[Nest] 86633  - [39m04/13/2026, 4:10:12 PM [32m    LOG[39m [38;5;3m[RouterExplorer] [39m[32mMapped {/procedimientos, POST} route[39m[38;5;3m +0ms[39m
[32m[Nest] 86633  - [39m04/13/2026, 4:10:12 PM [32m    LOG[39m [38;5;3m[RouterExplorer] [39m[32mMapped {/procedimientos, GET} route[39m[38;5;3m +0ms[39m
[32m[Nest] 86633  - [39m04/13/2026, 4:10:12 PM [32m    LOG[39m [38;5;3m[RouterExplorer] [39m[32mMapped {/procedimientos/:id, GET} route[39m[38;5;3m +0ms[39m
[32m[Nest] 86633  - [39m04/13/2026, 4:10:12 PM [32m    LOG[39m [38;5;3m[RouterExplorer] [39m[32mMapped {/procedimientos/:id, PATCH} route[39m[38;5;3m +0ms[39m
[32m[Nest] 86633  - [39m04/13/2026, 4:10:12 PM [32m    LOG[39m [38;5;3m[RouterExplorer] [39m[32mMapped {/procedimientos/:id, DELETE} route[39m[38;5;3m +0ms[39m
[32m[Nest] 86633  - [39m04/13/2026, 4:10:12 PM [32m    LOG[39m [38;5;3m[RoutesResolver] [39m[32mReportesController {/reportes}:[39m[38;5;3m +1ms[39m
[32m[Nest] 86633  - [39m04/13/2026, 4:10:12 PM [32m    LOG[39m [38;5;3m[RouterExplorer] [39m[32mMapped {/reportes/stats, GET} route[39m[38;5;3m +0ms[39m
[32m[Nest] 86633  - [39m04/13/2026, 4:10:12 PM [32m    LOG[39m [38;5;3m[RouterExplorer] [39m[32mMapped {/reportes/centros, GET} route[39m[38;5;3m +0ms[39m
[32m[Nest] 86633  - [39m04/13/2026, 4:10:12 PM [32m    LOG[39m [38;5;3m[NestApplication] [39m[32mNest application successfully started[39m[38;5;3m +44ms[39m
[31m[Nest] 86633  - [39m04/13/2026, 4:10:12 PM [31m  ERROR[39m [38;5;3m[NestApplication] [39m[31mError: listen EADDRINUSE: address already in use :::3000[39m[38;5;3m +3ms[39m
node:net:1937
    const ex = new UVExceptionWithHostPort(err, 'listen', address, port);
               ^

Error: listen EADDRINUSE: address already in use :::3000
    at Server.setupListenHandle [as _listen2] (node:net:1937:16)
    at listenInCluster (node:net:1994:12)
    at Server.listen (node:net:2099:7)
    at ExpressAdapter.listen (/Users/juanvidalp/Documents/REMUNERACIONES 2026/backend/node_modules/@nestjs/platform-express/adapters/express-adapter.js:115:32)
    at /Users/juanvidalp/Documents/REMUNERACIONES 2026/backend/node_modules/@nestjs/core/nest-application.js:188:30
    at new Promise (<anonymous>)
    at NestApplication.listen (/Users/juanvidalp/Documents/REMUNERACIONES 2026/backend/node_modules/@nestjs/core/nest-application.js:178:16)
    at async bootstrap (/Users/juanvidalp/Documents/REMUNERACIONES 2026/backend/src/main.ts:21:3) {
  code: 'EADDRINUSE',
  errno: -48,
  syscall: 'listen',
  address: '::',
  port: 3000
}

Node.js v22.14.0
[2J[3J[H[[90m4:10:37 PM[0m] File change detected. Starting incremental compilation...

[[90m4:10:38 PM[0m] Found 0 errors. Watching for file changes.

[32m[Nest] 86692  - [39m04/13/2026, 4:10:39 PM [32m    LOG[39m [38;5;3m[NestFactory] [39m[32mStarting Nest application...[39m
[32m[Nest] 86692  - [39m04/13/2026, 4:10:39 PM [32m    LOG[39m [38;5;3m[InstanceLoader] [39m[32mPrismaModule dependencies initialized[39m[38;5;3m +16ms[39m
[32m[Nest] 86692  - [39m04/13/2026, 4:10:39 PM [32m    LOG[39m [38;5;3m[InstanceLoader] [39m[32mAppModule dependencies initialized[39m[38;5;3m +2ms[39m
[32m[Nest] 86692  - [39m04/13/2026, 4:10:39 PM [32m    LOG[39m [38;5;3m[InstanceLoader] [39m[32mReportesModule dependencies initialized[39m[38;5;3m +0ms[39m
[32m[Nest] 86692  - [39m04/13/2026, 4:10:39 PM [32m    LOG[39m [38;5;3m[InstanceLoader] [39m[32mCentrosSaludModule dependencies initialized[39m[38;5;3m +0ms[39m
[32m[Nest] 86692  - [39m04/13/2026, 4:10:39 PM [32m    LOG[39m [38;5;3m[InstanceLoader] [39m[32mUsuariosModule dependencies initialized[39m[38;5;3m +1ms[39m
[32m[Nest] 86692  - [39m04/13/2026, 4:10:39 PM [32m    LOG[39m [38;5;3m[InstanceLoader] [39m[32mProgramasModule dependencies initialized[39m[38;5;3m +0ms[39m
[32m[Nest] 86692  - [39m04/13/2026, 4:10:39 PM [32m    LOG[39m [38;5;3m[InstanceLoader] [39m[32mPeriodosModule dependencies initialized[39m[38;5;3m +0ms[39m
[32m[Nest] 86692  - [39m04/13/2026, 4:10:39 PM [32m    LOG[39m [38;5;3m[InstanceLoader] [39m[32mConsolidadosModule dependencies initialized[39m[38;5;3m +0ms[39m
[32m[Nest] 86692  - [39m04/13/2026, 4:10:39 PM [32m    LOG[39m [38;5;3m[InstanceLoader] [39m[32mTurnosUrgenciaModule dependencies initialized[39m[38;5;3m +0ms[39m
[32m[Nest] 86692  - [39m04/13/2026, 4:10:39 PM [32m    LOG[39m [38;5;3m[InstanceLoader] [39m[32mViaticosModule dependencies initialized[39m[38;5;3m +0ms[39m
[32m[Nest] 86692  - [39m04/13/2026, 4:10:39 PM [32m    LOG[39m [38;5;3m[InstanceLoader] [39m[32mAtrasosModule dependencies initialized[39m[38;5;3m +0ms[39m
[32m[Nest] 86692  - [39m04/13/2026, 4:10:39 PM [32m    LOG[39m [38;5;3m[InstanceLoader] [39m[32mProcedimientosModule dependencies initialized[39m[38;5;3m +0ms[39m
[32m[Nest] 86692  - [39m04/13/2026, 4:10:39 PM [32m    LOG[39m [38;5;3m[InstanceLoader] [39m[32mHorasExtrasModule dependencies initialized[39m[38;5;3m +0ms[39m
[32m[Nest] 86692  - [39m04/13/2026, 4:10:39 PM [32m    LOG[39m [38;5;3m[InstanceLoader] [39m[32mFuncionariosModule dependencies initialized[39m[38;5;3m +0ms[39m
[32m[Nest] 86692  - [39m04/13/2026, 4:10:39 PM [32m    LOG[39m [38;5;3m[InstanceLoader] [39m[32mAuditModule dependencies initialized[39m[38;5;3m +0ms[39m
[32m[Nest] 86692  - [39m04/13/2026, 4:10:39 PM [32m    LOG[39m [38;5;3m[RoutesResolver] [39m[32mAppController {/}:[39m[38;5;3m +4ms[39m
[32m[Nest] 86692  - [39m04/13/2026, 4:10:39 PM [32m    LOG[39m [38;5;3m[RouterExplorer] [39m[32mMapped {/, GET} route[39m[38;5;3m +3ms[39m
[32m[Nest] 86692  - [39m04/13/2026, 4:10:39 PM [32m    LOG[39m [38;5;3m[RouterExplorer] [39m[32mMapped {/debug-routes, GET} route[39m[38;5;3m +0ms[39m
[32m[Nest] 86692  - [39m04/13/2026, 4:10:39 PM [32m    LOG[39m [38;5;3m[RoutesResolver] [39m[32mCentrosSaludController {/centros-salud}:[39m[38;5;3m +0ms[39m
[32m[Nest] 86692  - [39m04/13/2026, 4:10:39 PM [32m    LOG[39m [38;5;3m[RouterExplorer] [39m[32mMapped {/centros-salud, POST} route[39m[38;5;3m +1ms[39m
[32m[Nest] 86692  - [39m04/13/2026, 4:10:39 PM [32m    LOG[39m [38;5;3m[RouterExplorer] [39m[32mMapped {/centros-salud, GET} route[39m[38;5;3m +0ms[39m
[32m[Nest] 86692  - [39m04/13/2026, 4:10:39 PM [32m    LOG[39m [38;5;3m[RouterExplorer] [39m[32mMapped {/centros-salud/:id, GET} route[39m[38;5;3m +1ms[39m
[32m[Nest] 86692  - [39m04/13/2026, 4:10:39 PM [32m    LOG[39m [38;5;3m[RouterExplorer] [39m[32mMapped {/centros-salud/:id, PATCH} route[39m[38;5;3m +0ms[39m
[32m[Nest] 86692  - [39m04/13/2026, 4:10:39 PM [32m    LOG[39m [38;5;3m[RouterExplorer] [39m[32mMapped {/centros-salud/:id, DELETE} route[39m[38;5;3m +1ms[39m
[32m[Nest] 86692  - [39m04/13/2026, 4:10:39 PM [32m    LOG[39m [38;5;3m[RoutesResolver] [39m[32mUsuariosController {/usuarios}:[39m[38;5;3m +0ms[39m
[32m[Nest] 86692  - [39m04/13/2026, 4:10:39 PM [32m    LOG[39m [38;5;3m[RouterExplorer] [39m[32mMapped {/usuarios, POST} route[39m[38;5;3m +0ms[39m
[32m[Nest] 86692  - [39m04/13/2026, 4:10:39 PM [32m    LOG[39m [38;5;3m[RouterExplorer] [39m[32mMapped {/usuarios, GET} route[39m[38;5;3m +1ms[39m
[32m[Nest] 86692  - [39m04/13/2026, 4:10:39 PM [32m    LOG[39m [38;5;3m[RouterExplorer] [39m[32mMapped {/usuarios/:id, GET} route[39m[38;5;3m +0ms[39m
[32m[Nest] 86692  - [39m04/13/2026, 4:10:39 PM [32m    LOG[39m [38;5;3m[RouterExplorer] [39m[32mMapped {/usuarios/:id, PATCH} route[39m[38;5;3m +0ms[39m
[32m[Nest] 86692  - [39m04/13/2026, 4:10:39 PM [32m    LOG[39m [38;5;3m[RouterExplorer] [39m[32mMapped {/usuarios/:id, DELETE} route[39m[38;5;3m +0ms[39m
[32m[Nest] 86692  - [39m04/13/2026, 4:10:39 PM [32m    LOG[39m [38;5;3m[RoutesResolver] [39m[32mProgramasController {/programas}:[39m[38;5;3m +0ms[39m
[32m[Nest] 86692  - [39m04/13/2026, 4:10:39 PM [32m    LOG[39m [38;5;3m[RouterExplorer] [39m[32mMapped {/programas, POST} route[39m[38;5;3m +0ms[39m
[32m[Nest] 86692  - [39m04/13/2026, 4:10:39 PM [32m    LOG[39m [38;5;3m[RouterExplorer] [39m[32mMapped {/programas, GET} route[39m[38;5;3m +0ms[39m
[32m[Nest] 86692  - [39m04/13/2026, 4:10:39 PM [32m    LOG[39m [38;5;3m[RouterExplorer] [39m[32mMapped {/programas/:id, GET} route[39m[38;5;3m +0ms[39m
[32m[Nest] 86692  - [39m04/13/2026, 4:10:39 PM [32m    LOG[39m [38;5;3m[RouterExplorer] [39m[32mMapped {/programas/:id, PATCH} route[39m[38;5;3m +0ms[39m
[32m[Nest] 86692  - [39m04/13/2026, 4:10:39 PM [32m    LOG[39m [38;5;3m[RouterExplorer] [39m[32mMapped {/programas/:id, DELETE} route[39m[38;5;3m +0ms[39m
[32m[Nest] 86692  - [39m04/13/2026, 4:10:39 PM [32m    LOG[39m [38;5;3m[RoutesResolver] [39m[32mFuncionariosController {/funcionarios}:[39m[38;5;3m +1ms[39m
[32m[Nest] 86692  - [39m04/13/2026, 4:10:39 PM [32m    LOG[39m [38;5;3m[RouterExplorer] [39m[32mMapped {/funcionarios, POST} route[39m[38;5;3m +0ms[39m
[32m[Nest] 86692  - [39m04/13/2026, 4:10:39 PM [32m    LOG[39m [38;5;3m[RouterExplorer] [39m[32mMapped {/funcionarios/importar, POST} route[39m[38;5;3m +1ms[39m
[32m[Nest] 86692  - [39m04/13/2026, 4:10:39 PM [32m    LOG[39m [38;5;3m[RouterExplorer] [39m[32mMapped {/funcionarios, GET} route[39m[38;5;3m +0ms[39m
[32m[Nest] 86692  - [39m04/13/2026, 4:10:39 PM [32m    LOG[39m [38;5;3m[RouterExplorer] [39m[32mMapped {/funcionarios/:rut, GET} route[39m[38;5;3m +0ms[39m
[32m[Nest] 86692  - [39m04/13/2026, 4:10:39 PM [32m    LOG[39m [38;5;3m[RouterExplorer] [39m[32mMapped {/funcionarios/:rut, PATCH} route[39m[38;5;3m +0ms[39m
[32m[Nest] 86692  - [39m04/13/2026, 4:10:39 PM [32m    LOG[39m [38;5;3m[RouterExplorer] [39m[32mMapped {/funcionarios/:rut, DELETE} route[39m[38;5;3m +0ms[39m
[32m[Nest] 86692  - [39m04/13/2026, 4:10:39 PM [32m    LOG[39m [38;5;3m[RoutesResolver] [39m[32mPeriodosController {/periodos}:[39m[38;5;3m +0ms[39m
[32m[Nest] 86692  - [39m04/13/2026, 4:10:39 PM [32m    LOG[39m [38;5;3m[RouterExplorer] [39m[32mMapped {/periodos, POST} route[39m[38;5;3m +1ms[39m
[32m[Nest] 86692  - [39m04/13/2026, 4:10:39 PM [32m    LOG[39m [38;5;3m[RouterExplorer] [39m[32mMapped {/periodos, GET} route[39m[38;5;3m +0ms[39m
[32m[Nest] 86692  - [39m04/13/2026, 4:10:39 PM [32m    LOG[39m [38;5;3m[RouterExplorer] [39m[32mMapped {/periodos/:id, GET} route[39m[38;5;3m +0ms[39m
[32m[Nest] 86692  - [39m04/13/2026, 4:10:39 PM [32m    LOG[39m [38;5;3m[RouterExplorer] [39m[32mMapped {/periodos/:id, PATCH} route[39m[38;5;3m +0ms[39m
[32m[Nest] 86692  - [39m04/13/2026, 4:10:39 PM [32m    LOG[39m [38;5;3m[RouterExplorer] [39m[32mMapped {/periodos/:id, DELETE} route[39m[38;5;3m +0ms[39m
[32m[Nest] 86692  - [39m04/13/2026, 4:10:39 PM [32m    LOG[39m [38;5;3m[RoutesResolver] [39m[32mConsolidadosController {/consolidados}:[39m[38;5;3m +1ms[39m
[32m[Nest] 86692  - [39m04/13/2026, 4:10:39 PM [32m    LOG[39m [38;5;3m[RouterExplorer] [39m[32mMapped {/consolidados, POST} route[39m[38;5;3m +0ms[39m
[32m[Nest] 86692  - [39m04/13/2026, 4:10:39 PM [32m    LOG[39m [38;5;3m[RouterExplorer] [39m[32mMapped {/consolidados, GET} route[39m[38;5;3m +0ms[39m
[32m[Nest] 86692  - [39m04/13/2026, 4:10:39 PM [32m    LOG[39m [38;5;3m[RouterExplorer] [39m[32mMapped {/consolidados/:id, GET} route[39m[38;5;3m +0ms[39m
[32m[Nest] 86692  - [39m04/13/2026, 4:10:39 PM [32m    LOG[39m [38;5;3m[RouterExplorer] [39m[32mMapped {/consolidados/:id, PATCH} route[39m[38;5;3m +0ms[39m
[32m[Nest] 86692  - [39m04/13/2026, 4:10:39 PM [32m    LOG[39m [38;5;3m[RouterExplorer] [39m[32mMapped {/consolidados/:id, DELETE} route[39m[38;5;3m +0ms[39m
[32m[Nest] 86692  - [39m04/13/2026, 4:10:39 PM [32m    LOG[39m [38;5;3m[RoutesResolver] [39m[32mHorasExtrasController {/horas-extras}:[39m[38;5;3m +0ms[39m
[32m[Nest] 86692  - [39m04/13/2026, 4:10:39 PM [32m    LOG[39m [38;5;3m[RouterExplorer] [39m[32mMapped {/horas-extras, POST} route[39m[38;5;3m +0ms[39m
[32m[Nest] 86692  - [39m04/13/2026, 4:10:39 PM [32m    LOG[39m [38;5;3m[RouterExplorer] [39m[32mMapped {/horas-extras, GET} route[39m[38;5;3m +0ms[39m
[32m[Nest] 86692  - [39m04/13/2026, 4:10:39 PM [32m    LOG[39m [38;5;3m[RouterExplorer] [39m[32mMapped {/horas-extras/:id, GET} route[39m[38;5;3m +1ms[39m
[32m[Nest] 86692  - [39m04/13/2026, 4:10:39 PM [32m    LOG[39m [38;5;3m[RouterExplorer] [39m[32mMapped {/horas-extras/:id, PATCH} route[39m[38;5;3m +0ms[39m
[32m[Nest] 86692  - [39m04/13/2026, 4:10:39 PM [32m    LOG[39m [38;5;3m[RouterExplorer] [39m[32mMapped {/horas-extras/bulk/:consolidadoId, PATCH} route[39m[38;5;3m +0ms[39m
[32m[Nest] 86692  - [39m04/13/2026, 4:10:39 PM [32m    LOG[39m [38;5;3m[RouterExplorer] [39m[32mMapped {/horas-extras/:id, DELETE} route[39m[38;5;3m +0ms[39m
[32m[Nest] 86692  - [39m04/13/2026, 4:10:39 PM [32m    LOG[39m [38;5;3m[RoutesResolver] [39m[32mAuditController {/audit}:[39m[38;5;3m +0ms[39m
[32m[Nest] 86692  - [39m04/13/2026, 4:10:39 PM [32m    LOG[39m [38;5;3m[RouterExplorer] [39m[32mMapped {/audit, GET} route[39m[38;5;3m +0ms[39m
[32m[Nest] 86692  - [39m04/13/2026, 4:10:39 PM [32m    LOG[39m [38;5;3m[RoutesResolver] [39m[32mTurnosUrgenciaController {/turnos-urgencia}:[39m[38;5;3m +0ms[39m
[32m[Nest] 86692  - [39m04/13/2026, 4:10:39 PM [32m    LOG[39m [38;5;3m[RouterExplorer] [39m[32mMapped {/turnos-urgencia, POST} route[39m[38;5;3m +0ms[39m
[32m[Nest] 86692  - [39m04/13/2026, 4:10:39 PM [32m    LOG[39m [38;5;3m[RouterExplorer] [39m[32mMapped {/turnos-urgencia, GET} route[39m[38;5;3m +0ms[39m
[32m[Nest] 86692  - [39m04/13/2026, 4:10:39 PM [32m    LOG[39m [38;5;3m[RouterExplorer] [39m[32mMapped {/turnos-urgencia/:id, GET} route[39m[38;5;3m +0ms[39m
[32m[Nest] 86692  - [39m04/13/2026, 4:10:39 PM [32m    LOG[39m [38;5;3m[RouterExplorer] [39m[32mMapped {/turnos-urgencia/:id, PATCH} route[39m[38;5;3m +0ms[39m
[32m[Nest] 86692  - [39m04/13/2026, 4:10:39 PM [32m    LOG[39m [38;5;3m[RouterExplorer] [39m[32mMapped {/turnos-urgencia/:id, DELETE} route[39m[38;5;3m +0ms[39m
[32m[Nest] 86692  - [39m04/13/2026, 4:10:39 PM [32m    LOG[39m [38;5;3m[RoutesResolver] [39m[32mViaticosController {/viaticos}:[39m[38;5;3m +0ms[39m
[32m[Nest] 86692  - [39m04/13/2026, 4:10:39 PM [32m    LOG[39m [38;5;3m[RouterExplorer] [39m[32mMapped {/viaticos, POST} route[39m[38;5;3m +0ms[39m
[32m[Nest] 86692  - [39m04/13/2026, 4:10:39 PM [32m    LOG[39m [38;5;3m[RouterExplorer] [39m[32mMapped {/viaticos, GET} route[39m[38;5;3m +0ms[39m
[32m[Nest] 86692  - [39m04/13/2026, 4:10:39 PM [32m    LOG[39m [38;5;3m[RouterExplorer] [39m[32mMapped {/viaticos/:id, GET} route[39m[38;5;3m +0ms[39m
[32m[Nest] 86692  - [39m04/13/2026, 4:10:39 PM [32m    LOG[39m [38;5;3m[RouterExplorer] [39m[32mMapped {/viaticos/:id, PATCH} route[39m[38;5;3m +0ms[39m
[32m[Nest] 86692  - [39m04/13/2026, 4:10:39 PM [32m    LOG[39m [38;5;3m[RouterExplorer] [39m[32mMapped {/viaticos/:id, DELETE} route[39m[38;5;3m +0ms[39m
[32m[Nest] 86692  - [39m04/13/2026, 4:10:39 PM [32m    LOG[39m [38;5;3m[RoutesResolver] [39m[32mAtrasosController {/atrasos}:[39m[38;5;3m +0ms[39m
[32m[Nest] 86692  - [39m04/13/2026, 4:10:39 PM [32m    LOG[39m [38;5;3m[RouterExplorer] [39m[32mMapped {/atrasos, POST} route[39m[38;5;3m +0ms[39m
[32m[Nest] 86692  - [39m04/13/2026, 4:10:39 PM [32m    LOG[39m [38;5;3m[RouterExplorer] [39m[32mMapped {/atrasos, GET} route[39m[38;5;3m +0ms[39m
[32m[Nest] 86692  - [39m04/13/2026, 4:10:39 PM [32m    LOG[39m [38;5;3m[RouterExplorer] [39m[32mMapped {/atrasos/:id, GET} route[39m[38;5;3m +0ms[39m
[32m[Nest] 86692  - [39m04/13/2026, 4:10:39 PM [32m    LOG[39m [38;5;3m[RouterExplorer] [39m[32mMapped {/atrasos/:id, PATCH} route[39m[38;5;3m +0ms[39m
[32m[Nest] 86692  - [39m04/13/2026, 4:10:39 PM [32m    LOG[39m [38;5;3m[RouterExplorer] [39m[32mMapped {/atrasos/:id, DELETE} route[39m[38;5;3m +0ms[39m
[32m[Nest] 86692  - [39m04/13/2026, 4:10:39 PM [32m    LOG[39m [38;5;3m[RoutesResolver] [39m[32mProcedimientosController {/procedimientos}:[39m[38;5;3m +0ms[39m
[32m[Nest] 86692  - [39m04/13/2026, 4:10:39 PM [32m    LOG[39m [38;5;3m[RouterExplorer] [39m[32mMapped {/procedimientos, POST} route[39m[38;5;3m +0ms[39m
[32m[Nest] 86692  - [39m04/13/2026, 4:10:39 PM [32m    LOG[39m [38;5;3m[RouterExplorer] [39m[32mMapped {/procedimientos, GET} route[39m[38;5;3m +0ms[39m
[32m[Nest] 86692  - [39m04/13/2026, 4:10:39 PM [32m    LOG[39m [38;5;3m[RouterExplorer] [39m[32mMapped {/procedimientos/:id, GET} route[39m[38;5;3m +0ms[39m
[32m[Nest] 86692  - [39m04/13/2026, 4:10:39 PM [32m    LOG[39m [38;5;3m[RouterExplorer] [39m[32mMapped {/procedimientos/:id, PATCH} route[39m[38;5;3m +1ms[39m
[32m[Nest] 86692  - [39m04/13/2026, 4:10:39 PM [32m    LOG[39m [38;5;3m[RouterExplorer] [39m[32mMapped {/procedimientos/:id, DELETE} route[39m[38;5;3m +0ms[39m
[32m[Nest] 86692  - [39m04/13/2026, 4:10:39 PM [32m    LOG[39m [38;5;3m[RoutesResolver] [39m[32mReportesController {/reportes}:[39m[38;5;3m +0ms[39m
[32m[Nest] 86692  - [39m04/13/2026, 4:10:39 PM [32m    LOG[39m [38;5;3m[RouterExplorer] [39m[32mMapped {/reportes/stats, GET} route[39m[38;5;3m +0ms[39m
[32m[Nest] 86692  - [39m04/13/2026, 4:10:39 PM [32m    LOG[39m [38;5;3m[RouterExplorer] [39m[32mMapped {/reportes/centros, GET} route[39m[38;5;3m +0ms[39m
[32m[Nest] 86692  - [39m04/13/2026, 4:10:39 PM [32m    LOG[39m [38;5;3m[NestApplication] [39m[32mNest application successfully started[39m[38;5;3m +28ms[39m
[31m[Nest] 86692  - [39m04/13/2026, 4:10:39 PM [31m  ERROR[39m [38;5;3m[NestApplication] [39m[31mError: listen EADDRINUSE: address already in use :::3000[39m[38;5;3m +1ms[39m
node:net:1937
    const ex = new UVExceptionWithHostPort(err, 'listen', address, port);
               ^

Error: listen EADDRINUSE: address already in use :::3000
    at Server.setupListenHandle [as _listen2] (node:net:1937:16)
    at listenInCluster (node:net:1994:12)
    at Server.listen (node:net:2099:7)
    at ExpressAdapter.listen (/Users/juanvidalp/Documents/REMUNERACIONES 2026/backend/node_modules/@nestjs/platform-express/adapters/express-adapter.js:115:32)
    at /Users/juanvidalp/Documents/REMUNERACIONES 2026/backend/node_modules/@nestjs/core/nest-application.js:188:30
    at new Promise (<anonymous>)
    at NestApplication.listen (/Users/juanvidalp/Documents/REMUNERACIONES 2026/backend/node_modules/@nestjs/core/nest-application.js:178:16)
    at async bootstrap (/Users/juanvidalp/Documents/REMUNERACIONES 2026/backend/src/main.ts:21:3) {
  code: 'EADDRINUSE',
  errno: -48,
  syscall: 'listen',
  address: '::',
  port: 3000
}

Node.js v22.14.0
[2J[3J[H[[90m4:11:57 PM[0m] File change detected. Starting incremental compilation...

[[90m4:11:58 PM[0m] Found 0 errors. Watching for file changes.

[32m[Nest] 86882  - [39m04/13/2026, 4:11:59 PM [32m    LOG[39m [38;5;3m[NestFactory] [39m[32mStarting Nest application...[39m
[32m[Nest] 86882  - [39m04/13/2026, 4:11:59 PM [32m    LOG[39m [38;5;3m[InstanceLoader] [39m[32mPrismaModule dependencies initialized[39m[38;5;3m +29ms[39m
[32m[Nest] 86882  - [39m04/13/2026, 4:11:59 PM [32m    LOG[39m [38;5;3m[InstanceLoader] [39m[32mAppModule dependencies initialized[39m[38;5;3m +2ms[39m
[32m[Nest] 86882  - [39m04/13/2026, 4:11:59 PM [32m    LOG[39m [38;5;3m[InstanceLoader] [39m[32mReportesModule dependencies initialized[39m[38;5;3m +0ms[39m
[32m[Nest] 86882  - [39m04/13/2026, 4:11:59 PM [32m    LOG[39m [38;5;3m[InstanceLoader] [39m[32mCentrosSaludModule dependencies initialized[39m[38;5;3m +0ms[39m
[32m[Nest] 86882  - [39m04/13/2026, 4:11:59 PM [32m    LOG[39m [38;5;3m[InstanceLoader] [39m[32mUsuariosModule dependencies initialized[39m[38;5;3m +0ms[39m
[32m[Nest] 86882  - [39m04/13/2026, 4:11:59 PM [32m    LOG[39m [38;5;3m[InstanceLoader] [39m[32mProgramasModule dependencies initialized[39m[38;5;3m +0ms[39m
[32m[Nest] 86882  - [39m04/13/2026, 4:11:59 PM [32m    LOG[39m [38;5;3m[InstanceLoader] [39m[32mPeriodosModule dependencies initialized[39m[38;5;3m +0ms[39m
[32m[Nest] 86882  - [39m04/13/2026, 4:11:59 PM [32m    LOG[39m [38;5;3m[InstanceLoader] [39m[32mConsolidadosModule dependencies initialized[39m[38;5;3m +0ms[39m
[32m[Nest] 86882  - [39m04/13/2026, 4:11:59 PM [32m    LOG[39m [38;5;3m[InstanceLoader] [39m[32mTurnosUrgenciaModule dependencies initialized[39m[38;5;3m +1ms[39m
[32m[Nest] 86882  - [39m04/13/2026, 4:11:59 PM [32m    LOG[39m [38;5;3m[InstanceLoader] [39m[32mViaticosModule dependencies initialized[39m[38;5;3m +0ms[39m
[32m[Nest] 86882  - [39m04/13/2026, 4:11:59 PM [32m    LOG[39m [38;5;3m[InstanceLoader] [39m[32mAtrasosModule dependencies initialized[39m[38;5;3m +0ms[39m
[32m[Nest] 86882  - [39m04/13/2026, 4:11:59 PM [32m    LOG[39m [38;5;3m[InstanceLoader] [39m[32mProcedimientosModule dependencies initialized[39m[38;5;3m +0ms[39m
[32m[Nest] 86882  - [39m04/13/2026, 4:11:59 PM [32m    LOG[39m [38;5;3m[InstanceLoader] [39m[32mHorasExtrasModule dependencies initialized[39m[38;5;3m +0ms[39m
[32m[Nest] 86882  - [39m04/13/2026, 4:11:59 PM [32m    LOG[39m [38;5;3m[InstanceLoader] [39m[32mFuncionariosModule dependencies initialized[39m[38;5;3m +0ms[39m
[32m[Nest] 86882  - [39m04/13/2026, 4:11:59 PM [32m    LOG[39m [38;5;3m[InstanceLoader] [39m[32mAuditModule dependencies initialized[39m[38;5;3m +0ms[39m
[32m[Nest] 86882  - [39m04/13/2026, 4:11:59 PM [32m    LOG[39m [38;5;3m[RoutesResolver] [39m[32mAppController {/}:[39m[38;5;3m +7ms[39m
[32m[Nest] 86882  - [39m04/13/2026, 4:11:59 PM [32m    LOG[39m [38;5;3m[RouterExplorer] [39m[32mMapped {/, GET} route[39m[38;5;3m +3ms[39m
[32m[Nest] 86882  - [39m04/13/2026, 4:11:59 PM [32m    LOG[39m [38;5;3m[RouterExplorer] [39m[32mMapped {/debug-routes, GET} route[39m[38;5;3m +1ms[39m
[32m[Nest] 86882  - [39m04/13/2026, 4:11:59 PM [32m    LOG[39m [38;5;3m[RoutesResolver] [39m[32mCentrosSaludController {/centros-salud}:[39m[38;5;3m +0ms[39m
[32m[Nest] 86882  - [39m04/13/2026, 4:11:59 PM [32m    LOG[39m [38;5;3m[RouterExplorer] [39m[32mMapped {/centros-salud, POST} route[39m[38;5;3m +0ms[39m
[32m[Nest] 86882  - [39m04/13/2026, 4:11:59 PM [32m    LOG[39m [38;5;3m[RouterExplorer] [39m[32mMapped {/centros-salud, GET} route[39m[38;5;3m +0ms[39m
[32m[Nest] 86882  - [39m04/13/2026, 4:11:59 PM [32m    LOG[39m [38;5;3m[RouterExplorer] [39m[32mMapped {/centros-salud/:id, GET} route[39m[38;5;3m +1ms[39m
[32m[Nest] 86882  - [39m04/13/2026, 4:11:59 PM [32m    LOG[39m [38;5;3m[RouterExplorer] [39m[32mMapped {/centros-salud/:id, PATCH} route[39m[38;5;3m +0ms[39m
[32m[Nest] 86882  - [39m04/13/2026, 4:11:59 PM [32m    LOG[39m [38;5;3m[RouterExplorer] [39m[32mMapped {/centros-salud/:id, DELETE} route[39m[38;5;3m +1ms[39m
[32m[Nest] 86882  - [39m04/13/2026, 4:11:59 PM [32m    LOG[39m [38;5;3m[RoutesResolver] [39m[32mUsuariosController {/usuarios}:[39m[38;5;3m +0ms[39m
[32m[Nest] 86882  - [39m04/13/2026, 4:11:59 PM [32m    LOG[39m [38;5;3m[RouterExplorer] [39m[32mMapped {/usuarios, POST} route[39m[38;5;3m +0ms[39m
[32m[Nest] 86882  - [39m04/13/2026, 4:11:59 PM [32m    LOG[39m [38;5;3m[RouterExplorer] [39m[32mMapped {/usuarios, GET} route[39m[38;5;3m +1ms[39m
[32m[Nest] 86882  - [39m04/13/2026, 4:11:59 PM [32m    LOG[39m [38;5;3m[RouterExplorer] [39m[32mMapped {/usuarios/:id, GET} route[39m[38;5;3m +0ms[39m
[32m[Nest] 86882  - [39m04/13/2026, 4:11:59 PM [32m    LOG[39m [38;5;3m[RouterExplorer] [39m[32mMapped {/usuarios/:id, PATCH} route[39m[38;5;3m +0ms[39m
[32m[Nest] 86882  - [39m04/13/2026, 4:11:59 PM [32m    LOG[39m [38;5;3m[RouterExplorer] [39m[32mMapped {/usuarios/:id, DELETE} route[39m[38;5;3m +0ms[39m
[32m[Nest] 86882  - [39m04/13/2026, 4:11:59 PM [32m    LOG[39m [38;5;3m[RoutesResolver] [39m[32mProgramasController {/programas}:[39m[38;5;3m +0ms[39m
[32m[Nest] 86882  - [39m04/13/2026, 4:11:59 PM [32m    LOG[39m [38;5;3m[RouterExplorer] [39m[32mMapped {/programas, POST} route[39m[38;5;3m +0ms[39m
[32m[Nest] 86882  - [39m04/13/2026, 4:11:59 PM [32m    LOG[39m [38;5;3m[RouterExplorer] [39m[32mMapped {/programas, GET} route[39m[38;5;3m +0ms[39m
[32m[Nest] 86882  - [39m04/13/2026, 4:11:59 PM [32m    LOG[39m [38;5;3m[RouterExplorer] [39m[32mMapped {/programas/:id, GET} route[39m[38;5;3m +0ms[39m
[32m[Nest] 86882  - [39m04/13/2026, 4:11:59 PM [32m    LOG[39m [38;5;3m[RouterExplorer] [39m[32mMapped {/programas/:id, PATCH} route[39m[38;5;3m +1ms[39m
[32m[Nest] 86882  - [39m04/13/2026, 4:11:59 PM [32m    LOG[39m [38;5;3m[RouterExplorer] [39m[32mMapped {/programas/:id, DELETE} route[39m[38;5;3m +0ms[39m
[32m[Nest] 86882  - [39m04/13/2026, 4:11:59 PM [32m    LOG[39m [38;5;3m[RoutesResolver] [39m[32mFuncionariosController {/funcionarios}:[39m[38;5;3m +0ms[39m
[32m[Nest] 86882  - [39m04/13/2026, 4:11:59 PM [32m    LOG[39m [38;5;3m[RouterExplorer] [39m[32mMapped {/funcionarios, POST} route[39m[38;5;3m +0ms[39m
[32m[Nest] 86882  - [39m04/13/2026, 4:11:59 PM [32m    LOG[39m [38;5;3m[RouterExplorer] [39m[32mMapped {/funcionarios/importar, POST} route[39m[38;5;3m +0ms[39m
[32m[Nest] 86882  - [39m04/13/2026, 4:11:59 PM [32m    LOG[39m [38;5;3m[RouterExplorer] [39m[32mMapped {/funcionarios, GET} route[39m[38;5;3m +0ms[39m
[32m[Nest] 86882  - [39m04/13/2026, 4:11:59 PM [32m    LOG[39m [38;5;3m[RouterExplorer] [39m[32mMapped {/funcionarios/:rut, GET} route[39m[38;5;3m +0ms[39m
[32m[Nest] 86882  - [39m04/13/2026, 4:11:59 PM [32m    LOG[39m [38;5;3m[RouterExplorer] [39m[32mMapped {/funcionarios/:rut, PATCH} route[39m[38;5;3m +0ms[39m
[32m[Nest] 86882  - [39m04/13/2026, 4:11:59 PM [32m    LOG[39m [38;5;3m[RouterExplorer] [39m[32mMapped {/funcionarios/:rut, DELETE} route[39m[38;5;3m +0ms[39m
[32m[Nest] 86882  - [39m04/13/2026, 4:11:59 PM [32m    LOG[39m [38;5;3m[RoutesResolver] [39m[32mPeriodosController {/periodos}:[39m[38;5;3m +0ms[39m
[32m[Nest] 86882  - [39m04/13/2026, 4:11:59 PM [32m    LOG[39m [38;5;3m[RouterExplorer] [39m[32mMapped {/periodos, POST} route[39m[38;5;3m +0ms[39m
[32m[Nest] 86882  - [39m04/13/2026, 4:11:59 PM [32m    LOG[39m [38;5;3m[RouterExplorer] [39m[32mMapped {/periodos, GET} route[39m[38;5;3m +0ms[39m
[32m[Nest] 86882  - [39m04/13/2026, 4:11:59 PM [32m    LOG[39m [38;5;3m[RouterExplorer] [39m[32mMapped {/periodos/:id, GET} route[39m[38;5;3m +0ms[39m
[32m[Nest] 86882  - [39m04/13/2026, 4:11:59 PM [32m    LOG[39m [38;5;3m[RouterExplorer] [39m[32mMapped {/periodos/:id, PATCH} route[39m[38;5;3m +0ms[39m
[32m[Nest] 86882  - [39m04/13/2026, 4:11:59 PM [32m    LOG[39m [38;5;3m[RouterExplorer] [39m[32mMapped {/periodos/:id, DELETE} route[39m[38;5;3m +0ms[39m
[32m[Nest] 86882  - [39m04/13/2026, 4:11:59 PM [32m    LOG[39m [38;5;3m[RoutesResolver] [39m[32mConsolidadosController {/consolidados}:[39m[38;5;3m +0ms[39m
[32m[Nest] 86882  - [39m04/13/2026, 4:11:59 PM [32m    LOG[39m [38;5;3m[RouterExplorer] [39m[32mMapped {/consolidados, POST} route[39m[38;5;3m +0ms[39m
[32m[Nest] 86882  - [39m04/13/2026, 4:11:59 PM [32m    LOG[39m [38;5;3m[RouterExplorer] [39m[32mMapped {/consolidados, GET} route[39m[38;5;3m +0ms[39m
[32m[Nest] 86882  - [39m04/13/2026, 4:11:59 PM [32m    LOG[39m [38;5;3m[RouterExplorer] [39m[32mMapped {/consolidados/:id, GET} route[39m[38;5;3m +0ms[39m
[32m[Nest] 86882  - [39m04/13/2026, 4:11:59 PM [32m    LOG[39m [38;5;3m[RouterExplorer] [39m[32mMapped {/consolidados/:id, PATCH} route[39m[38;5;3m +0ms[39m
[32m[Nest] 86882  - [39m04/13/2026, 4:11:59 PM [32m    LOG[39m [38;5;3m[RouterExplorer] [39m[32mMapped {/consolidados/:id, DELETE} route[39m[38;5;3m +0ms[39m
[32m[Nest] 86882  - [39m04/13/2026, 4:11:59 PM [32m    LOG[39m [38;5;3m[RoutesResolver] [39m[32mHorasExtrasController {/horas-extras}:[39m[38;5;3m +0ms[39m
[32m[Nest] 86882  - [39m04/13/2026, 4:11:59 PM [32m    LOG[39m [38;5;3m[RouterExplorer] [39m[32mMapped {/horas-extras, POST} route[39m[38;5;3m +0ms[39m
[32m[Nest] 86882  - [39m04/13/2026, 4:11:59 PM [32m    LOG[39m [38;5;3m[RouterExplorer] [39m[32mMapped {/horas-extras, GET} route[39m[38;5;3m +0ms[39m
[32m[Nest] 86882  - [39m04/13/2026, 4:11:59 PM [32m    LOG[39m [38;5;3m[RouterExplorer] [39m[32mMapped {/horas-extras/:id, GET} route[39m[38;5;3m +1ms[39m
[32m[Nest] 86882  - [39m04/13/2026, 4:11:59 PM [32m    LOG[39m [38;5;3m[RouterExplorer] [39m[32mMapped {/horas-extras/:id, PATCH} route[39m[38;5;3m +0ms[39m
[32m[Nest] 86882  - [39m04/13/2026, 4:11:59 PM [32m    LOG[39m [38;5;3m[RouterExplorer] [39m[32mMapped {/horas-extras/bulk/:consolidadoId, PATCH} route[39m[38;5;3m +0ms[39m
[32m[Nest] 86882  - [39m04/13/2026, 4:11:59 PM [32m    LOG[39m [38;5;3m[RouterExplorer] [39m[32mMapped {/horas-extras/:id, DELETE} route[39m[38;5;3m +0ms[39m
[32m[Nest] 86882  - [39m04/13/2026, 4:11:59 PM [32m    LOG[39m [38;5;3m[RoutesResolver] [39m[32mAuditController {/audit}:[39m[38;5;3m +0ms[39m
[32m[Nest] 86882  - [39m04/13/2026, 4:11:59 PM [32m    LOG[39m [38;5;3m[RouterExplorer] [39m[32mMapped {/audit, GET} route[39m[38;5;3m +0ms[39m
[32m[Nest] 86882  - [39m04/13/2026, 4:11:59 PM [32m    LOG[39m [38;5;3m[RoutesResolver] [39m[32mTurnosUrgenciaController {/turnos-urgencia}:[39m[38;5;3m +0ms[39m
[32m[Nest] 86882  - [39m04/13/2026, 4:11:59 PM [32m    LOG[39m [38;5;3m[RouterExplorer] [39m[32mMapped {/turnos-urgencia, POST} route[39m[38;5;3m +0ms[39m
[32m[Nest] 86882  - [39m04/13/2026, 4:11:59 PM [32m    LOG[39m [38;5;3m[RouterExplorer] [39m[32mMapped {/turnos-urgencia, GET} route[39m[38;5;3m +0ms[39m
[32m[Nest] 86882  - [39m04/13/2026, 4:11:59 PM [32m    LOG[39m [38;5;3m[RouterExplorer] [39m[32mMapped {/turnos-urgencia/:id, GET} route[39m[38;5;3m +0ms[39m
[32m[Nest] 86882  - [39m04/13/2026, 4:11:59 PM [32m    LOG[39m [38;5;3m[RouterExplorer] [39m[32mMapped {/turnos-urgencia/:id, PATCH} route[39m[38;5;3m +0ms[39m
[32m[Nest] 86882  - [39m04/13/2026, 4:11:59 PM [32m    LOG[39m [38;5;3m[RouterExplorer] [39m[32mMapped {/turnos-urgencia/:id, DELETE} route[39m[38;5;3m +0ms[39m
[32m[Nest] 86882  - [39m04/13/2026, 4:11:59 PM [32m    LOG[39m [38;5;3m[RoutesResolver] [39m[32mViaticosController {/viaticos}:[39m[38;5;3m +0ms[39m
[32m[Nest] 86882  - [39m04/13/2026, 4:11:59 PM [32m    LOG[39m [38;5;3m[RouterExplorer] [39m[32mMapped {/viaticos, POST} route[39m[38;5;3m +0ms[39m
[32m[Nest] 86882  - [39m04/13/2026, 4:11:59 PM [32m    LOG[39m [38;5;3m[RouterExplorer] [39m[32mMapped {/viaticos, GET} route[39m[38;5;3m +0ms[39m
[32m[Nest] 86882  - [39m04/13/2026, 4:11:59 PM [32m    LOG[39m [38;5;3m[RouterExplorer] [39m[32mMapped {/viaticos/:id, GET} route[39m[38;5;3m +0ms[39m
[32m[Nest] 86882  - [39m04/13/2026, 4:11:59 PM [32m    LOG[39m [38;5;3m[RouterExplorer] [39m[32mMapped {/viaticos/:id, PATCH} route[39m[38;5;3m +0ms[39m
[32m[Nest] 86882  - [39m04/13/2026, 4:11:59 PM [32m    LOG[39m [38;5;3m[RouterExplorer] [39m[32mMapped {/viaticos/:id, DELETE} route[39m[38;5;3m +0ms[39m
[32m[Nest] 86882  - [39m04/13/2026, 4:11:59 PM [32m    LOG[39m [38;5;3m[RoutesResolver] [39m[32mAtrasosController {/atrasos}:[39m[38;5;3m +0ms[39m
[32m[Nest] 86882  - [39m04/13/2026, 4:11:59 PM [32m    LOG[39m [38;5;3m[RouterExplorer] [39m[32mMapped {/atrasos, POST} route[39m[38;5;3m +0ms[39m
[32m[Nest] 86882  - [39m04/13/2026, 4:11:59 PM [32m    LOG[39m [38;5;3m[RouterExplorer] [39m[32mMapped {/atrasos, GET} route[39m[38;5;3m +0ms[39m
[32m[Nest] 86882  - [39m04/13/2026, 4:11:59 PM [32m    LOG[39m [38;5;3m[RouterExplorer] [39m[32mMapped {/atrasos/:id, GET} route[39m[38;5;3m +1ms[39m
[32m[Nest] 86882  - [39m04/13/2026, 4:11:59 PM [32m    LOG[39m [38;5;3m[RouterExplorer] [39m[32mMapped {/atrasos/:id, PATCH} route[39m[38;5;3m +0ms[39m
[32m[Nest] 86882  - [39m04/13/2026, 4:11:59 PM [32m    LOG[39m [38;5;3m[RouterExplorer] [39m[32mMapped {/atrasos/:id, DELETE} route[39m[38;5;3m +0ms[39m
[32m[Nest] 86882  - [39m04/13/2026, 4:11:59 PM [32m    LOG[39m [38;5;3m[RoutesResolver] [39m[32mProcedimientosController {/procedimientos}:[39m[38;5;3m +0ms[39m
[32m[Nest] 86882  - [39m04/13/2026, 4:11:59 PM [32m    LOG[39m [38;5;3m[RouterExplorer] [39m[32mMapped {/procedimientos, POST} route[39m[38;5;3m +0ms[39m
[32m[Nest] 86882  - [39m04/13/2026, 4:11:59 PM [32m    LOG[39m [38;5;3m[RouterExplorer] [39m[32mMapped {/procedimientos, GET} route[39m[38;5;3m +0ms[39m
[32m[Nest] 86882  - [39m04/13/2026, 4:11:59 PM [32m    LOG[39m [38;5;3m[RouterExplorer] [39m[32mMapped {/procedimientos/:id, GET} route[39m[38;5;3m +0ms[39m
[32m[Nest] 86882  - [39m04/13/2026, 4:11:59 PM [32m    LOG[39m [38;5;3m[RouterExplorer] [39m[32mMapped {/procedimientos/:id, PATCH} route[39m[38;5;3m +0ms[39m
[32m[Nest] 86882  - [39m04/13/2026, 4:11:59 PM [32m    LOG[39m [38;5;3m[RouterExplorer] [39m[32mMapped {/procedimientos/:id, DELETE} route[39m[38;5;3m +0ms[39m
[32m[Nest] 86882  - [39m04/13/2026, 4:11:59 PM [32m    LOG[39m [38;5;3m[RoutesResolver] [39m[32mReportesController {/reportes}:[39m[38;5;3m +0ms[39m
[32m[Nest] 86882  - [39m04/13/2026, 4:11:59 PM [32m    LOG[39m [38;5;3m[RouterExplorer] [39m[32mMapped {/reportes/stats, GET} route[39m[38;5;3m +1ms[39m
[32m[Nest] 86882  - [39m04/13/2026, 4:11:59 PM [32m    LOG[39m [38;5;3m[RouterExplorer] [39m[32mMapped {/reportes/centros, GET} route[39m[38;5;3m +0ms[39m
[32m[Nest] 86882  - [39m04/13/2026, 4:11:59 PM [32m    LOG[39m [38;5;3m[NestApplication] [39m[32mNest application successfully started[39m[38;5;3m +14ms[39m
[31m[Nest] 86882  - [39m04/13/2026, 4:11:59 PM [31m  ERROR[39m [38;5;3m[NestApplication] [39m[31mError: listen EADDRINUSE: address already in use :::3000[39m[38;5;3m +0ms[39m
node:net:1937
    const ex = new UVExceptionWithHostPort(err, 'listen', address, port);
               ^

Error: listen EADDRINUSE: address already in use :::3000
    at Server.setupListenHandle [as _listen2] (node:net:1937:16)
    at listenInCluster (node:net:1994:12)
    at Server.listen (node:net:2099:7)
    at ExpressAdapter.listen (/Users/juanvidalp/Documents/REMUNERACIONES 2026/backend/node_modules/@nestjs/platform-express/adapters/express-adapter.js:115:32)
    at /Users/juanvidalp/Documents/REMUNERACIONES 2026/backend/node_modules/@nestjs/core/nest-application.js:188:30
    at new Promise (<anonymous>)
    at NestApplication.listen (/Users/juanvidalp/Documents/REMUNERACIONES 2026/backend/node_modules/@nestjs/core/nest-application.js:178:16)
    at async bootstrap (/Users/juanvidalp/Documents/REMUNERACIONES 2026/backend/src/main.ts:21:3) {
  code: 'EADDRINUSE',
  errno: -48,
  syscall: 'listen',
  address: '::',
  port: 3000
}

Node.js v22.14.0
